county_fips,county_name,cbsa_code,cbsa_title,cbsa_type,central_outlying,csa_code,csa_title,delineation_year
01001,Autauga County,33860,"Montgomery, AL",Metropolitan Statistical Area,Central,388,"Montgomery-Selma, AL",2023
01003,Baldwin County,19300,"Daphne-Fairhope-Foley, AL",Metropolitan Statistical Area,Central,380,"Mobile-Daphne-Fairhope, AL",2023
01005,Barbour County,21640,"Eufaula, AL-GA",Micropolitan Statistical Area,Central,,,2023
01007,Bibb County,13820,"Birmingham, AL",Metropolitan Statistical Area,Outlying,142,"Birmingham-Cullman-Talladega, AL",2023
01009,Blount County,13820,"Birmingham, AL",Metropolitan Statistical Area,Outlying,142,"Birmingham-Cullman-Talladega, AL",2023
01011,Bullock County,,,,,,,2023
01013,Butler County,,,,,,,2023
01015,Calhoun County,11500,"Anniston-Oxford, AL",Metropolitan Statistical Area,Central,,,2023
01017,Chambers County,29300,"LaGrange, GA-AL",Micropolitan Statistical Area,Outlying,122,"Atlanta--Athens-Clarke County--Sandy Springs, GA-AL",2023
01019,Cherokee County,,,,,,,2023
01021,Chilton County,13820,"Birmingham, AL",Metropolitan Statistical Area,Outlying,142,"Birmingham-Cullman-Talladega, AL",2023
01023,Choctaw County,,,,,,,2023
01025,Clarke County,,,,,,,2023
01027,Clay County,,,,,,,2023
01029,Cleburne County,,,,,,,2023
01031,Coffee County,21460,"Enterprise, AL",Micropolitan Statistical Area,Central,222,"Dothan-Enterprise-Ozark, AL",2023
01033,Colbert County,22520,"Florence-Muscle Shoals, AL",Metropolitan Statistical Area,Central,250,"Florence-Muscle Shoals-Russellville, AL",2023
01035,Conecuh County,,,,,,,2023
01037,Coosa County,45180,"Talladega-Sylacauga, AL",Micropolitan Statistical Area,Outlying,142,"Birmingham-Cullman-Talladega, AL",2023
01039,Covington County,,,,,,,2023
01041,Crenshaw County,,,,,,,2023
01043,Cullman County,18980,"Cullman, AL",Micropolitan Statistical Area,Central,142,"Birmingham-Cullman-Talladega, AL",2023
01045,Dale County,37120,"Ozark, AL",Micropolitan Statistical Area,Central,222,"Dothan-Enterprise-Ozark, AL",2023
01047,Dallas County,42820,"Selma, AL",Micropolitan Statistical Area,Central,388,"Montgomery-Selma, AL",2023
01049,DeKalb County,22840,"Fort Payne, AL",Micropolitan Statistical Area,Central,290,"Huntsville-Decatur-Albertville, AL-TN",2023
01051,Elmore County,33860,"Montgomery, AL",Metropolitan Statistical Area,Central,388,"Montgomery-Selma, AL",2023
01053,Escambia County,,,,,,,2023
01055,Etowah County,23460,"Gadsden, AL",Metropolitan Statistical Area,Central,,,2023
01057,Fayette County,,,,,,,2023
01059,Franklin County,40770,"Russellville, AL",Micropolitan Statistical Area,Central,250,"Florence-Muscle Shoals-Russellville, AL",2023
01061,Geneva County,20020,"Dothan, AL",Metropolitan Statistical Area,Outlying,222,"Dothan-Enterprise-Ozark, AL",2023
01063,Greene County,46220,"Tuscaloosa, AL",Metropolitan Statistical Area,Outlying,,,2023
01065,Hale County,46220,"Tuscaloosa, AL",Metropolitan Statistical Area,Outlying,,,2023
01067,Henry County,20020,"Dothan, AL",Metropolitan Statistical Area,Outlying,222,"Dothan-Enterprise-Ozark, AL",2023
01069,Houston County,20020,"Dothan, AL",Metropolitan Statistical Area,Central,222,"Dothan-Enterprise-Ozark, AL",2023
01071,Jackson County,42460,"Scottsboro, AL",Micropolitan Statistical Area,Central,174,"Chattanooga-Cleveland-Dalton, TN-GA-AL",2023
01073,Jefferson County,13820,"Birmingham, AL",Metropolitan Statistical Area,Central,142,"Birmingham-Cullman-Talladega, AL",2023
01075,Lamar County,,,,,,,2023
01077,Lauderdale County,22520,"Florence-Muscle Shoals, AL",Metropolitan Statistical Area,Central,250,"Florence-Muscle Shoals-Russellville, AL",2023
01079,Lawrence County,19460,"Decatur, AL",Metropolitan Statistical Area,Outlying,290,"Huntsville-Decatur-Albertville, AL-TN",2023
01081,Lee County,12220,"Auburn-Opelika, AL",Metropolitan Statistical Area,Central,194,"Columbus-Auburn-Opelika, GA-AL",2023
01083,Limestone County,26620,"Huntsville, AL",Metropolitan Statistical Area,Central,290,"Huntsville-Decatur-Albertville, AL-TN",2023
01085,Lowndes County,33860,"Montgomery, AL",Metropolitan Statistical Area,Outlying,388,"Montgomery-Selma, AL",2023
01087,Macon County,12220,"Auburn-Opelika, AL",Metropolitan Statistical Area,Outlying,194,"Columbus-Auburn-Opelika, GA-AL",2023
01089,Madison County,26620,"Huntsville, AL",Metropolitan Statistical Area,Central,290,"Huntsville-Decatur-Albertville, AL-TN",2023
01091,Marengo County,,,,,,,2023
01093,Marion County,,,,,,,2023
01095,Marshall County,10700,"Albertville, AL",Micropolitan Statistical Area,Central,290,"Huntsville-Decatur-Albertville, AL-TN",2023
01097,Mobile County,33660,"Mobile, AL",Metropolitan Statistical Area,Central,380,"Mobile-Daphne-Fairhope, AL",2023
01099,Monroe County,,,,,,,2023
01101,Montgomery County,33860,"Montgomery, AL",Metropolitan Statistical Area,Central,388,"Montgomery-Selma, AL",2023
01103,Morgan County,19460,"Decatur, AL",Metropolitan Statistical Area,Central,290,"Huntsville-Decatur-Albertville, AL-TN",2023
01105,Perry County,,,,,,,2023
01107,Pickens County,46220,"Tuscaloosa, AL",Metropolitan Statistical Area,Outlying,,,2023
01109,Pike County,45980,"Troy, AL",Micropolitan Statistical Area,Central,,,2023
01111,Randolph County,,,,,,,2023
01113,Russell County,17980,"Columbus, GA-AL",Metropolitan Statistical Area,Central,194,"Columbus-Auburn-Opelika, GA-AL",2023
01115,St. Clair County,13820,"Birmingham, AL",Metropolitan Statistical Area,Central,142,"Birmingham-Cullman-Talladega, AL",2023
01117,Shelby County,13820,"Birmingham, AL",Metropolitan Statistical Area,Central,142,"Birmingham-Cullman-Talladega, AL",2023
01119,Sumter County,,,,,,,2023
01121,Talladega County,45180,"Talladega-Sylacauga, AL",Micropolitan Statistical Area,Central,142,"Birmingham-Cullman-Talladega, AL",2023
01123,Tallapoosa County,10760,"Alexander City, AL",Micropolitan Statistical Area,Central,194,"Columbus-Auburn-Opelika, GA-AL",2023
01125,Tuscaloosa County,46220,"Tuscaloosa, AL",Metropolitan Statistical Area,Central,,,2023
01127,Walker County,13820,"Birmingham, AL",Metropolitan Statistical Area,Outlying,142,"Birmingham-Cullman-Talladega, AL",2023
01129,Washington County,,,,,,,2023
01131,Wilcox County,,,,,,,2023
01133,Winston County,,,,,,,2023
02013,Aleutians East Borough,,,,,,,2023
02016,Aleutians West Census Area,,,,,,,2023
02020,Anchorage Municipality,11260,"Anchorage, AK",Metropolitan Statistical Area,Central,,,2023
02050,Bethel Census Area,,,,,,,2023
02060,Bristol Bay Borough,,,,,,,2023
02063,Chugach Census Area,,,,,,,2023
02068,Denali Borough,,,,,,,2023
02070,Dillingham Census Area,,,,,,,2023
02090,Fairbanks North Star Borough,21820,"Fairbanks-College, AK",Metropolitan Statistical Area,Central,,,2023
02100,Haines Borough,,,,,,,2023
02105,Hoonah-Angoon Census Area,,,,,,,2023
02110,Juneau City and Borough,27940,"Juneau, AK",Micropolitan Statistical Area,Central,,,2023
02122,Kenai Peninsula Borough,,,,,,,2023
02130,Ketchikan Gateway Borough,28540,"Ketchikan, AK",Micropolitan Statistical Area,Central,,,2023
02150,Kodiak Island Borough,,,,,,,2023
02158,Kusilvak Census Area,,,,,,,2023
02164,Lake and Peninsula Borough,,,,,,,2023
02170,Matanuska-Susitna Borough,11260,"Anchorage, AK",Metropolitan Statistical Area,Outlying,,,2023
02180,Nome Census Area,,,,,,,2023
02185,North Slope Borough,,,,,,,2023
02188,Northwest Arctic Borough,,,,,,,2023
02195,Petersburg Borough,,,,,,,2023
02198,Prince of Wales-Hyder Census Area,,,,,,,2023
02220,Sitka City and Borough,,,,,,,2023
02230,Skagway Municipality,,,,,,,2023
02240,Southeast Fairbanks Census Area,,,,,,,2023
02275,Wrangell City and Borough,,,,,,,2023
02282,Yakutat City and Borough,,,,,,,2023
02290,Yukon-Koyukuk Census Area,,,,,,,2023
04001,Apache County,,,,,,,2023
04003,Cochise County,43420,"Sierra Vista-Douglas, AZ",Metropolitan Statistical Area,Central,,,2023
04005,Coconino County,22380,"Flagstaff, AZ",Metropolitan Statistical Area,Central,,,2023
04007,Gila County,37740,"Payson, AZ",Micropolitan Statistical Area,Central,429,"Phoenix-Mesa, AZ",2023
04009,Graham County,40940,"Safford, AZ",Micropolitan Statistical Area,Central,,,2023
04011,Greenlee County,,,,,,,2023
04012,La Paz County,,,,,,,2023
04013,Maricopa County,38060,"Phoenix-Mesa-Chandler, AZ",Metropolitan Statistical Area,Central,429,"Phoenix-Mesa, AZ",2023
04015,Mohave County,29420,"Lake Havasu City-Kingman, AZ",Metropolitan Statistical Area,Central,,,2023
04017,Navajo County,43320,"Show Low, AZ",Micropolitan Statistical Area,Central,,,2023
04019,Pima County,46060,"Tucson, AZ",Metropolitan Statistical Area,Central,536,"Tucson-Nogales, AZ",2023
04021,Pinal County,38060,"Phoenix-Mesa-Chandler, AZ",Metropolitan Statistical Area,Central,429,"Phoenix-Mesa, AZ",2023
04023,Santa Cruz County,35700,"Nogales, AZ",Micropolitan Statistical Area,Central,536,"Tucson-Nogales, AZ",2023
04025,Yavapai County,39150,"Prescott Valley-Prescott, AZ",Metropolitan Statistical Area,Central,,,2023
04027,Yuma County,49740,"Yuma, AZ",Metropolitan Statistical Area,Central,,,2023
05001,Arkansas County,,,,,,,2023
05003,Ashley County,,,,,,,2023
05005,Baxter County,34260,"Mountain Home, AR",Micropolitan Statistical Area,Central,,,2023
05007,Benton County,22220,"Fayetteville-Springdale-Rogers, AR",Metropolitan Statistical Area,Central,,,2023
05009,Boone County,25460,"Harrison, AR",Micropolitan Statistical Area,Central,,,2023
05011,Bradley County,,,,,,,2023
05013,Calhoun County,15780,"Camden, AR",Micropolitan Statistical Area,Outlying,,,2023
05015,Carroll County,,,,,,,2023
05017,Chicot County,,,,,,,2023
05019,Clark County,11660,"Arkadelphia, AR",Micropolitan Statistical Area,Central,,,2023
05021,Clay County,,,,,,,2023
05023,Cleburne County,,,,,,,2023
05025,Cleveland County,38220,"Pine Bluff, AR",Micropolitan Statistical Area,Outlying,340,"Little Rock-North Little Rock, AR",2023
05027,Columbia County,31620,"Magnolia, AR",Micropolitan Statistical Area,Central,,,2023
05029,Conway County,,,,,,,2023
05031,Craighead County,27860,"Jonesboro, AR",Metropolitan Statistical Area,Central,308,"Jonesboro-Paragould, AR",2023
05033,Crawford County,22900,"Fort Smith, AR-OK",Metropolitan Statistical Area,Central,,,2023
05035,Crittenden County,32820,"Memphis, TN-MS-AR",Metropolitan Statistical Area,Central,368,"Memphis-Clarksdale-Forrest City, TN-MS-AR",2023
05037,Cross County,,,,,,,2023
05039,Dallas County,,,,,,,2023
05041,Desha County,,,,,,,2023
05043,Drew County,,,,,,,2023
05045,Faulkner County,30780,"Little Rock-North Little Rock-Conway, AR",Metropolitan Statistical Area,Outlying,340,"Little Rock-North Little Rock, AR",2023
05047,Franklin County,,,,,,,2023
05049,Fulton County,,,,,,,2023
05051,Garland County,26300,"Hot Springs, AR",Metropolitan Statistical Area,Central,284,"Hot Springs-Malvern, AR",2023
05053,Grant County,30780,"Little Rock-North Little Rock-Conway, AR",Metropolitan Statistical Area,Outlying,340,"Little Rock-North Little Rock, AR",2023
05055,Greene County,37500,"Paragould, AR",Micropolitan Statistical Area,Central,308,"Jonesboro-Paragould, AR",2023
05057,Hempstead County,,,,,,,2023
05059,Hot Spring County,31680,"Malvern, AR",Micropolitan Statistical Area,Central,284,"Hot Springs-Malvern, AR",2023
05061,Howard County,,,,,,,2023
05063,Independence County,12900,"Batesville, AR",Micropolitan Statistical Area,Central,,,2023
05065,Izard County,,,,,,,2023
05067,Jackson County,,,,,,,2023
05069,Jefferson County,38220,"Pine Bluff, AR",Micropolitan Statistical Area,Central,340,"Little Rock-North Little Rock, AR",2023
05071,Johnson County,,,,,,,2023
05073,Lafayette County,,,,,,,2023
05075,Lawrence County,,,,,,,2023
05077,Lee County,,,,,,,2023
05079,Lincoln County,,,,,,,2023
05081,Little River County,45500,"Texarkana, TX-AR",Metropolitan Statistical Area,Outlying,,,2023
05083,Logan County,,,,,,,2023
05085,Lonoke County,30780,"Little Rock-North Little Rock-Conway, AR",Metropolitan Statistical Area,Central,340,"Little Rock-North Little Rock, AR",2023
05087,Madison County,22220,"Fayetteville-Springdale-Rogers, AR",Metropolitan Statistical Area,Outlying,,,2023
05089,Marion County,,,,,,,2023
05091,Miller County,45500,"Texarkana, TX-AR",Metropolitan Statistical Area,Central,,,2023
05093,Mississippi County,14180,"Blytheville, AR",Micropolitan Statistical Area,Central,,,2023
05095,Monroe County,,,,,,,2023
05097,Montgomery County,,,,,,,2023
05099,Nevada County,,,,,,,2023
05101,Newton County,25460,"Harrison, AR",Micropolitan Statistical Area,Outlying,,,2023
05103,Ouachita County,15780,"Camden, AR",Micropolitan Statistical Area,Central,,,2023
05105,Perry County,30780,"Little Rock-North Little Rock-Conway, AR",Metropolitan Statistical Area,Outlying,340,"Little Rock-North Little Rock, AR",2023
05107,Phillips County,,,,,,,2023
05109,Pike County,,,,,,,2023
05111,Poinsett County,27860,"Jonesboro, AR",Metropolitan Statistical Area,Outlying,308,"Jonesboro-Paragould, AR",2023
05113,Polk County,,,,,,,2023
05115,Pope County,40780,"Russellville, AR",Micropolitan Statistical Area,Central,,,2023
05117,Prairie County,,,,,,,2023
05119,Pulaski County,30780,"Little Rock-North Little Rock-Conway, AR",Metropolitan Statistical Area,Central,340,"Little Rock-North Little Rock, AR",2023
05121,Randolph County,,,,,,,2023
05123,St. Francis County,22620,"Forrest City, AR",Micropolitan Statistical Area,Central,368,"Memphis-Clarksdale-Forrest City, TN-MS-AR",2023
05125,Saline County,30780,"Little Rock-North Little Rock-Conway, AR",Metropolitan Statistical Area,Central,340,"Little Rock-North Little Rock, AR",2023
05127,Scott County,,,,,,,2023
05129,Searcy County,,,,,,,2023
05131,Sebastian County,22900,"Fort Smith, AR-OK",Metropolitan Statistical Area,Central,,,2023
05133,Sevier County,,,,,,,2023
05135,Sharp County,,,,,,,2023
05137,Stone County,,,,,,,2023
05139,Union County,20980,"El Dorado, AR",Micropolitan Statistical Area,Central,,,2023
05141,Van Buren County,,,,,,,2023
05143,Washington County,22220,"Fayetteville-Springdale-Rogers, AR",Metropolitan Statistical Area,Central,,,2023
05145,White County,42620,"Searcy, AR",Micropolitan Statistical Area,Central,340,"Little Rock-North Little Rock, AR",2023
05147,Woodruff County,,,,,,,2023
05149,Yell County,40780,"Russellville, AR",Micropolitan Statistical Area,Outlying,,,2023
06001,Alameda County,41860,"San Francisco-Oakland-Fremont, CA",Metropolitan Statistical Area,Central,488,"San Jose-San Francisco-Oakland, CA",2023
06003,Alpine County,23820,"Gardnerville Ranchos, NV-CA",Micropolitan Statistical Area,Outlying,456,"Reno-Carson City-Gardnerville Ranchos, NV-CA",2023
06005,Amador County,,,,,,,2023
06007,Butte County,17020,"Chico, CA",Metropolitan Statistical Area,Central,,,2023
06009,Calaveras County,,,,,,,2023
06011,Colusa County,,,,,,,2023
06013,Contra Costa County,41860,"San Francisco-Oakland-Fremont, CA",Metropolitan Statistical Area,Outlying,488,"San Jose-San Francisco-Oakland, CA",2023
06015,Del Norte County,18860,"Crescent City, CA",Micropolitan Statistical Area,Central,152,"Brookings-Crescent City, OR-CA",2023
06017,El Dorado County,40900,"Sacramento-Roseville-Folsom, CA",Metropolitan Statistical Area,Central,472,"Sacramento-Roseville, CA",2023
06019,Fresno County,23420,"Fresno, CA",Metropolitan Statistical Area,Central,260,"Fresno-Hanford-Corcoran, CA",2023
06021,Glenn County,,,,,,,2023
06023,Humboldt County,21700,"Eureka-Arcata, CA",Micropolitan Statistical Area,Central,,,2023
06025,Imperial County,20940,"El Centro, CA",Metropolitan Statistical Area,Central,,,2023
06027,Inyo County,13860,"Bishop, CA",Micropolitan Statistical Area,Central,,,2023
06029,Kern County,12540,"Bakersfield-Delano, CA",Metropolitan Statistical Area,Central,,,2023
06031,Kings County,25260,"Hanford-Corcoran, CA",Metropolitan Statistical Area,Central,260,"Fresno-Hanford-Corcoran, CA",2023
06033,Lake County,17340,"Clearlake, CA",Micropolitan Statistical Area,Central,,,2023
06035,Lassen County,45000,"Susanville, CA",Micropolitan Statistical Area,Central,,,2023
06037,Los Angeles County,31080,"Los Angeles-Long Beach-Anaheim, CA",Metropolitan Statistical Area,Central,348,"Los Angeles-Long Beach, CA",2023
06039,Madera County,23420,"Fresno, CA",Metropolitan Statistical Area,Outlying,260,"Fresno-Hanford-Corcoran, CA",2023
06041,Marin County,41860,"San Francisco-Oakland-Fremont, CA",Metropolitan Statistical Area,Central,488,"San Jose-San Francisco-Oakland, CA",2023
06043,Mariposa County,,,,,,,2023
06045,Mendocino County,46380,"Ukiah, CA",Micropolitan Statistical Area,Central,,,2023
06047,Merced County,32900,"Merced, CA",Metropolitan Statistical Area,Central,488,"San Jose-San Francisco-Oakland, CA",2023
06049,Modoc County,,,,,,,2023
06051,Mono County,,,,,,,2023
06053,Monterey County,41500,"Salinas, CA",Metropolitan Statistical Area,Central,,,2023
06055,Napa County,34900,"Napa, CA",Metropolitan Statistical Area,Central,488,"San Jose-San Francisco-Oakland, CA",2023
06057,Nevada County,46020,"Truckee-Grass Valley, CA",Micropolitan Statistical Area,Central,472,"Sacramento-Roseville, CA",2023
06059,Orange County,31080,"Los Angeles-Long Beach-Anaheim, CA",Metropolitan Statistical Area,Central,348,"Los Angeles-Long Beach, CA",2023
06061,Placer County,40900,"Sacramento-Roseville-Folsom, CA",Metropolitan Statistical Area,Central,472,"Sacramento-Roseville, CA",2023
06063,Plumas County,,,,,,,2023
06065,Riverside County,40140,"Riverside-San Bernardino-Ontario, CA",Metropolitan Statistical Area,Central,348,"Los Angeles-Long Beach, CA",2023
06067,Sacramento County,40900,"Sacramento-Roseville-Folsom, CA",Metropolitan Statistical Area,Central,472,"Sacramento-Roseville, CA",2023
06069,San Benito County,41940,"San Jose-Sunnyvale-Santa Clara, CA",Metropolitan Statistical Area,Outlying,488,"San Jose-San Francisco-Oakland, CA",2023
06071,San Bernardino County,40140,"Riverside-San Bernardino-Ontario, CA",Metropolitan Statistical Area,Central,348,"Los Angeles-Long Beach, CA",2023
06073,San Diego County,41740,"San Diego-Chula Vista-Carlsbad, CA",Metropolitan Statistical Area,Central,,,2023
06075,San Francisco County,41860,"San Francisco-Oakland-Fremont, CA",Metropolitan Statistical Area,Central,488,"San Jose-San Francisco-Oakland, CA",2023
06077,San Joaquin County,44700,"Stockton-Lodi, CA",Metropolitan Statistical Area,Central,488,"San Jose-San Francisco-Oakland, CA",2023
06079,San Luis Obispo County,42020,"San Luis Obispo-Paso Robles, CA",Metropolitan Statistical Area,Central,,,2023
06081,San Mateo County,41860,"San Francisco-Oakland-Fremont, CA",Metropolitan Statistical Area,Central,488,"San Jose-San Francisco-Oakland, CA",2023
06083,Santa Barbara County,42200,"Santa Maria-Santa Barbara, CA",Metropolitan Statistical Area,Central,,,2023
06085,Santa Clara County,41940,"San Jose-Sunnyvale-Santa Clara, CA",Metropolitan Statistical Area,Central,488,"San Jose-San Francisco-Oakland, CA",2023
06087,Santa Cruz County,42100,"Santa Cruz-Watsonville, CA",Metropolitan Statistical Area,Central,488,"San Jose-San Francisco-Oakland, CA",2023
06089,Shasta County,39820,"Redding, CA",Metropolitan Statistical Area,Central,454,"Redding-Red Bluff, CA",2023
06091,Sierra County,,,,,,,2023
06093,Siskiyou County,,,,,,,2023
06095,Solano County,46700,"Vallejo, CA",Metropolitan Statistical Area,Central,488,"San Jose-San Francisco-Oakland, CA",2023
06097,Sonoma County,42220,"Santa Rosa-Petaluma, CA",Metropolitan Statistical Area,Central,,,2023
06099,Stanislaus County,33700,"Modesto, CA",Metropolitan Statistical Area,Central,488,"San Jose-San Francisco-Oakland, CA",2023
06101,Sutter County,49700,"Yuba City, CA",Metropolitan Statistical Area,Central,472,"Sacramento-Roseville, CA",2023
06103,Tehama County,39780,"Red Bluff, CA",Micropolitan Statistical Area,Central,454,"Redding-Red Bluff, CA",2023
06105,Trinity County,,,,,,,2023
06107,Tulare County,47300,"Visalia, CA",Metropolitan Statistical Area,Central,,,2023
06109,Tuolumne County,43760,"Sonora, CA",Micropolitan Statistical Area,Central,,,2023
06111,Ventura County,37100,"Oxnard-Thousand Oaks-Ventura, CA",Metropolitan Statistical Area,Central,348,"Los Angeles-Long Beach, CA",2023
06113,Yolo County,40900,"Sacramento-Roseville-Folsom, CA",Metropolitan Statistical Area,Outlying,472,"Sacramento-Roseville, CA",2023
06115,Yuba County,49700,"Yuba City, CA",Metropolitan Statistical Area,Central,472,"Sacramento-Roseville, CA",2023
08001,Adams County,19740,"Denver-Aurora-Centennial, CO",Metropolitan Statistical Area,Central,216,"Denver-Aurora-Greeley, CO",2023
08003,Alamosa County,10480,"Alamosa, CO",Micropolitan Statistical Area,Central,,,2023
08005,Arapahoe County,19740,"Denver-Aurora-Centennial, CO",Metropolitan Statistical Area,Central,216,"Denver-Aurora-Greeley, CO",2023
08007,Archuleta County,,,,,,,2023
08009,Baca County,,,,,,,2023
08011,Bent County,,,,,,,2023
08013,Boulder County,14500,"Boulder, CO",Metropolitan Statistical Area,Central,216,"Denver-Aurora-Greeley, CO",2023
08014,Broomfield County,19740,"Denver-Aurora-Centennial, CO",Metropolitan Statistical Area,Central,216,"Denver-Aurora-Greeley, CO",2023
08015,Chaffee County,,,,,,,2023
08017,Cheyenne County,,,,,,,2023
08019,Clear Creek County,19740,"Denver-Aurora-Centennial, CO",Metropolitan Statistical Area,Outlying,216,"Denver-Aurora-Greeley, CO",2023
08021,Conejos County,10480,"Alamosa, CO",Micropolitan Statistical Area,Outlying,,,2023
08023,Costilla County,10480,"Alamosa, CO",Micropolitan Statistical Area,Outlying,,,2023
08025,Crowley County,,,,,,,2023
08027,Custer County,,,,,,,2023
08029,Delta County,,,,,,,2023
08031,Denver County,19740,"Denver-Aurora-Centennial, CO",Metropolitan Statistical Area,Central,216,"Denver-Aurora-Greeley, CO",2023
08033,Dolores County,,,,,,,2023
08035,Douglas County,19740,"Denver-Aurora-Centennial, CO",Metropolitan Statistical Area,Central,216,"Denver-Aurora-Greeley, CO",2023
08037,Eagle County,20780,"Edwards, CO",Micropolitan Statistical Area,Central,233,"Edwards-Rifle, CO",2023
08039,Elbert County,19740,"Denver-Aurora-Centennial, CO",Metropolitan Statistical Area,Outlying,216,"Denver-Aurora-Greeley, CO",2023
08041,El Paso County,17820,"Colorado Springs, CO",Metropolitan Statistical Area,Central,,,2023
08043,Fremont County,15860,"Cañon City, CO",Micropolitan Statistical Area,Central,444,"Pueblo-Cañon City, CO",2023
08045,Garfield County,40090,"Rifle, CO",Micropolitan Statistical Area,Central,233,"Edwards-Rifle, CO",2023
08047,Gilpin County,19740,"Denver-Aurora-Centennial, CO",Metropolitan Statistical Area,Outlying,216,"Denver-Aurora-Greeley, CO",2023
08049,Grand County,,,,,,,2023
08051,Gunnison County,,,,,,,2023
08053,Hinsdale County,,,,,,,2023
08055,Huerfano County,,,,,,,2023
08057,Jackson County,,,,,,,2023
08059,Jefferson County,19740,"Denver-Aurora-Centennial, CO",Metropolitan Statistical Area,Central,216,"Denver-Aurora-Greeley, CO",2023
08061,Kiowa County,,,,,,,2023
08063,Kit Carson County,,,,,,,2023
08065,Lake County,14720,"Breckenridge, CO",Micropolitan Statistical Area,Outlying,,,2023
08067,La Plata County,20420,"Durango, CO",Micropolitan Statistical Area,Central,,,2023
08069,Larimer County,22660,"Fort Collins-Loveland, CO",Metropolitan Statistical Area,Central,,,2023
08071,Las Animas County,,,,,,,2023
08073,Lincoln County,,,,,,,2023
08075,Logan County,44540,"Sterling, CO",Micropolitan Statistical Area,Central,,,2023
08077,Mesa County,24300,"Grand Junction, CO",Metropolitan Statistical Area,Central,,,2023
08079,Mineral County,,,,,,,2023
08081,Moffat County,44460,"Steamboat Springs, CO",Micropolitan Statistical Area,Outlying,,,2023
08083,Montezuma County,,,,,,,2023
08085,Montrose County,33940,"Montrose, CO",Micropolitan Statistical Area,Central,,,2023
08087,Morgan County,22820,"Fort Morgan, CO",Micropolitan Statistical Area,Central,,,2023
08089,Otero County,,,,,,,2023
08091,Ouray County,,,,,,,2023
08093,Park County,19740,"Denver-Aurora-Centennial, CO",Metropolitan Statistical Area,Outlying,216,"Denver-Aurora-Greeley, CO",2023
08095,Phillips County,,,,,,,2023
08097,Pitkin County,40090,"Rifle, CO",Micropolitan Statistical Area,Outlying,233,"Edwards-Rifle, CO",2023
08099,Prowers County,,,,,,,2023
08101,Pueblo County,39380,"Pueblo, CO",Metropolitan Statistical Area,Central,444,"Pueblo-Cañon City, CO",2023
08103,Rio Blanco County,,,,,,,2023
08105,Rio Grande County,,,,,,,2023
08107,Routt County,44460,"Steamboat Springs, CO",Micropolitan Statistical Area,Central,,,2023
08109,Saguache County,,,,,,,2023
08111,San Juan County,,,,,,,2023
08113,San Miguel County,,,,,,,2023
08115,Sedgwick County,,,,,,,2023
08117,Summit County,14720,"Breckenridge, CO",Micropolitan Statistical Area,Central,,,2023
08119,Teller County,17820,"Colorado Springs, CO",Metropolitan Statistical Area,Outlying,,,2023
08121,Washington County,,,,,,,2023
08123,Weld County,24540,"Greeley, CO",Metropolitan Statistical Area,Central,216,"Denver-Aurora-Greeley, CO",2023
08125,Yuma County,,,,,,,2023
09110,Capitol Planning Region,25540,"Hartford-West Hartford-East Hartford, CT",Metropolitan Statistical Area,Central,405,"New Haven-Hartford-Waterbury, CT",2023
09120,Greater Bridgeport Planning Region,14860,"Bridgeport-Stamford-Danbury, CT",Metropolitan Statistical Area,Central,408,"New York-Newark, NY-NJ-CT-PA",2023
09130,Lower Connecticut River Valley Planning Region,25540,"Hartford-West Hartford-East Hartford, CT",Metropolitan Statistical Area,Central,405,"New Haven-Hartford-Waterbury, CT",2023
09170,South Central Connecticut Planning Region,35300,"New Haven, CT",Metropolitan Statistical Area,Central,405,"New Haven-Hartford-Waterbury, CT",2023
09180,Southeastern Connecticut Planning Region,35980,"Norwich-New London-Willimantic, CT",Metropolitan Statistical Area,Central,405,"New Haven-Hartford-Waterbury, CT",2023
10001,Kent County,20100,"Dover, DE",Metropolitan Statistical Area,Central,428,"Philadelphia-Reading-Camden, PA-NJ-DE-MD",2023
10003,New Castle County,37980,"Philadelphia-Camden-Wilmington, PA-NJ-DE-MD",Metropolitan Statistical Area,Central,428,"Philadelphia-Reading-Camden, PA-NJ-DE-MD",2023
10005,Sussex County,42580,"Seaford, DE",Micropolitan Statistical Area,Central,,,2023
11001,District of Columbia,47900,"Washington-Arlington-Alexandria, DC-VA-MD-WV",Metropolitan Statistical Area,Central,548,"Washington-Baltimore-Arlington, DC-MD-VA-WV-PA",2023
12001,Alachua County,23540,"Gainesville, FL",Metropolitan Statistical Area,Central,264,"Gainesville-Lake City, FL",2023
12003,Baker County,27260,"Jacksonville, FL",Metropolitan Statistical Area,Outlying,300,"Jacksonville-Kingsland-Palatka, FL-GA",2023
12005,Bay County,37460,"Panama City-Panama City Beach, FL",Metropolitan Statistical Area,Central,,,2023
12007,Bradford County,,,,,,,2023
12009,Brevard County,37340,"Palm Bay-Melbourne-Titusville, FL",Metropolitan Statistical Area,Central,,,2023
12011,Broward County,33100,"Miami-Fort Lauderdale-West Palm Beach, FL",Metropolitan Statistical Area,Central,370,"Miami-Port St. Lucie-Fort Lauderdale, FL",2023
12013,Calhoun County,,,,,,,2023
12015,Charlotte County,39460,"Punta Gorda, FL",Metropolitan Statistical Area,Central,412,"North Port-Bradenton, FL",2023
12017,Citrus County,26140,"Homosassa Springs, FL",Metropolitan Statistical Area,Central,,,2023
12019,Clay County,27260,"Jacksonville, FL",Metropolitan Statistical Area,Central,300,"Jacksonville-Kingsland-Palatka, FL-GA",2023
12021,Collier County,34940,"Naples-Marco Island, FL",Metropolitan Statistical Area,Central,163,"Cape Coral-Fort Myers-Naples, FL",2023
12023,Columbia County,29380,"Lake City, FL",Micropolitan Statistical Area,Central,264,"Gainesville-Lake City, FL",2023
12027,DeSoto County,11580,"Arcadia, FL",Micropolitan Statistical Area,Central,412,"North Port-Bradenton, FL",2023
12029,Dixie County,,,,,,,2023
12031,Duval County,27260,"Jacksonville, FL",Metropolitan Statistical Area,Central,300,"Jacksonville-Kingsland-Palatka, FL-GA",2023
12033,Escambia County,37860,"Pensacola-Ferry Pass-Brent, FL",Metropolitan Statistical Area,Central,,,2023
12035,Flagler County,19660,"Deltona-Daytona Beach-Ormond Beach, FL",Metropolitan Statistical Area,Central,422,"Orlando-Lakeland-Deltona, FL",2023
12037,Franklin County,,,,,,,2023
12039,Gadsden County,45220,"Tallahassee, FL",Metropolitan Statistical Area,Outlying,533,"Tallahassee-Bainbridge, FL-GA",2023
12041,Gilchrist County,23540,"Gainesville, FL",Metropolitan Statistical Area,Outlying,264,"Gainesville-Lake City, FL",2023
12043,Glades County,17500,"Clewiston, FL",Micropolitan Statistical Area,Outlying,163,"Cape Coral-Fort Myers-Naples, FL",2023
12045,Gulf County,,,,,,,2023
12047,Hamilton County,,,,,,,2023
12049,Hardee County,,,,,,,2023
12051,Hendry County,17500,"Clewiston, FL",Micropolitan Statistical Area,Central,163,"Cape Coral-Fort Myers-Naples, FL",2023
12053,Hernando County,45300,"Tampa-St. Petersburg-Clearwater, FL",Metropolitan Statistical Area,Outlying,,,2023
12055,Highlands County,42700,"Sebring, FL",Metropolitan Statistical Area,Central,,,2023
12057,Hillsborough County,45300,"Tampa-St. Petersburg-Clearwater, FL",Metropolitan Statistical Area,Central,,,2023
12059,Holmes County,,,,,,,2023
12061,Indian River County,42680,"Sebastian-Vero Beach-West Vero Corridor, FL",Metropolitan Statistical Area,Central,370,"Miami-Port St. Lucie-Fort Lauderdale, FL",2023
12063,Jackson County,,,,,,,2023
12065,Jefferson County,45220,"Tallahassee, FL",Metropolitan Statistical Area,Outlying,533,"Tallahassee-Bainbridge, FL-GA",2023
12067,Lafayette County,,,,,,,2023
12069,Lake County,36740,"Orlando-Kissimmee-Sanford, FL",Metropolitan Statistical Area,Outlying,422,"Orlando-Lakeland-Deltona, FL",2023
12071,Lee County,15980,"Cape Coral-Fort Myers, FL",Metropolitan Statistical Area,Central,163,"Cape Coral-Fort Myers-Naples, FL",2023
12073,Leon County,45220,"Tallahassee, FL",Metropolitan Statistical Area,Central,533,"Tallahassee-Bainbridge, FL-GA",2023
12075,Levy County,23540,"Gainesville, FL",Metropolitan Statistical Area,Outlying,264,"Gainesville-Lake City, FL",2023
12077,Liberty County,,,,,,,2023
12079,Madison County,,,,,,,2023
12081,Manatee County,35840,"North Port-Bradenton-Sarasota, FL",Metropolitan Statistical Area,Central,412,"North Port-Bradenton, FL",2023
12083,Marion County,36100,"Ocala, FL",Metropolitan Statistical Area,Central,,,2023
12085,Martin County,38940,"Port St. Lucie, FL",Metropolitan Statistical Area,Central,370,"Miami-Port St. Lucie-Fort Lauderdale, FL",2023
12086,Miami-Dade County,33100,"Miami-Fort Lauderdale-West Palm Beach, FL",Metropolitan Statistical Area,Central,370,"Miami-Port St. Lucie-Fort Lauderdale, FL",2023
12087,Monroe County,28580,"Key West-Key Largo, FL",Micropolitan Statistical Area,Central,370,"Miami-Port St. Lucie-Fort Lauderdale, FL",2023
12089,Nassau County,27260,"Jacksonville, FL",Metropolitan Statistical Area,Outlying,300,"Jacksonville-Kingsland-Palatka, FL-GA",2023
12091,Okaloosa County,18880,"Crestview-Fort Walton Beach-Destin, FL",Metropolitan Statistical Area,Central,,,2023
12093,Okeechobee County,36380,"Okeechobee, FL",Micropolitan Statistical Area,Central,370,"Miami-Port St. Lucie-Fort Lauderdale, FL",2023
12095,Orange County,36740,"Orlando-Kissimmee-Sanford, FL",Metropolitan Statistical Area,Central,422,"Orlando-Lakeland-Deltona, FL",2023
12097,Osceola County,36740,"Orlando-Kissimmee-Sanford, FL",Metropolitan Statistical Area,Outlying,422,"Orlando-Lakeland-Deltona, FL",2023
12099,Palm Beach County,33100,"Miami-Fort Lauderdale-West Palm Beach, FL",Metropolitan Statistical Area,Central,370,"Miami-Port St. Lucie-Fort Lauderdale, FL",2023
12101,Pasco County,45300,"Tampa-St. Petersburg-Clearwater, FL",Metropolitan Statistical Area,Central,,,2023
12103,Pinellas County,45300,"Tampa-St. Petersburg-Clearwater, FL",Metropolitan Statistical Area,Central,,,2023
12105,Polk County,29460,"Lakeland-Winter Haven, FL",Metropolitan Statistical Area,Central,422,"Orlando-Lakeland-Deltona, FL",2023
12107,Putnam County,37260,"Palatka, FL",Micropolitan Statistical Area,Central,300,"Jacksonville-Kingsland-Palatka, FL-GA",2023
12109,St. Johns County,27260,"Jacksonville, FL",Metropolitan Statistical Area,Central,300,"Jacksonville-Kingsland-Palatka, FL-GA",2023
12111,St. Lucie County,38940,"Port St. Lucie, FL",Metropolitan Statistical Area,Central,370,"Miami-Port St. Lucie-Fort Lauderdale, FL",2023
12113,Santa Rosa County,37860,"Pensacola-Ferry Pass-Brent, FL",Metropolitan Statistical Area,Central,,,2023
12115,Sarasota County,35840,"North Port-Bradenton-Sarasota, FL",Metropolitan Statistical Area,Central,412,"North Port-Bradenton, FL",2023
12117,Seminole County,36740,"Orlando-Kissimmee-Sanford, FL",Metropolitan Statistical Area,Central,422,"Orlando-Lakeland-Deltona, FL",2023
12119,Sumter County,48680,"Wildwood-The Villages, FL",Metropolitan Statistical Area,Central,422,"Orlando-Lakeland-Deltona, FL",2023
12121,Suwannee County,,,,,,,2023
12123,Taylor County,,,,,,,2023
12125,Union County,,,,,,,2023
12127,Volusia County,19660,"Deltona-Daytona Beach-Ormond Beach, FL",Metropolitan Statistical Area,Central,422,"Orlando-Lakeland-Deltona, FL",2023
12129,Wakulla County,45220,"Tallahassee, FL",Metropolitan Statistical Area,Outlying,533,"Tallahassee-Bainbridge, FL-GA",2023
12131,Walton County,18880,"Crestview-Fort Walton Beach-Destin, FL",Metropolitan Statistical Area,Central,,,2023
12133,Washington County,37460,"Panama City-Panama City Beach, FL",Metropolitan Statistical Area,Outlying,,,2023
13001,Appling County,,,,,,,2023
13003,Atkinson County,20060,"Douglas, GA",Micropolitan Statistical Area,Outlying,,,2023
13005,Bacon County,,,,,,,2023
13007,Baker County,,,,,,,2023
13009,Baldwin County,33300,"Milledgeville, GA",Micropolitan Statistical Area,Central,,,2023
13011,Banks County,,,,,,,2023
13013,Barrow County,12060,"Atlanta-Sandy Springs-Roswell, GA",Metropolitan Statistical Area,Outlying,122,"Atlanta--Athens-Clarke County--Sandy Springs, GA-AL",2023
13015,Bartow County,12060,"Atlanta-Sandy Springs-Roswell, GA",Metropolitan Statistical Area,Outlying,122,"Atlanta--Athens-Clarke County--Sandy Springs, GA-AL",2023
13017,Ben Hill County,22340,"Fitzgerald, GA",Micropolitan Statistical Area,Central,,,2023
13019,Berrien County,,,,,,,2023
13021,Bibb County,31420,"Macon-Bibb County, GA",Metropolitan Statistical Area,Central,356,"Macon-Bibb County--Warner Robins, GA",2023
13023,Bleckley County,,,,,,,2023
13025,Brantley County,15260,"Brunswick-St. Simons, GA",Metropolitan Statistical Area,Outlying,,,2023
13027,Brooks County,46660,"Valdosta, GA",Metropolitan Statistical Area,Outlying,,,2023
13029,Bryan County,42340,"Savannah, GA",Metropolitan Statistical Area,Central,496,"Savannah-Hinesville-Statesboro, GA",2023
13031,Bulloch County,44340,"Statesboro, GA",Micropolitan Statistical Area,Central,496,"Savannah-Hinesville-Statesboro, GA",2023
13033,Burke County,12260,"Augusta-Richmond County, GA-SC",Metropolitan Statistical Area,Outlying,,,2023
13035,Butts County,12060,"Atlanta-Sandy Springs-Roswell, GA",Metropolitan Statistical Area,Outlying,122,"Atlanta--Athens-Clarke County--Sandy Springs, GA-AL",2023
13037,Calhoun County,,,,,,,2023
13039,Camden County,28680,"Kingsland, GA",Micropolitan Statistical Area,Central,300,"Jacksonville-Kingsland-Palatka, FL-GA",2023
13043,Candler County,,,,,,,2023
13045,Carroll County,12060,"Atlanta-Sandy Springs-Roswell, GA",Metropolitan Statistical Area,Outlying,122,"Atlanta--Athens-Clarke County--Sandy Springs, GA-AL",2023
13047,Catoosa County,16860,"Chattanooga, TN-GA",Metropolitan Statistical Area,Central,174,"Chattanooga-Cleveland-Dalton, TN-GA-AL",2023
13049,Charlton County,,,,,,,2023
13051,Chatham County,42340,"Savannah, GA",Metropolitan Statistical Area,Central,496,"Savannah-Hinesville-Statesboro, GA",2023
13053,Chattahoochee County,17980,"Columbus, GA-AL",Metropolitan Statistical Area,Central,194,"Columbus-Auburn-Opelika, GA-AL",2023
13055,Chattooga County,44900,"Summerville, GA",Micropolitan Statistical Area,Central,174,"Chattanooga-Cleveland-Dalton, TN-GA-AL",2023
13057,Cherokee County,12060,"Atlanta-Sandy Springs-Roswell, GA",Metropolitan Statistical Area,Central,122,"Atlanta--Athens-Clarke County--Sandy Springs, GA-AL",2023
13059,Clarke County,12020,"Athens-Clarke County, GA",Metropolitan Statistical Area,Central,122,"Atlanta--Athens-Clarke County--Sandy Springs, GA-AL",2023
13061,Clay County,,,,,,,2023
13063,Clayton County,12060,"Atlanta-Sandy Springs-Roswell, GA",Metropolitan Statistical Area,Central,122,"Atlanta--Athens-Clarke County--Sandy Springs, GA-AL",2023
13065,Clinch County,,,,,,,2023
13067,Cobb County,12060,"Atlanta-Sandy Springs-Roswell, GA",Metropolitan Statistical Area,Central,122,"Atlanta--Athens-Clarke County--Sandy Springs, GA-AL",2023
13069,Coffee County,20060,"Douglas, GA",Micropolitan Statistical Area,Central,,,2023
13071,Colquitt County,34220,"Moultrie, GA",Micropolitan Statistical Area,Central,,,2023
13073,Columbia County,12260,"Augusta-Richmond County, GA-SC",Metropolitan Statistical Area,Central,,,2023
13075,Cook County,,,,,,,2023
13077,Coweta County,12060,"Atlanta-Sandy Springs-Roswell, GA",Metropolitan Statistical Area,Central,122,"Atlanta--Athens-Clarke County--Sandy Springs, GA-AL",2023
13079,Crawford County,31420,"Macon-Bibb County, GA",Metropolitan Statistical Area,Outlying,356,"Macon-Bibb County--Warner Robins, GA",2023
13081,Crisp County,18380,"Cordele, GA",Micropolitan Statistical Area,Central,,,2023
13083,Dade County,16860,"Chattanooga, TN-GA",Metropolitan Statistical Area,Outlying,174,"Chattanooga-Cleveland-Dalton, TN-GA-AL",2023
13085,Dawson County,12060,"Atlanta-Sandy Springs-Roswell, GA",Metropolitan Statistical Area,Central,122,"Atlanta--Athens-Clarke County--Sandy Springs, GA-AL",2023
13087,Decatur County,12460,"Bainbridge, GA",Micropolitan Statistical Area,Central,533,"Tallahassee-Bainbridge, FL-GA",2023
13089,DeKalb County,12060,"Atlanta-Sandy Springs-Roswell, GA",Metropolitan Statistical Area,Central,122,"Atlanta--Athens-Clarke County--Sandy Springs, GA-AL",2023
13091,Dodge County,,,,,,,2023
13093,Dooly County,,,,,,,2023
13095,Dougherty County,10500,"Albany, GA",Metropolitan Statistical Area,Central,,,2023
13097,Douglas County,12060,"Atlanta-Sandy Springs-Roswell, GA",Metropolitan Statistical Area,Central,122,"Atlanta--Athens-Clarke County--Sandy Springs, GA-AL",2023
13099,Early County,,,,,,,2023
13101,Echols County,46660,"Valdosta, GA",Metropolitan Statistical Area,Outlying,,,2023
13103,Effingham County,42340,"Savannah, GA",Metropolitan Statistical Area,Outlying,496,"Savannah-Hinesville-Statesboro, GA",2023
13105,Elbert County,,,,,,,2023
13107,Emanuel County,,,,,,,2023
13109,Evans County,44340,"Statesboro, GA",Micropolitan Statistical Area,Outlying,496,"Savannah-Hinesville-Statesboro, GA",2023
13111,Fannin County,,,,,,,2023
13113,Fayette County,12060,"Atlanta-Sandy Springs-Roswell, GA",Metropolitan Statistical Area,Central,122,"Atlanta--Athens-Clarke County--Sandy Springs, GA-AL",2023
13115,Floyd County,40660,"Rome, GA",Metropolitan Statistical Area,Central,122,"Atlanta--Athens-Clarke County--Sandy Springs, GA-AL",2023
13117,Forsyth County,12060,"Atlanta-Sandy Springs-Roswell, GA",Metropolitan Statistical Area,Central,122,"Atlanta--Athens-Clarke County--Sandy Springs, GA-AL",2023
13119,Franklin County,,,,,,,2023
13121,Fulton County,12060,"Atlanta-Sandy Springs-Roswell, GA",Metropolitan Statistical Area,Central,122,"Atlanta--Athens-Clarke County--Sandy Springs, GA-AL",2023
13123,Gilmer County,,,,,,,2023
13125,Glascock County,,,,,,,2023
13127,Glynn County,15260,"Brunswick-St. Simons, GA",Metropolitan Statistical Area,Central,,,2023
13129,Gordon County,15660,"Calhoun, GA",Micropolitan Statistical Area,Central,122,"Atlanta--Athens-Clarke County--Sandy Springs, GA-AL",2023
13131,Grady County,45620,"Thomasville, GA",Micropolitan Statistical Area,Outlying,,,2023
13133,Greene County,,,,,,,2023
13135,Gwinnett County,12060,"Atlanta-Sandy Springs-Roswell, GA",Metropolitan Statistical Area,Central,122,"Atlanta--Athens-Clarke County--Sandy Springs, GA-AL",2023
13137,Habersham County,18460,"Cornelia, GA",Micropolitan Statistical Area,Central,122,"Atlanta--Athens-Clarke County--Sandy Springs, GA-AL",2023
13139,Hall County,23580,"Gainesville, GA",Metropolitan Statistical Area,Central,122,"Atlanta--Athens-Clarke County--Sandy Springs, GA-AL",2023
13141,Hancock County,,,,,,,2023
13143,Haralson County,12060,"Atlanta-Sandy Springs-Roswell, GA",Metropolitan Statistical Area,Outlying,122,"Atlanta--Athens-Clarke County--Sandy Springs, GA-AL",2023
13145,Harris County,17980,"Columbus, GA-AL",Metropolitan Statistical Area,Outlying,194,"Columbus-Auburn-Opelika, GA-AL",2023
13147,Hart County,,,,,,,2023
13149,Heard County,12060,"Atlanta-Sandy Springs-Roswell, GA",Metropolitan Statistical Area,Outlying,122,"Atlanta--Athens-Clarke County--Sandy Springs, GA-AL",2023
13151,Henry County,12060,"Atlanta-Sandy Springs-Roswell, GA",Metropolitan Statistical Area,Central,122,"Atlanta--Athens-Clarke County--Sandy Springs, GA-AL",2023
13153,Houston County,47580,"Warner Robins, GA",Metropolitan Statistical Area,Central,356,"Macon-Bibb County--Warner Robins, GA",2023
13155,Irwin County,,,,,,,2023
13157,Jackson County,27600,"Jefferson, GA",Micropolitan Statistical Area,Central,122,"Atlanta--Athens-Clarke County--Sandy Springs, GA-AL",2023
13159,Jasper County,12060,"Atlanta-Sandy Springs-Roswell, GA",Metropolitan Statistical Area,Outlying,122,"Atlanta--Athens-Clarke County--Sandy Springs, GA-AL",2023
13161,Jeff Davis County,,,,,,,2023
13163,Jefferson County,,,,,,,2023
13165,Jenkins County,,,,,,,2023
13167,Johnson County,20140,"Dublin, GA",Micropolitan Statistical Area,Outlying,,,2023
13169,Jones County,31420,"Macon-Bibb County, GA",Metropolitan Statistical Area,Outlying,356,"Macon-Bibb County--Warner Robins, GA",2023
13171,Lamar County,,,,,,,2023
13173,Lanier County,46660,"Valdosta, GA",Metropolitan Statistical Area,Outlying,,,2023
13175,Laurens County,20140,"Dublin, GA",Micropolitan Statistical Area,Central,,,2023
13177,Lee County,10500,"Albany, GA",Metropolitan Statistical Area,Central,,,2023
13179,Liberty County,25980,"Hinesville, GA",Metropolitan Statistical Area,Central,496,"Savannah-Hinesville-Statesboro, GA",2023
13181,Lincoln County,12260,"Augusta-Richmond County, GA-SC",Metropolitan Statistical Area,Outlying,,,2023
13183,Long County,25980,"Hinesville, GA",Metropolitan Statistical Area,Outlying,496,"Savannah-Hinesville-Statesboro, GA",2023
13185,Lowndes County,46660,"Valdosta, GA",Metropolitan Statistical Area,Central,,,2023
13187,Lumpkin County,12060,"Atlanta-Sandy Springs-Roswell, GA",Metropolitan Statistical Area,Outlying,122,"Atlanta--Athens-Clarke County--Sandy Springs, GA-AL",2023
13189,McDuffie County,12260,"Augusta-Richmond County, GA-SC",Metropolitan Statistical Area,Outlying,,,2023
13191,McIntosh County,15260,"Brunswick-St. Simons, GA",Metropolitan Statistical Area,Outlying,,,2023
13193,Macon County,,,,,,,2023
13195,Madison County,12020,"Athens-Clarke County, GA",Metropolitan Statistical Area,Outlying,122,"Atlanta--Athens-Clarke County--Sandy Springs, GA-AL",2023
13197,Marion County,17980,"Columbus, GA-AL",Metropolitan Statistical Area,Outlying,194,"Columbus-Auburn-Opelika, GA-AL",2023
13199,Meriwether County,12060,"Atlanta-Sandy Springs-Roswell, GA",Metropolitan Statistical Area,Outlying,122,"Atlanta--Athens-Clarke County--Sandy Springs, GA-AL",2023
13201,Miller County,,,,,,,2023
13205,Mitchell County,,,,,,,2023
13207,Monroe County,31420,"Macon-Bibb County, GA",Metropolitan Statistical Area,Outlying,356,"Macon-Bibb County--Warner Robins, GA",2023
13209,Montgomery County,47080,"Vidalia, GA",Micropolitan Statistical Area,Outlying,,,2023
13211,Morgan County,12060,"Atlanta-Sandy Springs-Roswell, GA",Metropolitan Statistical Area,Outlying,122,"Atlanta--Athens-Clarke County--Sandy Springs, GA-AL",2023
13213,Murray County,19140,"Dalton, GA",Metropolitan Statistical Area,Outlying,174,"Chattanooga-Cleveland-Dalton, TN-GA-AL",2023
13215,Muscogee County,17980,"Columbus, GA-AL",Metropolitan Statistical Area,Central,194,"Columbus-Auburn-Opelika, GA-AL",2023
13217,Newton County,12060,"Atlanta-Sandy Springs-Roswell, GA",Metropolitan Statistical Area,Central,122,"Atlanta--Athens-Clarke County--Sandy Springs, GA-AL",2023
13219,Oconee County,12020,"Athens-Clarke County, GA",Metropolitan Statistical Area,Central,122,"Atlanta--Athens-Clarke County--Sandy Springs, GA-AL",2023
13221,Oglethorpe County,12020,"Athens-Clarke County, GA",Metropolitan Statistical Area,Outlying,122,"Atlanta--Athens-Clarke County--Sandy Springs, GA-AL",2023
13223,Paulding County,12060,"Atlanta-Sandy Springs-Roswell, GA",Metropolitan Statistical Area,Central,122,"Atlanta--Athens-Clarke County--Sandy Springs, GA-AL",2023
13225,Peach County,47580,"Warner Robins, GA",Metropolitan Statistical Area,Central,356,"Macon-Bibb County--Warner Robins, GA",2023
13227,Pickens County,12060,"Atlanta-Sandy Springs-Roswell, GA",Metropolitan Statistical Area,Outlying,122,"Atlanta--Athens-Clarke County--Sandy Springs, GA-AL",2023
13229,Pierce County,48180,"Waycross, GA",Micropolitan Statistical Area,Outlying,,,2023
13231,Pike County,12060,"Atlanta-Sandy Springs-Roswell, GA",Metropolitan Statistical Area,Outlying,122,"Atlanta--Athens-Clarke County--Sandy Springs, GA-AL",2023
13233,Polk County,16340,"Cedartown, GA",Micropolitan Statistical Area,Central,122,"Atlanta--Athens-Clarke County--Sandy Springs, GA-AL",2023
13235,Pulaski County,,,,,,,2023
13237,Putnam County,,,,,,,2023
13239,Quitman County,21640,"Eufaula, AL-GA",Micropolitan Statistical Area,Outlying,,,2023
13241,Rabun County,,,,,,,2023
13243,Randolph County,,,,,,,2023
13245,Richmond County,12260,"Augusta-Richmond County, GA-SC",Metropolitan Statistical Area,Central,,,2023
13247,Rockdale County,12060,"Atlanta-Sandy Springs-Roswell, GA",Metropolitan Statistical Area,Central,122,"Atlanta--Athens-Clarke County--Sandy Springs, GA-AL",2023
13249,Schley County,11140,"Americus, GA",Micropolitan Statistical Area,Outlying,,,2023
13251,Screven County,,,,,,,2023
13253,Seminole County,,,,,,,2023
13255,Spalding County,12060,"Atlanta-Sandy Springs-Roswell, GA",Metropolitan Statistical Area,Outlying,122,"Atlanta--Athens-Clarke County--Sandy Springs, GA-AL",2023
13257,Stephens County,45740,"Toccoa, GA",Micropolitan Statistical Area,Central,,,2023
13259,Stewart County,17980,"Columbus, GA-AL",Metropolitan Statistical Area,Outlying,194,"Columbus-Auburn-Opelika, GA-AL",2023
13261,Sumter County,11140,"Americus, GA",Micropolitan Statistical Area,Central,,,2023
13263,Talbot County,17980,"Columbus, GA-AL",Metropolitan Statistical Area,Outlying,194,"Columbus-Auburn-Opelika, GA-AL",2023
13265,Taliaferro County,,,,,,,2023
13267,Tattnall County,,,,,,,2023
13269,Taylor County,,,,,,,2023
13271,Telfair County,,,,,,,2023
13273,Terrell County,10500,"Albany, GA",Metropolitan Statistical Area,Outlying,,,2023
13275,Thomas County,45620,"Thomasville, GA",Micropolitan Statistical Area,Central,,,2023
13277,Tift County,45700,"Tifton, GA",Micropolitan Statistical Area,Central,,,2023
13279,Toombs County,47080,"Vidalia, GA",Micropolitan Statistical Area,Central,,,2023
13281,Towns County,,,,,,,2023
13283,Treutlen County,,,,,,,2023
13285,Troup County,29300,"LaGrange, GA-AL",Micropolitan Statistical Area,Central,122,"Atlanta--Athens-Clarke County--Sandy Springs, GA-AL",2023
13287,Turner County,45700,"Tifton, GA",Micropolitan Statistical Area,Outlying,,,2023
13289,Twiggs County,31420,"Macon-Bibb County, GA",Metropolitan Statistical Area,Outlying,356,"Macon-Bibb County--Warner Robins, GA",2023
13291,Union County,,,,,,,2023
13293,Upson County,45580,"Thomaston, GA",Micropolitan Statistical Area,Central,122,"Atlanta--Athens-Clarke County--Sandy Springs, GA-AL",2023
13295,Walker County,16860,"Chattanooga, TN-GA",Metropolitan Statistical Area,Central,174,"Chattanooga-Cleveland-Dalton, TN-GA-AL",2023
13297,Walton County,12060,"Atlanta-Sandy Springs-Roswell, GA",Metropolitan Statistical Area,Central,122,"Atlanta--Athens-Clarke County--Sandy Springs, GA-AL",2023
13299,Ware County,48180,"Waycross, GA",Micropolitan Statistical Area,Central,,,2023
13301,Warren County,,,,,,,2023
13303,Washington County,,,,,,,2023
13305,Wayne County,27700,"Jesup, GA",Micropolitan Statistical Area,Central,496,"Savannah-Hinesville-Statesboro, GA",2023
13307,Webster County,,,,,,,2023
13309,Wheeler County,,,,,,,2023
13311,White County,,,,,,,2023
13313,Whitfield County,19140,"Dalton, GA",Metropolitan Statistical Area,Central,174,"Chattanooga-Cleveland-Dalton, TN-GA-AL",2023
13315,Wilcox County,,,,,,,2023
13317,Wilkes County,,,,,,,2023
13319,Wilkinson County,,,,,,,2023
13321,Worth County,10500,"Albany, GA",Metropolitan Statistical Area,Outlying,,,2023
15001,Hawaii County,25900,"Hilo-Kailua, HI",Micropolitan Statistical Area,Central,,,2023
15003,Honolulu County,46520,"Urban Honolulu, HI",Metropolitan Statistical Area,Central,,,2023
15005,Kalawao County,27980,"Kahului-Wailuku, HI",Metropolitan Statistical Area,Outlying,,,2023
15007,Kauai County,28180,"Kapaa, HI",Micropolitan Statistical Area,Central,,,2023
15009,Maui County,27980,"Kahului-Wailuku, HI",Metropolitan Statistical Area,Central,,,2023
16001,Ada County,14260,"Boise City, ID",Metropolitan Statistical Area,Central,147,"Boise City-Mountain Home-Ontario, ID-OR",2023
16003,Adams County,,,,,,,2023
16005,Bannock County,38540,"Pocatello, ID",Metropolitan Statistical Area,Central,,,2023
16007,Bear Lake County,,,,,,,2023
16009,Benewah County,,,,,,,2023
16011,Bingham County,13940,"Blackfoot, ID",Micropolitan Statistical Area,Central,292,"Idaho Falls-Rexburg-Blackfoot, ID",2023
16013,Blaine County,25200,"Hailey, ID",Micropolitan Statistical Area,Central,,,2023
16015,Boise County,14260,"Boise City, ID",Metropolitan Statistical Area,Outlying,147,"Boise City-Mountain Home-Ontario, ID-OR",2023
16017,Bonner County,41760,"Sandpoint, ID",Micropolitan Statistical Area,Central,,,2023
16019,Bonneville County,26820,"Idaho Falls, ID",Metropolitan Statistical Area,Central,292,"Idaho Falls-Rexburg-Blackfoot, ID",2023
16021,Boundary County,,,,,,,2023
16023,Butte County,26820,"Idaho Falls, ID",Metropolitan Statistical Area,Outlying,292,"Idaho Falls-Rexburg-Blackfoot, ID",2023
16025,Camas County,25200,"Hailey, ID",Micropolitan Statistical Area,Outlying,,,2023
16027,Canyon County,14260,"Boise City, ID",Metropolitan Statistical Area,Outlying,147,"Boise City-Mountain Home-Ontario, ID-OR",2023
16029,Caribou County,,,,,,,2023
16031,Cassia County,15420,"Burley, ID",Micropolitan Statistical Area,Central,,,2023
16033,Clark County,,,,,,,2023
16035,Clearwater County,,,,,,,2023
16037,Custer County,,,,,,,2023
16039,Elmore County,34300,"Mountain Home, ID",Micropolitan Statistical Area,Central,147,"Boise City-Mountain Home-Ontario, ID-OR",2023
16041,Franklin County,30860,"Logan, UT-ID",Metropolitan Statistical Area,Outlying,,,2023
16043,Fremont County,39940,"Rexburg, ID",Micropolitan Statistical Area,Outlying,292,"Idaho Falls-Rexburg-Blackfoot, ID",2023
16045,Gem County,14260,"Boise City, ID",Metropolitan Statistical Area,Outlying,147,"Boise City-Mountain Home-Ontario, ID-OR",2023
16047,Gooding County,,,,,,,2023
16049,Idaho County,,,,,,,2023
16051,Jefferson County,26820,"Idaho Falls, ID",Metropolitan Statistical Area,Outlying,292,"Idaho Falls-Rexburg-Blackfoot, ID",2023
16053,Jerome County,46300,"Twin Falls, ID",Metropolitan Statistical Area,Outlying,,,2023
16055,Kootenai County,17660,"Coeur d'Alene, ID",Metropolitan Statistical Area,Central,518,"Spokane-Spokane Valley-Coeur d'Alene, WA-ID",2023
16057,Latah County,34140,"Moscow, ID",Micropolitan Statistical Area,Central,446,"Pullman-Moscow, WA-ID",2023
16059,Lemhi County,,,,,,,2023
16061,Lewis County,,,,,,,2023
16063,Lincoln County,25200,"Hailey, ID",Micropolitan Statistical Area,Outlying,,,2023
16065,Madison County,39940,"Rexburg, ID",Micropolitan Statistical Area,Central,292,"Idaho Falls-Rexburg-Blackfoot, ID",2023
16067,Minidoka County,15420,"Burley, ID",Micropolitan Statistical Area,Central,,,2023
16069,Nez Perce County,30300,"Lewiston, ID-WA",Metropolitan Statistical Area,Central,,,2023
16071,Oneida County,14940,"Brigham City, UT-ID",Micropolitan Statistical Area,Outlying,482,"Salt Lake City-Provo-Orem, UT-ID",2023
16073,Owyhee County,14260,"Boise City, ID",Metropolitan Statistical Area,Outlying,147,"Boise City-Mountain Home-Ontario, ID-OR",2023
16075,Payette County,36620,"Ontario, OR-ID",Micropolitan Statistical Area,Central,147,"Boise City-Mountain Home-Ontario, ID-OR",2023
16077,Power County,,,,,,,2023
16079,Shoshone County,,,,,,,2023
16081,Teton County,27220,"Jackson, WY-ID",Micropolitan Statistical Area,Outlying,,,2023
16083,Twin Falls County,46300,"Twin Falls, ID",Metropolitan Statistical Area,Central,,,2023
16085,Valley County,,,,,,,2023
16087,Washington County,,,,,,,2023
17001,Adams County,39500,"Quincy, IL-MO",Micropolitan Statistical Area,Central,448,"Quincy-Hannibal, IL-MO",2023
17003,Alexander County,16020,"Cape Girardeau, MO-IL",Metropolitan Statistical Area,Outlying,164,"Cape Girardeau-Sikeston, MO-IL",2023
17005,Bond County,41180,"St. Louis, MO-IL",Metropolitan Statistical Area,Outlying,476,"St. Louis-St. Charles-Farmington, MO-IL",2023
17007,Boone County,40420,"Rockford, IL",Metropolitan Statistical Area,Central,466,"Rockford-Freeport-Rochelle, IL",2023
17009,Brown County,,,,,,,2023
17011,Bureau County,36837,"Ottawa, IL",Micropolitan Statistical Area,Central,176,"Chicago-Naperville, IL-IN-WI",2023
17013,Calhoun County,41180,"St. Louis, MO-IL",Metropolitan Statistical Area,Outlying,476,"St. Louis-St. Charles-Farmington, MO-IL",2023
17015,Carroll County,,,,,,,2023
17017,Cass County,,,,,,,2023
17019,Champaign County,16580,"Champaign-Urbana, IL",Metropolitan Statistical Area,Central,169,"Champaign-Urbana-Danville, IL",2023
17021,Christian County,45380,"Taylorville, IL",Micropolitan Statistical Area,Central,522,"Springfield-Jacksonville-Lincoln, IL",2023
17023,Clark County,,,,,,,2023
17025,Clay County,,,,,,,2023
17027,Clinton County,41180,"St. Louis, MO-IL",Metropolitan Statistical Area,Outlying,476,"St. Louis-St. Charles-Farmington, MO-IL",2023
17029,Coles County,16660,"Charleston-Mattoon, IL",Micropolitan Statistical Area,Central,,,2023
17031,Cook County,16980,"Chicago-Naperville-Elgin, IL-IN",Metropolitan Statistical Area,Central,176,"Chicago-Naperville, IL-IN-WI",2023
17033,Crawford County,,,,,,,2023
17035,Cumberland County,20820,"Effingham, IL",Micropolitan Statistical Area,Outlying,,,2023
17037,DeKalb County,16980,"Chicago-Naperville-Elgin, IL-IN",Metropolitan Statistical Area,Outlying,176,"Chicago-Naperville, IL-IN-WI",2023
17039,De Witt County,,,,,,,2023
17041,Douglas County,,,,,,,2023
17043,DuPage County,16980,"Chicago-Naperville-Elgin, IL-IN",Metropolitan Statistical Area,Central,176,"Chicago-Naperville, IL-IN-WI",2023
17045,Edgar County,,,,,,,2023
17047,Edwards County,,,,,,,2023
17049,Effingham County,20820,"Effingham, IL",Micropolitan Statistical Area,Central,,,2023
17051,Fayette County,,,,,,,2023
17053,Ford County,16580,"Champaign-Urbana, IL",Metropolitan Statistical Area,Outlying,169,"Champaign-Urbana-Danville, IL",2023
17055,Franklin County,,,,,,,2023
17057,Fulton County,15900,"Canton, IL",Micropolitan Statistical Area,Central,427,"Peoria-Canton, IL",2023
17059,Gallatin County,,,,,,,2023
17061,Greene County,,,,,,,2023
17063,Grundy County,16980,"Chicago-Naperville-Elgin, IL-IN",Metropolitan Statistical Area,Outlying,176,"Chicago-Naperville, IL-IN-WI",2023
17065,Hamilton County,,,,,,,2023
17067,Hancock County,,,,,,,2023
17069,Hardin County,,,,,,,2023
17071,Henderson County,15460,"Burlington, IA-IL",Micropolitan Statistical Area,Outlying,161,"Burlington-Fort Madison, IA-IL",2023
17073,Henry County,19340,"Davenport-Moline-Rock Island, IA-IL",Metropolitan Statistical Area,Outlying,209,"Davenport-Moline, IA-IL",2023
17075,Iroquois County,,,,,,,2023
17077,Jackson County,16060,"Carbondale, IL",Micropolitan Statistical Area,Central,166,"Carbondale-Marion-Herrin, IL",2023
17079,Jasper County,,,,,,,2023
17081,Jefferson County,34500,"Mount Vernon, IL",Micropolitan Statistical Area,Central,,,2023
17083,Jersey County,41180,"St. Louis, MO-IL",Metropolitan Statistical Area,Outlying,476,"St. Louis-St. Charles-Farmington, MO-IL",2023
17085,Jo Daviess County,,,,,,,2023
17087,Johnson County,,,,,,,2023
17089,Kane County,16980,"Chicago-Naperville-Elgin, IL-IN",Metropolitan Statistical Area,Central,176,"Chicago-Naperville, IL-IN-WI",2023
17091,Kankakee County,28100,"Kankakee, IL",Metropolitan Statistical Area,Central,176,"Chicago-Naperville, IL-IN-WI",2023
17093,Kendall County,16980,"Chicago-Naperville-Elgin, IL-IN",Metropolitan Statistical Area,Central,176,"Chicago-Naperville, IL-IN-WI",2023
17095,Knox County,23660,"Galesburg, IL",Micropolitan Statistical Area,Central,,,2023
17097,Lake County,16980,"Chicago-Naperville-Elgin, IL-IN",Metropolitan Statistical Area,Central,176,"Chicago-Naperville, IL-IN-WI",2023
17099,LaSalle County,36837,"Ottawa, IL",Micropolitan Statistical Area,Central,176,"Chicago-Naperville, IL-IN-WI",2023
17101,Lawrence County,,,,,,,2023
17103,Lee County,19940,"Dixon, IL",Micropolitan Statistical Area,Central,221,"Dixon-Sterling, IL",2023
17105,Livingston County,38700,"Pontiac, IL",Micropolitan Statistical Area,Central,145,"Bloomington-Pontiac, IL",2023
17107,Logan County,30660,"Lincoln, IL",Micropolitan Statistical Area,Central,522,"Springfield-Jacksonville-Lincoln, IL",2023
17109,McDonough County,31380,"Macomb, IL",Micropolitan Statistical Area,Central,,,2023
17111,McHenry County,16980,"Chicago-Naperville-Elgin, IL-IN",Metropolitan Statistical Area,Central,176,"Chicago-Naperville, IL-IN-WI",2023
17113,McLean County,14010,"Bloomington, IL",Metropolitan Statistical Area,Central,145,"Bloomington-Pontiac, IL",2023
17115,Macon County,19500,"Decatur, IL",Metropolitan Statistical Area,Central,,,2023
17117,Macoupin County,41180,"St. Louis, MO-IL",Metropolitan Statistical Area,Outlying,476,"St. Louis-St. Charles-Farmington, MO-IL",2023
17119,Madison County,41180,"St. Louis, MO-IL",Metropolitan Statistical Area,Central,476,"St. Louis-St. Charles-Farmington, MO-IL",2023
17121,Marion County,16460,"Centralia, IL",Micropolitan Statistical Area,Central,476,"St. Louis-St. Charles-Farmington, MO-IL",2023
17123,Marshall County,37900,"Peoria, IL",Metropolitan Statistical Area,Outlying,427,"Peoria-Canton, IL",2023
17125,Mason County,,,,,,,2023
17127,Massac County,37140,"Paducah, KY-IL",Metropolitan Statistical Area,Outlying,424,"Paducah-Mayfield, KY-IL",2023
17129,Menard County,44100,"Springfield, IL",Metropolitan Statistical Area,Outlying,522,"Springfield-Jacksonville-Lincoln, IL",2023
17131,Mercer County,19340,"Davenport-Moline-Rock Island, IA-IL",Metropolitan Statistical Area,Outlying,209,"Davenport-Moline, IA-IL",2023
17133,Monroe County,41180,"St. Louis, MO-IL",Metropolitan Statistical Area,Central,476,"St. Louis-St. Charles-Farmington, MO-IL",2023
17135,Montgomery County,,,,,,,2023
17137,Morgan County,27300,"Jacksonville, IL",Micropolitan Statistical Area,Central,522,"Springfield-Jacksonville-Lincoln, IL",2023
17139,Moultrie County,,,,,,,2023
17141,Ogle County,40300,"Rochelle, IL",Micropolitan Statistical Area,Central,466,"Rockford-Freeport-Rochelle, IL",2023
17143,Peoria County,37900,"Peoria, IL",Metropolitan Statistical Area,Central,427,"Peoria-Canton, IL",2023
17145,Perry County,,,,,,,2023
17147,Piatt County,16580,"Champaign-Urbana, IL",Metropolitan Statistical Area,Outlying,169,"Champaign-Urbana-Danville, IL",2023
17149,Pike County,,,,,,,2023
17151,Pope County,,,,,,,2023
17153,Pulaski County,,,,,,,2023
17155,Putnam County,36837,"Ottawa, IL",Micropolitan Statistical Area,Outlying,176,"Chicago-Naperville, IL-IN-WI",2023
17157,Randolph County,,,,,,,2023
17159,Richland County,,,,,,,2023
17161,Rock Island County,19340,"Davenport-Moline-Rock Island, IA-IL",Metropolitan Statistical Area,Central,209,"Davenport-Moline, IA-IL",2023
17163,St. Clair County,41180,"St. Louis, MO-IL",Metropolitan Statistical Area,Central,476,"St. Louis-St. Charles-Farmington, MO-IL",2023
17165,Saline County,,,,,,,2023
17167,Sangamon County,44100,"Springfield, IL",Metropolitan Statistical Area,Central,522,"Springfield-Jacksonville-Lincoln, IL",2023
17169,Schuyler County,,,,,,,2023
17171,Scott County,27300,"Jacksonville, IL",Micropolitan Statistical Area,Outlying,522,"Springfield-Jacksonville-Lincoln, IL",2023
17173,Shelby County,,,,,,,2023
17175,Stark County,37900,"Peoria, IL",Metropolitan Statistical Area,Outlying,427,"Peoria-Canton, IL",2023
17177,Stephenson County,23300,"Freeport, IL",Micropolitan Statistical Area,Central,466,"Rockford-Freeport-Rochelle, IL",2023
17179,Tazewell County,37900,"Peoria, IL",Metropolitan Statistical Area,Central,427,"Peoria-Canton, IL",2023
17181,Union County,,,,,,,2023
17183,Vermilion County,19180,"Danville, IL",Micropolitan Statistical Area,Central,169,"Champaign-Urbana-Danville, IL",2023
17185,Wabash County,,,,,,,2023
17187,Warren County,,,,,,,2023
17189,Washington County,,,,,,,2023
17191,Wayne County,,,,,,,2023
17193,White County,,,,,,,2023
17195,Whiteside County,44580,"Sterling, IL",Micropolitan Statistical Area,Central,221,"Dixon-Sterling, IL",2023
17197,Will County,16980,"Chicago-Naperville-Elgin, IL-IN",Metropolitan Statistical Area,Central,176,"Chicago-Naperville, IL-IN-WI",2023
17199,Williamson County,32060,"Marion-Herrin, IL",Micropolitan Statistical Area,Central,166,"Carbondale-Marion-Herrin, IL",2023
17201,Winnebago County,40420,"Rockford, IL",Metropolitan Statistical Area,Central,466,"Rockford-Freeport-Rochelle, IL",2023
17203,Woodford County,37900,"Peoria, IL",Metropolitan Statistical Area,Central,427,"Peoria-Canton, IL",2023
18001,Adams County,19540,"Decatur, IN",Micropolitan Statistical Area,Central,258,"Fort Wayne-Huntington-Auburn, IN",2023
18003,Allen County,23060,"Fort Wayne, IN",Metropolitan Statistical Area,Central,258,"Fort Wayne-Huntington-Auburn, IN",2023
18005,Bartholomew County,18020,"Columbus, IN",Metropolitan Statistical Area,Central,294,"Indianapolis-Carmel-Muncie, IN",2023
18007,Benton County,29200,"Lafayette-West Lafayette, IN",Metropolitan Statistical Area,Outlying,320,"Lafayette-West Lafayette-Frankfort, IN",2023
18009,Blackford County,,,,,,,2023
18011,Boone County,26900,"Indianapolis-Carmel-Greenwood, IN",Metropolitan Statistical Area,Central,294,"Indianapolis-Carmel-Muncie, IN",2023
18013,Brown County,26900,"Indianapolis-Carmel-Greenwood, IN",Metropolitan Statistical Area,Outlying,294,"Indianapolis-Carmel-Muncie, IN",2023
18015,Carroll County,29200,"Lafayette-West Lafayette, IN",Metropolitan Statistical Area,Outlying,320,"Lafayette-West Lafayette-Frankfort, IN",2023
18017,Cass County,30900,"Logansport, IN",Micropolitan Statistical Area,Central,,,2023
18019,Clark County,31140,"Louisville/Jefferson County, KY-IN",Metropolitan Statistical Area,Central,350,"Louisville/Jefferson County--Elizabethtown, KY-IN",2023
18021,Clay County,45460,"Terre Haute, IN",Metropolitan Statistical Area,Outlying,,,2023
18023,Clinton County,23140,"Frankfort, IN",Micropolitan Statistical Area,Central,320,"Lafayette-West Lafayette-Frankfort, IN",2023
18025,Crawford County,,,,,,,2023
18027,Daviess County,47780,"Washington, IN",Micropolitan Statistical Area,Central,,,2023
18029,Dearborn County,17140,"Cincinnati, OH-KY-IN",Metropolitan Statistical Area,Outlying,178,"Cincinnati-Wilmington, OH-KY-IN",2023
18031,Decatur County,24700,"Greensburg, IN",Micropolitan Statistical Area,Central,294,"Indianapolis-Carmel-Muncie, IN",2023
18033,DeKalb County,12140,"Auburn, IN",Micropolitan Statistical Area,Central,258,"Fort Wayne-Huntington-Auburn, IN",2023
18035,Delaware County,34620,"Muncie, IN",Metropolitan Statistical Area,Central,294,"Indianapolis-Carmel-Muncie, IN",2023
18037,Dubois County,27540,"Jasper, IN",Micropolitan Statistical Area,Central,,,2023
18039,Elkhart County,21140,"Elkhart-Goshen, IN",Metropolitan Statistical Area,Central,515,"South Bend-Elkhart-Mishawaka, IN-MI",2023
18041,Fayette County,18220,"Connersville, IN",Micropolitan Statistical Area,Central,458,"Richmond-Connersville, IN",2023
18043,Floyd County,31140,"Louisville/Jefferson County, KY-IN",Metropolitan Statistical Area,Central,350,"Louisville/Jefferson County--Elizabethtown, KY-IN",2023
18045,Fountain County,,,,,,,2023
18047,Franklin County,17140,"Cincinnati, OH-KY-IN",Metropolitan Statistical Area,Outlying,178,"Cincinnati-Wilmington, OH-KY-IN",2023
18049,Fulton County,,,,,,,2023
18051,Gibson County,,,,,,,2023
18053,Grant County,31980,"Marion, IN",Micropolitan Statistical Area,Central,,,2023
18055,Greene County,,,,,,,2023
18057,Hamilton County,26900,"Indianapolis-Carmel-Greenwood, IN",Metropolitan Statistical Area,Central,294,"Indianapolis-Carmel-Muncie, IN",2023
18059,Hancock County,26900,"Indianapolis-Carmel-Greenwood, IN",Metropolitan Statistical Area,Central,294,"Indianapolis-Carmel-Muncie, IN",2023
18061,Harrison County,31140,"Louisville/Jefferson County, KY-IN",Metropolitan Statistical Area,Outlying,350,"Louisville/Jefferson County--Elizabethtown, KY-IN",2023
18063,Hendricks County,26900,"Indianapolis-Carmel-Greenwood, IN",Metropolitan Statistical Area,Central,294,"Indianapolis-Carmel-Muncie, IN",2023
18065,Henry County,35220,"New Castle, IN",Micropolitan Statistical Area,Central,294,"Indianapolis-Carmel-Muncie, IN",2023
18067,Howard County,29020,"Kokomo, IN",Metropolitan Statistical Area,Central,294,"Indianapolis-Carmel-Muncie, IN",2023
18069,Huntington County,26540,"Huntington, IN",Micropolitan Statistical Area,Central,258,"Fort Wayne-Huntington-Auburn, IN",2023
18071,Jackson County,42980,"Seymour, IN",Micropolitan Statistical Area,Central,294,"Indianapolis-Carmel-Muncie, IN",2023
18073,Jasper County,16980,"Chicago-Naperville-Elgin, IL-IN",Metropolitan Statistical Area,Outlying,176,"Chicago-Naperville, IL-IN-WI",2023
18075,Jay County,,,,,,,2023
18077,Jefferson County,31500,"Madison, IN",Micropolitan Statistical Area,Central,,,2023
18079,Jennings County,,,,,,,2023
18081,Johnson County,26900,"Indianapolis-Carmel-Greenwood, IN",Metropolitan Statistical Area,Central,294,"Indianapolis-Carmel-Muncie, IN",2023
18083,Knox County,47180,"Vincennes, IN",Micropolitan Statistical Area,Central,,,2023
18085,Kosciusko County,47700,"Warsaw, IN",Micropolitan Statistical Area,Central,515,"South Bend-Elkhart-Mishawaka, IN-MI",2023
18087,LaGrange County,,,,,,,2023
18089,Lake County,16980,"Chicago-Naperville-Elgin, IL-IN",Metropolitan Statistical Area,Central,176,"Chicago-Naperville, IL-IN-WI",2023
18091,LaPorte County,33140,"Michigan City-La Porte, IN",Metropolitan Statistical Area,Central,176,"Chicago-Naperville, IL-IN-WI",2023
18093,Lawrence County,13260,"Bedford, IN",Micropolitan Statistical Area,Central,144,"Bloomington-Bedford, IN",2023
18095,Madison County,26900,"Indianapolis-Carmel-Greenwood, IN",Metropolitan Statistical Area,Outlying,294,"Indianapolis-Carmel-Muncie, IN",2023
18097,Marion County,26900,"Indianapolis-Carmel-Greenwood, IN",Metropolitan Statistical Area,Central,294,"Indianapolis-Carmel-Muncie, IN",2023
18099,Marshall County,38500,"Plymouth, IN",Micropolitan Statistical Area,Central,515,"South Bend-Elkhart-Mishawaka, IN-MI",2023
18101,Martin County,,,,,,,2023
18103,Miami County,37940,"Peru, IN",Micropolitan Statistical Area,Central,294,"Indianapolis-Carmel-Muncie, IN",2023
18105,Monroe County,14020,"Bloomington, IN",Metropolitan Statistical Area,Central,144,"Bloomington-Bedford, IN",2023
18107,Montgomery County,18820,"Crawfordsville, IN",Micropolitan Statistical Area,Central,294,"Indianapolis-Carmel-Muncie, IN",2023
18109,Morgan County,26900,"Indianapolis-Carmel-Greenwood, IN",Metropolitan Statistical Area,Central,294,"Indianapolis-Carmel-Muncie, IN",2023
18111,Newton County,16980,"Chicago-Naperville-Elgin, IL-IN",Metropolitan Statistical Area,Outlying,176,"Chicago-Naperville, IL-IN-WI",2023
18113,Noble County,28340,"Kendallville, IN",Micropolitan Statistical Area,Central,258,"Fort Wayne-Huntington-Auburn, IN",2023
18115,Ohio County,17140,"Cincinnati, OH-KY-IN",Metropolitan Statistical Area,Outlying,178,"Cincinnati-Wilmington, OH-KY-IN",2023
18117,Orange County,,,,,,,2023
18119,Owen County,14020,"Bloomington, IN",Metropolitan Statistical Area,Outlying,144,"Bloomington-Bedford, IN",2023
18121,Parke County,,,,,,,2023
18123,Perry County,,,,,,,2023
18125,Pike County,,,,,,,2023
18127,Porter County,16980,"Chicago-Naperville-Elgin, IL-IN",Metropolitan Statistical Area,Central,176,"Chicago-Naperville, IL-IN-WI",2023
18129,Posey County,21780,"Evansville, IN",Metropolitan Statistical Area,Outlying,241,"Evansville-Henderson, IN-KY",2023
18131,Pulaski County,,,,,,,2023
18133,Putnam County,24600,"Greencastle, IN",Micropolitan Statistical Area,Central,294,"Indianapolis-Carmel-Muncie, IN",2023
18135,Randolph County,,,,,,,2023
18137,Ripley County,,,,,,,2023
18139,Rush County,,,,,,,2023
18141,St. Joseph County,43780,"South Bend-Mishawaka, IN-MI",Metropolitan Statistical Area,Central,515,"South Bend-Elkhart-Mishawaka, IN-MI",2023
18143,Scott County,,,,,,,2023
18145,Shelby County,26900,"Indianapolis-Carmel-Greenwood, IN",Metropolitan Statistical Area,Outlying,294,"Indianapolis-Carmel-Muncie, IN",2023
18147,Spencer County,,,,,,,2023
18149,Starke County,,,,,,,2023
18151,Steuben County,11420,"Angola, IN",Micropolitan Statistical Area,Central,258,"Fort Wayne-Huntington-Auburn, IN",2023
18153,Sullivan County,45460,"Terre Haute, IN",Metropolitan Statistical Area,Outlying,,,2023
18155,Switzerland County,,,,,,,2023
18157,Tippecanoe County,29200,"Lafayette-West Lafayette, IN",Metropolitan Statistical Area,Central,320,"Lafayette-West Lafayette-Frankfort, IN",2023
18159,Tipton County,26900,"Indianapolis-Carmel-Greenwood, IN",Metropolitan Statistical Area,Outlying,294,"Indianapolis-Carmel-Muncie, IN",2023
18161,Union County,,,,,,,2023
18163,Vanderburgh County,21780,"Evansville, IN",Metropolitan Statistical Area,Central,241,"Evansville-Henderson, IN-KY",2023
18165,Vermillion County,45460,"Terre Haute, IN",Metropolitan Statistical Area,Outlying,,,2023
18167,Vigo County,45460,"Terre Haute, IN",Metropolitan Statistical Area,Central,,,2023
18169,Wabash County,47340,"Wabash, IN",Micropolitan Statistical Area,Central,,,2023
18171,Warren County,29200,"Lafayette-West Lafayette, IN",Metropolitan Statistical Area,Outlying,320,"Lafayette-West Lafayette-Frankfort, IN",2023
18173,Warrick County,21780,"Evansville, IN",Metropolitan Statistical Area,Central,241,"Evansville-Henderson, IN-KY",2023
18175,Washington County,31140,"Louisville/Jefferson County, KY-IN",Metropolitan Statistical Area,Outlying,350,"Louisville/Jefferson County--Elizabethtown, KY-IN",2023
18177,Wayne County,39980,"Richmond, IN",Micropolitan Statistical Area,Central,458,"Richmond-Connersville, IN",2023
18179,Wells County,23060,"Fort Wayne, IN",Metropolitan Statistical Area,Outlying,258,"Fort Wayne-Huntington-Auburn, IN",2023
18181,White County,33900,"Monticello, IN",Micropolitan Statistical Area,Central,320,"Lafayette-West Lafayette-Frankfort, IN",2023
18183,Whitley County,23060,"Fort Wayne, IN",Metropolitan Statistical Area,Outlying,258,"Fort Wayne-Huntington-Auburn, IN",2023
19001,Adair County,,,,,,,2023
19003,Adams County,,,,,,,2023
19005,Allamakee County,,,,,,,2023
19007,Appanoose County,,,,,,,2023
19009,Audubon County,,,,,,,2023
19011,Benton County,16300,"Cedar Rapids, IA",Metropolitan Statistical Area,Outlying,168,"Cedar Rapids-Iowa City, IA",2023
19013,Black Hawk County,47940,"Waterloo-Cedar Falls, IA",Metropolitan Statistical Area,Central,,,2023
19015,Boone County,11180,"Ames, IA",Metropolitan Statistical Area,Outlying,218,"Des Moines-West Des Moines-Ames, IA",2023
19017,Bremer County,47940,"Waterloo-Cedar Falls, IA",Metropolitan Statistical Area,Outlying,,,2023
19019,Buchanan County,,,,,,,2023
19021,Buena Vista County,44740,"Storm Lake, IA",Micropolitan Statistical Area,Central,,,2023
19023,Butler County,,,,,,,2023
19025,Calhoun County,,,,,,,2023
19027,Carroll County,16140,"Carroll, IA",Micropolitan Statistical Area,Central,,,2023
19029,Cass County,,,,,,,2023
19031,Cedar County,,,,,,,2023
19033,Cerro Gordo County,32380,"Mason City, IA",Micropolitan Statistical Area,Central,,,2023
19035,Cherokee County,,,,,,,2023
19037,Chickasaw County,,,,,,,2023
19039,Clarke County,,,,,,,2023
19041,Clay County,43980,"Spencer, IA",Micropolitan Statistical Area,Central,517,"Spencer-Spirit Lake, IA",2023
19043,Clayton County,,,,,,,2023
19045,Clinton County,17540,"Clinton, IA",Micropolitan Statistical Area,Central,209,"Davenport-Moline, IA-IL",2023
19047,Crawford County,,,,,,,2023
19049,Dallas County,19780,"Des Moines-West Des Moines, IA",Metropolitan Statistical Area,Central,218,"Des Moines-West Des Moines-Ames, IA",2023
19051,Davis County,,,,,,,2023
19053,Decatur County,,,,,,,2023
19055,Delaware County,,,,,,,2023
19057,Des Moines County,15460,"Burlington, IA-IL",Micropolitan Statistical Area,Central,161,"Burlington-Fort Madison, IA-IL",2023
19059,Dickinson County,44020,"Spirit Lake, IA",Micropolitan Statistical Area,Central,517,"Spencer-Spirit Lake, IA",2023
19061,Dubuque County,20220,"Dubuque, IA",Metropolitan Statistical Area,Central,,,2023
19063,Emmet County,,,,,,,2023
19065,Fayette County,,,,,,,2023
19067,Floyd County,,,,,,,2023
19069,Franklin County,,,,,,,2023
19071,Fremont County,,,,,,,2023
19073,Greene County,,,,,,,2023
19075,Grundy County,47940,"Waterloo-Cedar Falls, IA",Metropolitan Statistical Area,Outlying,,,2023
19077,Guthrie County,19780,"Des Moines-West Des Moines, IA",Metropolitan Statistical Area,Outlying,218,"Des Moines-West Des Moines-Ames, IA",2023
19079,Hamilton County,,,,,,,2023
19081,Hancock County,,,,,,,2023
19083,Hardin County,,,,,,,2023
19085,Harrison County,36540,"Omaha, NE-IA",Metropolitan Statistical Area,Outlying,420,"Omaha-Fremont, NE-IA",2023
19087,Henry County,,,,,,,2023
19089,Howard County,,,,,,,2023
19091,Humboldt County,,,,,,,2023
19093,Ida County,,,,,,,2023
19095,Iowa County,,,,,,,2023
19097,Jackson County,,,,,,,2023
19099,Jasper County,19780,"Des Moines-West Des Moines, IA",Metropolitan Statistical Area,Outlying,218,"Des Moines-West Des Moines-Ames, IA",2023
19101,Jefferson County,,,,,,,2023
19103,Johnson County,26980,"Iowa City, IA",Metropolitan Statistical Area,Central,168,"Cedar Rapids-Iowa City, IA",2023
19105,Jones County,16300,"Cedar Rapids, IA",Metropolitan Statistical Area,Outlying,168,"Cedar Rapids-Iowa City, IA",2023
19107,Keokuk County,,,,,,,2023
19109,Kossuth County,,,,,,,2023
19111,Lee County,22800,"Fort Madison, IA",Micropolitan Statistical Area,Central,161,"Burlington-Fort Madison, IA-IL",2023
19113,Linn County,16300,"Cedar Rapids, IA",Metropolitan Statistical Area,Central,168,"Cedar Rapids-Iowa City, IA",2023
19115,Louisa County,,,,,,,2023
19117,Lucas County,,,,,,,2023
19119,Lyon County,,,,,,,2023
19121,Madison County,19780,"Des Moines-West Des Moines, IA",Metropolitan Statistical Area,Outlying,218,"Des Moines-West Des Moines-Ames, IA",2023
19123,Mahaska County,36820,"Oskaloosa, IA",Micropolitan Statistical Area,Central,218,"Des Moines-West Des Moines-Ames, IA",2023
19125,Marion County,37800,"Pella, IA",Micropolitan Statistical Area,Central,218,"Des Moines-West Des Moines-Ames, IA",2023
19127,Marshall County,32260,"Marshalltown, IA",Micropolitan Statistical Area,Central,,,2023
19129,Mills County,36540,"Omaha, NE-IA",Metropolitan Statistical Area,Outlying,420,"Omaha-Fremont, NE-IA",2023
19131,Mitchell County,,,,,,,2023
19133,Monona County,,,,,,,2023
19135,Monroe County,,,,,,,2023
19137,Montgomery County,,,,,,,2023
19139,Muscatine County,34700,"Muscatine, IA",Micropolitan Statistical Area,Central,209,"Davenport-Moline, IA-IL",2023
19141,O'Brien County,,,,,,,2023
19143,Osceola County,,,,,,,2023
19145,Page County,,,,,,,2023
19147,Palo Alto County,,,,,,,2023
19149,Plymouth County,30180,"Le Mars, IA",Micropolitan Statistical Area,Central,512,"Sioux City-Le Mars, IA-NE-SD",2023
19151,Pocahontas County,,,,,,,2023
19153,Polk County,19780,"Des Moines-West Des Moines, IA",Metropolitan Statistical Area,Central,218,"Des Moines-West Des Moines-Ames, IA",2023
19155,Pottawattamie County,36540,"Omaha, NE-IA",Metropolitan Statistical Area,Central,420,"Omaha-Fremont, NE-IA",2023
19157,Poweshiek County,,,,,,,2023
19159,Ringgold County,,,,,,,2023
19161,Sac County,,,,,,,2023
19163,Scott County,19340,"Davenport-Moline-Rock Island, IA-IL",Metropolitan Statistical Area,Central,209,"Davenport-Moline, IA-IL",2023
19165,Shelby County,,,,,,,2023
19167,Sioux County,,,,,,,2023
19169,Story County,11180,"Ames, IA",Metropolitan Statistical Area,Central,218,"Des Moines-West Des Moines-Ames, IA",2023
19171,Tama County,,,,,,,2023
19173,Taylor County,,,,,,,2023
19175,Union County,,,,,,,2023
19177,Van Buren County,,,,,,,2023
19179,Wapello County,36900,"Ottumwa, IA",Micropolitan Statistical Area,Central,,,2023
19181,Warren County,19780,"Des Moines-West Des Moines, IA",Metropolitan Statistical Area,Outlying,218,"Des Moines-West Des Moines-Ames, IA",2023
19183,Washington County,26980,"Iowa City, IA",Metropolitan Statistical Area,Outlying,168,"Cedar Rapids-Iowa City, IA",2023
19185,Wayne County,,,,,,,2023
19187,Webster County,22700,"Fort Dodge, IA",Micropolitan Statistical Area,Central,,,2023
19189,Winnebago County,,,,,,,2023
19191,Winneshiek County,,,,,,,2023
19193,Woodbury County,43580,"Sioux City, IA-NE-SD",Metropolitan Statistical Area,Central,512,"Sioux City-Le Mars, IA-NE-SD",2023
19195,Worth County,32380,"Mason City, IA",Micropolitan Statistical Area,Outlying,,,2023
19197,Wright County,,,,,,,2023
20001,Allen County,,,,,,,2023
20003,Anderson County,,,,,,,2023
20005,Atchison County,11860,"Atchison, KS",Micropolitan Statistical Area,Central,312,"Kansas City-Overland Park-Kansas City, MO-KS",2023
20007,Barber County,,,,,,,2023
20009,Barton County,24460,"Great Bend, KS",Micropolitan Statistical Area,Central,,,2023
20011,Bourbon County,,,,,,,2023
20013,Brown County,,,,,,,2023
20015,Butler County,48620,"Wichita, KS",Metropolitan Statistical Area,Central,556,"Wichita-Arkansas City-Winfield, KS",2023
20017,Chase County,21380,"Emporia, KS",Micropolitan Statistical Area,Outlying,,,2023
20019,Chautauqua County,,,,,,,2023
20021,Cherokee County,27900,"Joplin, MO-KS",Metropolitan Statistical Area,Outlying,309,"Joplin-Miami, MO-OK-KS",2023
20023,Cheyenne County,,,,,,,2023
20025,Clark County,,,,,,,2023
20027,Clay County,,,,,,,2023
20029,Cloud County,,,,,,,2023
20031,Coffey County,,,,,,,2023
20033,Comanche County,,,,,,,2023
20035,Cowley County,11680,"Arkansas City-Winfield, KS",Micropolitan Statistical Area,Central,556,"Wichita-Arkansas City-Winfield, KS",2023
20037,Crawford County,38260,"Pittsburg, KS",Micropolitan Statistical Area,Central,,,2023
20039,Decatur County,,,,,,,2023
20041,Dickinson County,,,,,,,2023
20043,Doniphan County,41140,"St. Joseph, MO-KS",Metropolitan Statistical Area,Outlying,312,"Kansas City-Overland Park-Kansas City, MO-KS",2023
20045,Douglas County,29940,"Lawrence, KS",Metropolitan Statistical Area,Central,312,"Kansas City-Overland Park-Kansas City, MO-KS",2023
20047,Edwards County,,,,,,,2023
20049,Elk County,,,,,,,2023
20051,Ellis County,25700,"Hays, KS",Micropolitan Statistical Area,Central,,,2023
20053,Ellsworth County,,,,,,,2023
20055,Finney County,23780,"Garden City, KS",Micropolitan Statistical Area,Central,,,2023
20057,Ford County,19980,"Dodge City, KS",Micropolitan Statistical Area,Central,,,2023
20059,Franklin County,36840,"Ottawa, KS",Micropolitan Statistical Area,Central,312,"Kansas City-Overland Park-Kansas City, MO-KS",2023
20061,Geary County,31740,"Manhattan, KS",Metropolitan Statistical Area,Outlying,,,2023
20063,Gove County,,,,,,,2023
20065,Graham County,,,,,,,2023
20067,Grant County,,,,,,,2023
20069,Gray County,,,,,,,2023
20071,Greeley County,,,,,,,2023
20073,Greenwood County,,,,,,,2023
20075,Hamilton County,,,,,,,2023
20077,Harper County,,,,,,,2023
20079,Harvey County,48620,"Wichita, KS",Metropolitan Statistical Area,Outlying,556,"Wichita-Arkansas City-Winfield, KS",2023
20081,Haskell County,,,,,,,2023
20083,Hodgeman County,,,,,,,2023
20085,Jackson County,45820,"Topeka, KS",Metropolitan Statistical Area,Outlying,,,2023
20087,Jefferson County,45820,"Topeka, KS",Metropolitan Statistical Area,Outlying,,,2023
20089,Jewell County,,,,,,,2023
20091,Johnson County,28140,"Kansas City, MO-KS",Metropolitan Statistical Area,Central,312,"Kansas City-Overland Park-Kansas City, MO-KS",2023
20093,Kearny County,,,,,,,2023
20095,Kingman County,,,,,,,2023
20097,Kiowa County,,,,,,,2023
20099,Labette County,,,,,,,2023
20101,Lane County,,,,,,,2023
20103,Leavenworth County,28140,"Kansas City, MO-KS",Metropolitan Statistical Area,Outlying,312,"Kansas City-Overland Park-Kansas City, MO-KS",2023
20105,Lincoln County,,,,,,,2023
20107,Linn County,28140,"Kansas City, MO-KS",Metropolitan Statistical Area,Outlying,312,"Kansas City-Overland Park-Kansas City, MO-KS",2023
20109,Logan County,,,,,,,2023
20111,Lyon County,21380,"Emporia, KS",Micropolitan Statistical Area,Central,,,2023
20113,McPherson County,32700,"McPherson, KS",Micropolitan Statistical Area,Central,,,2023
20115,Marion County,,,,,,,2023
20117,Marshall County,,,,,,,2023
20119,Meade County,,,,,,,2023
20121,Miami County,28140,"Kansas City, MO-KS",Metropolitan Statistical Area,Outlying,312,"Kansas City-Overland Park-Kansas City, MO-KS",2023
20123,Mitchell County,,,,,,,2023
20125,Montgomery County,,,,,,,2023
20127,Morris County,,,,,,,2023
20129,Morton County,,,,,,,2023
20131,Nemaha County,,,,,,,2023
20133,Neosho County,,,,,,,2023
20135,Ness County,,,,,,,2023
20137,Norton County,,,,,,,2023
20139,Osage County,45820,"Topeka, KS",Metropolitan Statistical Area,Outlying,,,2023
20141,Osborne County,,,,,,,2023
20143,Ottawa County,41460,"Salina, KS",Micropolitan Statistical Area,Outlying,,,2023
20145,Pawnee County,,,,,,,2023
20147,Phillips County,,,,,,,2023
20149,Pottawatomie County,31740,"Manhattan, KS",Metropolitan Statistical Area,Outlying,,,2023
20151,Pratt County,,,,,,,2023
20153,Rawlins County,,,,,,,2023
20155,Reno County,26740,"Hutchinson, KS",Micropolitan Statistical Area,Central,,,2023
20157,Republic County,,,,,,,2023
20159,Rice County,,,,,,,2023
20161,Riley County,31740,"Manhattan, KS",Metropolitan Statistical Area,Central,,,2023
20163,Rooks County,,,,,,,2023
20165,Rush County,,,,,,,2023
20167,Russell County,,,,,,,2023
20169,Saline County,41460,"Salina, KS",Micropolitan Statistical Area,Central,,,2023
20171,Scott County,,,,,,,2023
20173,Sedgwick County,48620,"Wichita, KS",Metropolitan Statistical Area,Central,556,"Wichita-Arkansas City-Winfield, KS",2023
20175,Seward County,30580,"Liberal, KS",Micropolitan Statistical Area,Central,,,2023
20177,Shawnee County,45820,"Topeka, KS",Metropolitan Statistical Area,Central,,,2023
20179,Sheridan County,,,,,,,2023
20181,Sherman County,,,,,,,2023
20183,Smith County,,,,,,,2023
20185,Stafford County,,,,,,,2023
20187,Stanton County,,,,,,,2023
20189,Stevens County,,,,,,,2023
20191,Sumner County,48620,"Wichita, KS",Metropolitan Statistical Area,Outlying,556,"Wichita-Arkansas City-Winfield, KS",2023
20193,Thomas County,,,,,,,2023
20195,Trego County,,,,,,,2023
20197,Wabaunsee County,45820,"Topeka, KS",Metropolitan Statistical Area,Outlying,,,2023
20199,Wallace County,,,,,,,2023
20201,Washington County,,,,,,,2023
20203,Wichita County,,,,,,,2023
20205,Wilson County,,,,,,,2023
20207,Woodson County,,,,,,,2023
20209,Wyandotte County,28140,"Kansas City, MO-KS",Metropolitan Statistical Area,Central,312,"Kansas City-Overland Park-Kansas City, MO-KS",2023
21001,Adair County,,,,,,,2023
21003,Allen County,14540,"Bowling Green, KY",Metropolitan Statistical Area,Outlying,150,"Bowling Green-Glasgow-Franklin, KY",2023
21005,Anderson County,23180,"Frankfort, KY",Micropolitan Statistical Area,Outlying,336,"Lexington-Fayette--Richmond--Frankfort, KY",2023
21007,Ballard County,37140,"Paducah, KY-IL",Metropolitan Statistical Area,Outlying,424,"Paducah-Mayfield, KY-IL",2023
21009,Barren County,23980,"Glasgow, KY",Micropolitan Statistical Area,Central,150,"Bowling Green-Glasgow-Franklin, KY",2023
21011,Bath County,34460,"Mount Sterling, KY",Micropolitan Statistical Area,Outlying,336,"Lexington-Fayette--Richmond--Frankfort, KY",2023
21013,Bell County,33180,"Middlesborough, KY",Micropolitan Statistical Area,Central,371,"Middlesborough-Corbin, KY",2023
21015,Boone County,17140,"Cincinnati, OH-KY-IN",Metropolitan Statistical Area,Central,178,"Cincinnati-Wilmington, OH-KY-IN",2023
21017,Bourbon County,30460,"Lexington-Fayette, KY",Metropolitan Statistical Area,Outlying,336,"Lexington-Fayette--Richmond--Frankfort, KY",2023
21019,Boyd County,26580,"Huntington-Ashland, WV-KY-OH",Metropolitan Statistical Area,Central,170,"Charleston-Huntington-Ashland, WV-OH-KY",2023
21021,Boyle County,19220,"Danville, KY",Micropolitan Statistical Area,Central,,,2023
21023,Bracken County,17140,"Cincinnati, OH-KY-IN",Metropolitan Statistical Area,Outlying,178,"Cincinnati-Wilmington, OH-KY-IN",2023
21025,Breathitt County,,,,,,,2023
21027,Breckinridge County,,,,,,,2023
21029,Bullitt County,31140,"Louisville/Jefferson County, KY-IN",Metropolitan Statistical Area,Central,350,"Louisville/Jefferson County--Elizabethtown, KY-IN",2023
21031,Butler County,14540,"Bowling Green, KY",Metropolitan Statistical Area,Outlying,150,"Bowling Green-Glasgow-Franklin, KY",2023
21033,Caldwell County,,,,,,,2023
21035,Calloway County,34660,"Murray, KY",Micropolitan Statistical Area,Central,,,2023
21037,Campbell County,17140,"Cincinnati, OH-KY-IN",Metropolitan Statistical Area,Central,178,"Cincinnati-Wilmington, OH-KY-IN",2023
21039,Carlisle County,37140,"Paducah, KY-IL",Metropolitan Statistical Area,Outlying,424,"Paducah-Mayfield, KY-IL",2023
21041,Carroll County,,,,,,,2023
21043,Carter County,26580,"Huntington-Ashland, WV-KY-OH",Metropolitan Statistical Area,Outlying,170,"Charleston-Huntington-Ashland, WV-OH-KY",2023
21045,Casey County,,,,,,,2023
21047,Christian County,17300,"Clarksville, TN-KY",Metropolitan Statistical Area,Outlying,,,2023
21049,Clark County,30460,"Lexington-Fayette, KY",Metropolitan Statistical Area,Outlying,336,"Lexington-Fayette--Richmond--Frankfort, KY",2023
21051,Clay County,18340,"Corbin, KY",Micropolitan Statistical Area,Outlying,371,"Middlesborough-Corbin, KY",2023
21053,Clinton County,,,,,,,2023
21055,Crittenden County,,,,,,,2023
21057,Cumberland County,,,,,,,2023
21059,Daviess County,36980,"Owensboro, KY",Metropolitan Statistical Area,Central,,,2023
21061,Edmonson County,14540,"Bowling Green, KY",Metropolitan Statistical Area,Outlying,150,"Bowling Green-Glasgow-Franklin, KY",2023
21063,Elliott County,,,,,,,2023
21065,Estill County,40080,"Richmond-Berea, KY",Micropolitan Statistical Area,Outlying,336,"Lexington-Fayette--Richmond--Frankfort, KY",2023
21067,Fayette County,30460,"Lexington-Fayette, KY",Metropolitan Statistical Area,Central,336,"Lexington-Fayette--Richmond--Frankfort, KY",2023
21069,Fleming County,,,,,,,2023
21071,Floyd County,38210,"Pikeville, KY",Micropolitan Statistical Area,Outlying,,,2023
21073,Franklin County,23180,"Frankfort, KY",Micropolitan Statistical Area,Central,336,"Lexington-Fayette--Richmond--Frankfort, KY",2023
21075,Fulton County,,,,,,,2023
21077,Gallatin County,17140,"Cincinnati, OH-KY-IN",Metropolitan Statistical Area,Outlying,178,"Cincinnati-Wilmington, OH-KY-IN",2023
21079,Garrard County,,,,,,,2023
21081,Grant County,17140,"Cincinnati, OH-KY-IN",Metropolitan Statistical Area,Outlying,178,"Cincinnati-Wilmington, OH-KY-IN",2023
21083,Graves County,32460,"Mayfield, KY",Micropolitan Statistical Area,Central,424,"Paducah-Mayfield, KY-IL",2023
21085,Grayson County,,,,,,,2023
21087,Green County,15820,"Campbellsville, KY",Micropolitan Statistical Area,Outlying,,,2023
21089,Greenup County,26580,"Huntington-Ashland, WV-KY-OH",Metropolitan Statistical Area,Central,170,"Charleston-Huntington-Ashland, WV-OH-KY",2023
21091,Hancock County,,,,,,,2023
21093,Hardin County,21060,"Elizabethtown, KY",Metropolitan Statistical Area,Central,350,"Louisville/Jefferson County--Elizabethtown, KY-IN",2023
21095,Harlan County,,,,,,,2023
21097,Harrison County,,,,,,,2023
21099,Hart County,,,,,,,2023
21101,Henderson County,25775,"Henderson, KY",Micropolitan Statistical Area,Central,241,"Evansville-Henderson, IN-KY",2023
21103,Henry County,31140,"Louisville/Jefferson County, KY-IN",Metropolitan Statistical Area,Outlying,350,"Louisville/Jefferson County--Elizabethtown, KY-IN",2023
21105,Hickman County,,,,,,,2023
21107,Hopkins County,31580,"Madisonville, KY",Micropolitan Statistical Area,Central,,,2023
21109,Jackson County,,,,,,,2023
21111,Jefferson County,31140,"Louisville/Jefferson County, KY-IN",Metropolitan Statistical Area,Central,350,"Louisville/Jefferson County--Elizabethtown, KY-IN",2023
21113,Jessamine County,30460,"Lexington-Fayette, KY",Metropolitan Statistical Area,Outlying,336,"Lexington-Fayette--Richmond--Frankfort, KY",2023
21115,Johnson County,,,,,,,2023
21117,Kenton County,17140,"Cincinnati, OH-KY-IN",Metropolitan Statistical Area,Central,178,"Cincinnati-Wilmington, OH-KY-IN",2023
21119,Knott County,,,,,,,2023
21121,Knox County,18340,"Corbin, KY",Micropolitan Statistical Area,Central,371,"Middlesborough-Corbin, KY",2023
21123,Larue County,21060,"Elizabethtown, KY",Metropolitan Statistical Area,Outlying,350,"Louisville/Jefferson County--Elizabethtown, KY-IN",2023
21125,Laurel County,18340,"Corbin, KY",Micropolitan Statistical Area,Central,371,"Middlesborough-Corbin, KY",2023
21127,Lawrence County,26580,"Huntington-Ashland, WV-KY-OH",Metropolitan Statistical Area,Outlying,170,"Charleston-Huntington-Ashland, WV-OH-KY",2023
21129,Lee County,,,,,,,2023
21131,Leslie County,,,,,,,2023
21133,Letcher County,,,,,,,2023
21135,Lewis County,,,,,,,2023
21137,Lincoln County,19220,"Danville, KY",Micropolitan Statistical Area,Outlying,,,2023
21139,Livingston County,37140,"Paducah, KY-IL",Metropolitan Statistical Area,Outlying,424,"Paducah-Mayfield, KY-IL",2023
21141,Logan County,,,,,,,2023
21143,Lyon County,,,,,,,2023
21145,McCracken County,37140,"Paducah, KY-IL",Metropolitan Statistical Area,Central,424,"Paducah-Mayfield, KY-IL",2023
21147,McCreary County,,,,,,,2023
21149,McLean County,36980,"Owensboro, KY",Metropolitan Statistical Area,Outlying,,,2023
21151,Madison County,40080,"Richmond-Berea, KY",Micropolitan Statistical Area,Central,336,"Lexington-Fayette--Richmond--Frankfort, KY",2023
21153,Magoffin County,,,,,,,2023
21155,Marion County,,,,,,,2023
21157,Marshall County,,,,,,,2023
21159,Martin County,,,,,,,2023
21161,Mason County,,,,,,,2023
21163,Meade County,31140,"Louisville/Jefferson County, KY-IN",Metropolitan Statistical Area,Outlying,350,"Louisville/Jefferson County--Elizabethtown, KY-IN",2023
21165,Menifee County,34460,"Mount Sterling, KY",Micropolitan Statistical Area,Outlying,336,"Lexington-Fayette--Richmond--Frankfort, KY",2023
21167,Mercer County,,,,,,,2023
21169,Metcalfe County,23980,"Glasgow, KY",Micropolitan Statistical Area,Outlying,150,"Bowling Green-Glasgow-Franklin, KY",2023
21171,Monroe County,,,,,,,2023
21173,Montgomery County,34460,"Mount Sterling, KY",Micropolitan Statistical Area,Central,336,"Lexington-Fayette--Richmond--Frankfort, KY",2023
21175,Morgan County,,,,,,,2023
21177,Muhlenberg County,,,,,,,2023
21179,Nelson County,31140,"Louisville/Jefferson County, KY-IN",Metropolitan Statistical Area,Outlying,350,"Louisville/Jefferson County--Elizabethtown, KY-IN",2023
21181,Nicholas County,,,,,,,2023
21183,Ohio County,,,,,,,2023
21185,Oldham County,31140,"Louisville/Jefferson County, KY-IN",Metropolitan Statistical Area,Central,350,"Louisville/Jefferson County--Elizabethtown, KY-IN",2023
21187,Owen County,,,,,,,2023
21189,Owsley County,,,,,,,2023
21191,Pendleton County,17140,"Cincinnati, OH-KY-IN",Metropolitan Statistical Area,Outlying,178,"Cincinnati-Wilmington, OH-KY-IN",2023
21193,Perry County,,,,,,,2023
21195,Pike County,38210,"Pikeville, KY",Micropolitan Statistical Area,Central,,,2023
21197,Powell County,,,,,,,2023
21199,Pulaski County,43700,"Somerset, KY",Micropolitan Statistical Area,Central,,,2023
21201,Robertson County,,,,,,,2023
21203,Rockcastle County,40080,"Richmond-Berea, KY",Micropolitan Statistical Area,Outlying,336,"Lexington-Fayette--Richmond--Frankfort, KY",2023
21205,Rowan County,,,,,,,2023
21207,Russell County,,,,,,,2023
21209,Scott County,30460,"Lexington-Fayette, KY",Metropolitan Statistical Area,Outlying,336,"Lexington-Fayette--Richmond--Frankfort, KY",2023
21211,Shelby County,31140,"Louisville/Jefferson County, KY-IN",Metropolitan Statistical Area,Outlying,350,"Louisville/Jefferson County--Elizabethtown, KY-IN",2023
21213,Simpson County,23190,"Franklin, KY",Micropolitan Statistical Area,Central,150,"Bowling Green-Glasgow-Franklin, KY",2023
21215,Spencer County,31140,"Louisville/Jefferson County, KY-IN",Metropolitan Statistical Area,Outlying,350,"Louisville/Jefferson County--Elizabethtown, KY-IN",2023
21217,Taylor County,15820,"Campbellsville, KY",Micropolitan Statistical Area,Central,,,2023
21219,Todd County,,,,,,,2023
21221,Trigg County,17300,"Clarksville, TN-KY",Metropolitan Statistical Area,Outlying,,,2023
21223,Trimble County,,,,,,,2023
21225,Union County,,,,,,,2023
21227,Warren County,14540,"Bowling Green, KY",Metropolitan Statistical Area,Central,150,"Bowling Green-Glasgow-Franklin, KY",2023
21229,Washington County,,,,,,,2023
21231,Wayne County,,,,,,,2023
21233,Webster County,25775,"Henderson, KY",Micropolitan Statistical Area,Outlying,241,"Evansville-Henderson, IN-KY",2023
21235,Whitley County,18340,"Corbin, KY",Micropolitan Statistical Area,Central,371,"Middlesborough-Corbin, KY",2023
21237,Wolfe County,,,,,,,2023
21239,Woodford County,30460,"Lexington-Fayette, KY",Metropolitan Statistical Area,Outlying,336,"Lexington-Fayette--Richmond--Frankfort, KY",2023
22001,Acadia Parish,29180,"Lafayette, LA",Metropolitan Statistical Area,Outlying,318,"Lafayette-New Iberia-Opelousas, LA",2023
22003,Allen Parish,,,,,,,2023
22005,Ascension Parish,12940,"Baton Rouge, LA",Metropolitan Statistical Area,Central,132,"Baton Rouge-Hammond, LA",2023
22007,Assumption Parish,12940,"Baton Rouge, LA",Metropolitan Statistical Area,Outlying,132,"Baton Rouge-Hammond, LA",2023
22009,Avoyelles Parish,,,,,,,2023
22011,Beauregard Parish,19760,"DeRidder, LA",Micropolitan Statistical Area,Central,324,"Lake Charles-DeRidder, LA",2023
22013,Bienville Parish,,,,,,,2023
22015,Bossier Parish,43340,"Shreveport-Bossier City, LA",Metropolitan Statistical Area,Central,508,"Shreveport-Bossier City-Minden, LA",2023
22017,Caddo Parish,43340,"Shreveport-Bossier City, LA",Metropolitan Statistical Area,Central,508,"Shreveport-Bossier City-Minden, LA",2023
22019,Calcasieu Parish,29340,"Lake Charles, LA",Metropolitan Statistical Area,Central,324,"Lake Charles-DeRidder, LA",2023
22021,Caldwell Parish,,,,,,,2023
22023,Cameron Parish,29340,"Lake Charles, LA",Metropolitan Statistical Area,Outlying,324,"Lake Charles-DeRidder, LA",2023
22025,Catahoula Parish,,,,,,,2023
22027,Claiborne Parish,,,,,,,2023
22029,Concordia Parish,35020,"Natchez, MS-LA",Micropolitan Statistical Area,Central,,,2023
22031,De Soto Parish,43340,"Shreveport-Bossier City, LA",Metropolitan Statistical Area,Outlying,508,"Shreveport-Bossier City-Minden, LA",2023
22033,East Baton Rouge Parish,12940,"Baton Rouge, LA",Metropolitan Statistical Area,Central,132,"Baton Rouge-Hammond, LA",2023
22035,East Carroll Parish,,,,,,,2023
22037,East Feliciana Parish,12940,"Baton Rouge, LA",Metropolitan Statistical Area,Outlying,132,"Baton Rouge-Hammond, LA",2023
22039,Evangeline Parish,,,,,,,2023
22041,Franklin Parish,,,,,,,2023
22043,Grant Parish,10780,"Alexandria, LA",Metropolitan Statistical Area,Outlying,,,2023
22045,Iberia Parish,35340,"New Iberia, LA",Micropolitan Statistical Area,Central,318,"Lafayette-New Iberia-Opelousas, LA",2023
22047,Iberville Parish,12940,"Baton Rouge, LA",Metropolitan Statistical Area,Central,132,"Baton Rouge-Hammond, LA",2023
22049,Jackson Parish,,,,,,,2023
22051,Jefferson Parish,35380,"New Orleans-Metairie, LA",Metropolitan Statistical Area,Central,406,"New Orleans-Metairie-Slidell, LA-MS",2023
22053,Jefferson Davis Parish,29340,"Lake Charles, LA",Metropolitan Statistical Area,Outlying,324,"Lake Charles-DeRidder, LA",2023
22055,Lafayette Parish,29180,"Lafayette, LA",Metropolitan Statistical Area,Central,318,"Lafayette-New Iberia-Opelousas, LA",2023
22057,Lafourche Parish,26380,"Houma-Bayou Cane-Thibodaux, LA",Metropolitan Statistical Area,Central,,,2023
22059,LaSalle Parish,,,,,,,2023
22061,Lincoln Parish,40820,"Ruston, LA",Micropolitan Statistical Area,Central,384,"Monroe-Ruston, LA",2023
22063,Livingston Parish,12940,"Baton Rouge, LA",Metropolitan Statistical Area,Central,132,"Baton Rouge-Hammond, LA",2023
22065,Madison Parish,,,,,,,2023
22067,Morehouse Parish,33740,"Monroe, LA",Metropolitan Statistical Area,Outlying,384,"Monroe-Ruston, LA",2023
22069,Natchitoches Parish,35060,"Natchitoches, LA",Micropolitan Statistical Area,Central,,,2023
22071,Orleans Parish,35380,"New Orleans-Metairie, LA",Metropolitan Statistical Area,Central,406,"New Orleans-Metairie-Slidell, LA-MS",2023
22073,Ouachita Parish,33740,"Monroe, LA",Metropolitan Statistical Area,Central,384,"Monroe-Ruston, LA",2023
22075,Plaquemines Parish,35380,"New Orleans-Metairie, LA",Metropolitan Statistical Area,Central,406,"New Orleans-Metairie-Slidell, LA-MS",2023
22077,Pointe Coupee Parish,12940,"Baton Rouge, LA",Metropolitan Statistical Area,Outlying,132,"Baton Rouge-Hammond, LA",2023
22079,Rapides Parish,10780,"Alexandria, LA",Metropolitan Statistical Area,Central,,,2023
22081,Red River Parish,,,,,,,2023
22083,Richland Parish,33740,"Monroe, LA",Metropolitan Statistical Area,Outlying,384,"Monroe-Ruston, LA",2023
22085,Sabine Parish,,,,,,,2023
22087,St. Bernard Parish,35380,"New Orleans-Metairie, LA",Metropolitan Statistical Area,Central,406,"New Orleans-Metairie-Slidell, LA-MS",2023
22089,St. Charles Parish,35380,"New Orleans-Metairie, LA",Metropolitan Statistical Area,Central,406,"New Orleans-Metairie-Slidell, LA-MS",2023
22091,St. Helena Parish,12940,"Baton Rouge, LA",Metropolitan Statistical Area,Outlying,132,"Baton Rouge-Hammond, LA",2023
22093,St. James Parish,35380,"New Orleans-Metairie, LA",Metropolitan Statistical Area,Central,406,"New Orleans-Metairie-Slidell, LA-MS",2023
22095,St. John the Baptist Parish,35380,"New Orleans-Metairie, LA",Metropolitan Statistical Area,Central,406,"New Orleans-Metairie-Slidell, LA-MS",2023
22097,St. Landry Parish,36660,"Opelousas, LA",Micropolitan Statistical Area,Central,318,"Lafayette-New Iberia-Opelousas, LA",2023
22099,St. Martin Parish,29180,"Lafayette, LA",Metropolitan Statistical Area,Outlying,318,"Lafayette-New Iberia-Opelousas, LA",2023
22101,St. Mary Parish,34020,"Morgan City, LA",Micropolitan Statistical Area,Central,,,2023
22103,St. Tammany Parish,43640,"Slidell-Mandeville-Covington, LA",Metropolitan Statistical Area,Central,406,"New Orleans-Metairie-Slidell, LA-MS",2023
22105,Tangipahoa Parish,25220,"Hammond, LA",Metropolitan Statistical Area,Central,132,"Baton Rouge-Hammond, LA",2023
22107,Tensas Parish,,,,,,,2023
22109,Terrebonne Parish,26380,"Houma-Bayou Cane-Thibodaux, LA",Metropolitan Statistical Area,Central,,,2023
22111,Union Parish,33740,"Monroe, LA",Metropolitan Statistical Area,Outlying,384,"Monroe-Ruston, LA",2023
22113,Vermilion Parish,29180,"Lafayette, LA",Metropolitan Statistical Area,Outlying,318,"Lafayette-New Iberia-Opelousas, LA",2023
22115,Vernon Parish,,,,,,,2023
22117,Washington Parish,14220,"Bogalusa, LA",Micropolitan Statistical Area,Central,406,"New Orleans-Metairie-Slidell, LA-MS",2023
22119,Webster Parish,33380,"Minden, LA",Micropolitan Statistical Area,Central,508,"Shreveport-Bossier City-Minden, LA",2023
22121,West Baton Rouge Parish,12940,"Baton Rouge, LA",Metropolitan Statistical Area,Central,132,"Baton Rouge-Hammond, LA",2023
22123,West Carroll Parish,,,,,,,2023
22125,West Feliciana Parish,12940,"Baton Rouge, LA",Metropolitan Statistical Area,Outlying,132,"Baton Rouge-Hammond, LA",2023
22127,Winn Parish,,,,,,,2023
23001,Androscoggin County,30340,"Lewiston-Auburn, ME",Metropolitan Statistical Area,Central,438,"Portland-Lewiston-South Portland, ME",2023
23003,Aroostook County,,,,,,,2023
23005,Cumberland County,38860,"Portland-South Portland, ME",Metropolitan Statistical Area,Central,438,"Portland-Lewiston-South Portland, ME",2023
23007,Franklin County,,,,,,,2023
23009,Hancock County,,,,,,,2023
23011,Kennebec County,12300,"Augusta-Waterville, ME",Micropolitan Statistical Area,Central,,,2023
23013,Knox County,,,,,,,2023
23015,Lincoln County,,,,,,,2023
23017,Oxford County,,,,,,,2023
23019,Penobscot County,12620,"Bangor, ME",Metropolitan Statistical Area,Central,,,2023
23021,Piscataquis County,,,,,,,2023
23023,Sagadahoc County,38860,"Portland-South Portland, ME",Metropolitan Statistical Area,Outlying,438,"Portland-Lewiston-South Portland, ME",2023
23025,Somerset County,,,,,,,2023
23027,Waldo County,,,,,,,2023
23029,Washington County,,,,,,,2023
23031,York County,38860,"Portland-South Portland, ME",Metropolitan Statistical Area,Central,438,"Portland-Lewiston-South Portland, ME",2023
24001,Allegany County,19060,"Cumberland, MD-WV",Micropolitan Statistical Area,Central,,,2023
24003,Anne Arundel County,12580,"Baltimore-Columbia-Towson, MD",Metropolitan Statistical Area,Central,548,"Washington-Baltimore-Arlington, DC-MD-VA-WV-PA",2023
24005,Baltimore County,12580,"Baltimore-Columbia-Towson, MD",Metropolitan Statistical Area,Central,548,"Washington-Baltimore-Arlington, DC-MD-VA-WV-PA",2023
24009,Calvert County,30500,"Lexington Park, MD",Metropolitan Statistical Area,Central,548,"Washington-Baltimore-Arlington, DC-MD-VA-WV-PA",2023
24011,Caroline County,,,,,,,2023
24013,Carroll County,12580,"Baltimore-Columbia-Towson, MD",Metropolitan Statistical Area,Outlying,548,"Washington-Baltimore-Arlington, DC-MD-VA-WV-PA",2023
24015,Cecil County,37980,"Philadelphia-Camden-Wilmington, PA-NJ-DE-MD",Metropolitan Statistical Area,Central,428,"Philadelphia-Reading-Camden, PA-NJ-DE-MD",2023
24017,Charles County,47900,"Washington-Arlington-Alexandria, DC-VA-MD-WV",Metropolitan Statistical Area,Outlying,548,"Washington-Baltimore-Arlington, DC-MD-VA-WV-PA",2023
24019,Dorchester County,15700,"Cambridge, MD",Micropolitan Statistical Area,Central,548,"Washington-Baltimore-Arlington, DC-MD-VA-WV-PA",2023
24021,Frederick County,47900,"Washington-Arlington-Alexandria, DC-VA-MD-WV",Metropolitan Statistical Area,Outlying,548,"Washington-Baltimore-Arlington, DC-MD-VA-WV-PA",2023
24023,Garrett County,,,,,,,2023
24025,Harford County,12580,"Baltimore-Columbia-Towson, MD",Metropolitan Statistical Area,Outlying,548,"Washington-Baltimore-Arlington, DC-MD-VA-WV-PA",2023
24027,Howard County,12580,"Baltimore-Columbia-Towson, MD",Metropolitan Statistical Area,Central,548,"Washington-Baltimore-Arlington, DC-MD-VA-WV-PA",2023
24029,Kent County,,,,,,,2023
24031,Montgomery County,47900,"Washington-Arlington-Alexandria, DC-VA-MD-WV",Metropolitan Statistical Area,Central,548,"Washington-Baltimore-Arlington, DC-MD-VA-WV-PA",2023
24033,Prince George's County,47900,"Washington-Arlington-Alexandria, DC-VA-MD-WV",Metropolitan Statistical Area,Central,548,"Washington-Baltimore-Arlington, DC-MD-VA-WV-PA",2023
24035,Queen Anne's County,12580,"Baltimore-Columbia-Towson, MD",Metropolitan Statistical Area,Outlying,548,"Washington-Baltimore-Arlington, DC-MD-VA-WV-PA",2023
24037,St. Mary's County,30500,"Lexington Park, MD",Metropolitan Statistical Area,Central,548,"Washington-Baltimore-Arlington, DC-MD-VA-WV-PA",2023
24039,Somerset County,41540,"Salisbury, MD",Metropolitan Statistical Area,Outlying,480,"Salisbury-Ocean Pines, MD",2023
24041,Talbot County,20660,"Easton, MD",Micropolitan Statistical Area,Central,548,"Washington-Baltimore-Arlington, DC-MD-VA-WV-PA",2023
24043,Washington County,25180,"Hagerstown-Martinsburg, MD-WV",Metropolitan Statistical Area,Central,548,"Washington-Baltimore-Arlington, DC-MD-VA-WV-PA",2023
24045,Wicomico County,41540,"Salisbury, MD",Metropolitan Statistical Area,Central,480,"Salisbury-Ocean Pines, MD",2023
24047,Worcester County,36180,"Ocean Pines, MD",Micropolitan Statistical Area,Central,480,"Salisbury-Ocean Pines, MD",2023
24510,Baltimore city,12580,"Baltimore-Columbia-Towson, MD",Metropolitan Statistical Area,Central,548,"Washington-Baltimore-Arlington, DC-MD-VA-WV-PA",2023
25001,Barnstable County,12700,"Barnstable Town, MA",Metropolitan Statistical Area,Central,148,"Boston-Worcester-Providence, MA-RI-NH",2023
25003,Berkshire County,38340,"Pittsfield, MA",Metropolitan Statistical Area,Central,,,2023
25005,Bristol County,39300,"Providence-Warwick, RI-MA",Metropolitan Statistical Area,Central,148,"Boston-Worcester-Providence, MA-RI-NH",2023
25007,Dukes County,47240,"Vineyard Haven, MA",Micropolitan Statistical Area,Central,,,2023
25009,Essex County,14460,"Boston-Cambridge-Newton, MA-NH",Metropolitan Statistical Area,Central,148,"Boston-Worcester-Providence, MA-RI-NH",2023
25011,Franklin County,24640,"Greenfield, MA",Micropolitan Statistical Area,Central,521,"Springfield-Amherst Town-Northampton, MA",2023
25013,Hampden County,44140,"Springfield, MA",Metropolitan Statistical Area,Central,521,"Springfield-Amherst Town-Northampton, MA",2023
25015,Hampshire County,11200,"Amherst Town-Northampton, MA",Metropolitan Statistical Area,Central,521,"Springfield-Amherst Town-Northampton, MA",2023
25017,Middlesex County,14460,"Boston-Cambridge-Newton, MA-NH",Metropolitan Statistical Area,Central,148,"Boston-Worcester-Providence, MA-RI-NH",2023
25019,Nantucket County,34880,"Nantucket, MA",Micropolitan Statistical Area,Central,,,2023
25021,Norfolk County,14460,"Boston-Cambridge-Newton, MA-NH",Metropolitan Statistical Area,Central,148,"Boston-Worcester-Providence, MA-RI-NH",2023
25023,Plymouth County,14460,"Boston-Cambridge-Newton, MA-NH",Metropolitan Statistical Area,Central,148,"Boston-Worcester-Providence, MA-RI-NH",2023
25025,Suffolk County,14460,"Boston-Cambridge-Newton, MA-NH",Metropolitan Statistical Area,Central,148,"Boston-Worcester-Providence, MA-RI-NH",2023
25027,Worcester County,49340,"Worcester, MA",Metropolitan Statistical Area,Central,148,"Boston-Worcester-Providence, MA-RI-NH",2023
26001,Alcona County,,,,,,,2023
26003,Alger County,,,,,,,2023
26005,Allegan County,26090,"Holland, MI",Micropolitan Statistical Area,Central,266,"Grand Rapids-Wyoming, MI",2023
26007,Alpena County,10980,"Alpena, MI",Micropolitan Statistical Area,Central,,,2023
26009,Antrim County,,,,,,,2023
26011,Arenac County,,,,,,,2023
26013,Baraga County,,,,,,,2023
26015,Barry County,24340,"Grand Rapids-Wyoming-Kentwood, MI",Metropolitan Statistical Area,Outlying,266,"Grand Rapids-Wyoming, MI",2023
26017,Bay County,13020,"Bay City, MI",Metropolitan Statistical Area,Central,474,"Saginaw-Midland-Bay City, MI",2023
26019,Benzie County,45900,"Traverse City, MI",Metropolitan Statistical Area,Outlying,,,2023
26021,Berrien County,35660,"Niles, MI",Metropolitan Statistical Area,Central,515,"South Bend-Elkhart-Mishawaka, IN-MI",2023
26023,Branch County,17740,"Coldwater, MI",Micropolitan Statistical Area,Central,,,2023
26025,Calhoun County,12980,"Battle Creek, MI",Metropolitan Statistical Area,Central,310,"Kalamazoo-Battle Creek-Portage, MI",2023
26027,Cass County,43780,"South Bend-Mishawaka, IN-MI",Metropolitan Statistical Area,Central,515,"South Bend-Elkhart-Mishawaka, IN-MI",2023
26029,Charlevoix County,,,,,,,2023
26031,Cheboygan County,,,,,,,2023
26033,Chippewa County,42300,"Sault Ste. Marie, MI",Micropolitan Statistical Area,Central,,,2023
26035,Clare County,,,,,,,2023
26037,Clinton County,29620,"Lansing-East Lansing, MI",Metropolitan Statistical Area,Central,330,"Lansing-East Lansing-Owosso, MI",2023
26039,Crawford County,,,,,,,2023
26041,Delta County,21540,"Escanaba, MI",Micropolitan Statistical Area,Central,,,2023
26043,Dickinson County,27020,"Iron Mountain, MI-WI",Micropolitan Statistical Area,Central,361,"Marinette-Iron Mountain, WI-MI",2023
26045,Eaton County,29620,"Lansing-East Lansing, MI",Metropolitan Statistical Area,Central,330,"Lansing-East Lansing-Owosso, MI",2023
26047,Emmet County,37950,"Petoskey, MI",Micropolitan Statistical Area,Central,,,2023
26049,Genesee County,22420,"Flint, MI",Metropolitan Statistical Area,Central,220,"Detroit-Warren-Ann Arbor, MI",2023
26051,Gladwin County,,,,,,,2023
26053,Gogebic County,,,,,,,2023
26055,Grand Traverse County,45900,"Traverse City, MI",Metropolitan Statistical Area,Central,,,2023
26057,Gratiot County,10940,"Alma, MI",Micropolitan Statistical Area,Central,394,"Mount Pleasant-Alma, MI",2023
26059,Hillsdale County,25880,"Hillsdale, MI",Micropolitan Statistical Area,Central,,,2023
26061,Houghton County,26340,"Houghton, MI",Micropolitan Statistical Area,Central,,,2023
26063,Huron County,,,,,,,2023
26065,Ingham County,29620,"Lansing-East Lansing, MI",Metropolitan Statistical Area,Central,330,"Lansing-East Lansing-Owosso, MI",2023
26067,Ionia County,24340,"Grand Rapids-Wyoming-Kentwood, MI",Metropolitan Statistical Area,Outlying,266,"Grand Rapids-Wyoming, MI",2023
26069,Iosco County,,,,,,,2023
26071,Iron County,,,,,,,2023
26073,Isabella County,34380,"Mount Pleasant, MI",Micropolitan Statistical Area,Central,394,"Mount Pleasant-Alma, MI",2023
26075,Jackson County,27100,"Jackson, MI",Metropolitan Statistical Area,Central,,,2023
26077,Kalamazoo County,28020,"Kalamazoo-Portage, MI",Metropolitan Statistical Area,Central,310,"Kalamazoo-Battle Creek-Portage, MI",2023
26079,Kalkaska County,45900,"Traverse City, MI",Metropolitan Statistical Area,Outlying,,,2023
26081,Kent County,24340,"Grand Rapids-Wyoming-Kentwood, MI",Metropolitan Statistical Area,Central,266,"Grand Rapids-Wyoming, MI",2023
26083,Keweenaw County,26340,"Houghton, MI",Micropolitan Statistical Area,Outlying,,,2023
26085,Lake County,,,,,,,2023
26087,Lapeer County,19820,"Detroit-Warren-Dearborn, MI",Metropolitan Statistical Area,Outlying,220,"Detroit-Warren-Ann Arbor, MI",2023
26089,Leelanau County,45900,"Traverse City, MI",Metropolitan Statistical Area,Outlying,,,2023
26091,Lenawee County,10300,"Adrian, MI",Micropolitan Statistical Area,Central,220,"Detroit-Warren-Ann Arbor, MI",2023
26093,Livingston County,19820,"Detroit-Warren-Dearborn, MI",Metropolitan Statistical Area,Outlying,220,"Detroit-Warren-Ann Arbor, MI",2023
26095,Luce County,,,,,,,2023
26097,Mackinac County,,,,,,,2023
26099,Macomb County,19820,"Detroit-Warren-Dearborn, MI",Metropolitan Statistical Area,Central,220,"Detroit-Warren-Ann Arbor, MI",2023
26101,Manistee County,,,,,,,2023
26103,Marquette County,32100,"Marquette, MI",Micropolitan Statistical Area,Central,,,2023
26105,Mason County,31220,"Ludington, MI",Micropolitan Statistical Area,Central,,,2023
26107,Mecosta County,13660,"Big Rapids, MI",Micropolitan Statistical Area,Central,266,"Grand Rapids-Wyoming, MI",2023
26109,Menominee County,31940,"Marinette, WI-MI",Micropolitan Statistical Area,Central,361,"Marinette-Iron Mountain, WI-MI",2023
26111,Midland County,33220,"Midland, MI",Metropolitan Statistical Area,Central,474,"Saginaw-Midland-Bay City, MI",2023
26113,Missaukee County,15620,"Cadillac, MI",Micropolitan Statistical Area,Outlying,,,2023
26115,Monroe County,33780,"Monroe, MI",Metropolitan Statistical Area,Central,220,"Detroit-Warren-Ann Arbor, MI",2023
26117,Montcalm County,24340,"Grand Rapids-Wyoming-Kentwood, MI",Metropolitan Statistical Area,Outlying,266,"Grand Rapids-Wyoming, MI",2023
26119,Montmorency County,,,,,,,2023
26121,Muskegon County,34740,"Muskegon-Norton Shores, MI",Metropolitan Statistical Area,Central,266,"Grand Rapids-Wyoming, MI",2023
26123,Newaygo County,,,,,,,2023
26125,Oakland County,19820,"Detroit-Warren-Dearborn, MI",Metropolitan Statistical Area,Central,220,"Detroit-Warren-Ann Arbor, MI",2023
26127,Oceana County,,,,,,,2023
26129,Ogemaw County,,,,,,,2023
26131,Ontonagon County,,,,,,,2023
26133,Osceola County,,,,,,,2023
26135,Oscoda County,,,,,,,2023
26137,Otsego County,,,,,,,2023
26139,Ottawa County,24340,"Grand Rapids-Wyoming-Kentwood, MI",Metropolitan Statistical Area,Outlying,266,"Grand Rapids-Wyoming, MI",2023
26141,Presque Isle County,,,,,,,2023
26143,Roscommon County,,,,,,,2023
26145,Saginaw County,40980,"Saginaw, MI",Metropolitan Statistical Area,Central,474,"Saginaw-Midland-Bay City, MI",2023
26147,St. Clair County,19820,"Detroit-Warren-Dearborn, MI",Metropolitan Statistical Area,Outlying,220,"Detroit-Warren-Ann Arbor, MI",2023
26149,St. Joseph County,44780,"Sturgis, MI",Micropolitan Statistical Area,Central,310,"Kalamazoo-Battle Creek-Portage, MI",2023
26151,Sanilac County,,,,,,,2023
26153,Schoolcraft County,,,,,,,2023
26155,Shiawassee County,37020,"Owosso, MI",Micropolitan Statistical Area,Central,330,"Lansing-East Lansing-Owosso, MI",2023
26157,Tuscola County,,,,,,,2023
26159,Van Buren County,,,,,,,2023
26161,Washtenaw County,11460,"Ann Arbor, MI",Metropolitan Statistical Area,Central,220,"Detroit-Warren-Ann Arbor, MI",2023
26163,Wayne County,19820,"Detroit-Warren-Dearborn, MI",Metropolitan Statistical Area,Central,220,"Detroit-Warren-Ann Arbor, MI",2023
26165,Wexford County,15620,"Cadillac, MI",Micropolitan Statistical Area,Central,,,2023
27001,Aitkin County,,,,,,,2023
27003,Anoka County,33460,"Minneapolis-St. Paul-Bloomington, MN-WI",Metropolitan Statistical Area,Central,378,"Minneapolis-St. Paul, MN-WI",2023
27005,Becker County,19810,"Detroit Lakes, MN",Micropolitan Statistical Area,Central,,,2023
27007,Beltrami County,13420,"Bemidji, MN",Micropolitan Statistical Area,Central,,,2023
27009,Benton County,41060,"St. Cloud, MN",Metropolitan Statistical Area,Central,378,"Minneapolis-St. Paul, MN-WI",2023
27011,Big Stone County,,,,,,,2023
27013,Blue Earth County,31860,"Mankato, MN",Metropolitan Statistical Area,Central,359,"Mankato-New Ulm, MN",2023
27015,Brown County,35580,"New Ulm, MN",Micropolitan Statistical Area,Central,359,"Mankato-New Ulm, MN",2023
27017,Carlton County,20260,"Duluth, MN-WI",Metropolitan Statistical Area,Outlying,228,"Duluth-Grand Rapids, MN-WI",2023
27019,Carver County,33460,"Minneapolis-St. Paul-Bloomington, MN-WI",Metropolitan Statistical Area,Central,378,"Minneapolis-St. Paul, MN-WI",2023
27021,Cass County,14660,"Brainerd, MN",Micropolitan Statistical Area,Outlying,,,2023
27023,Chippewa County,,,,,,,2023
27025,Chisago County,33460,"Minneapolis-St. Paul-Bloomington, MN-WI",Metropolitan Statistical Area,Outlying,378,"Minneapolis-St. Paul, MN-WI",2023
27027,Clay County,22020,"Fargo, ND-MN",Metropolitan Statistical Area,Central,244,"Fargo-Wahpeton, ND-MN",2023
27029,Clearwater County,,,,,,,2023
27031,Cook County,,,,,,,2023
27033,Cottonwood County,,,,,,,2023
27035,Crow Wing County,14660,"Brainerd, MN",Micropolitan Statistical Area,Central,,,2023
27037,Dakota County,33460,"Minneapolis-St. Paul-Bloomington, MN-WI",Metropolitan Statistical Area,Central,378,"Minneapolis-St. Paul, MN-WI",2023
27039,Dodge County,40340,"Rochester, MN",Metropolitan Statistical Area,Outlying,462,"Rochester-Austin-Winona, MN",2023
27041,Douglas County,10820,"Alexandria, MN",Micropolitan Statistical Area,Central,,,2023
27043,Faribault County,,,,,,,2023
27045,Fillmore County,40340,"Rochester, MN",Metropolitan Statistical Area,Outlying,462,"Rochester-Austin-Winona, MN",2023
27047,Freeborn County,10660,"Albert Lea, MN",Micropolitan Statistical Area,Central,,,2023
27049,Goodhue County,39860,"Red Wing, MN",Micropolitan Statistical Area,Central,378,"Minneapolis-St. Paul, MN-WI",2023
27051,Grant County,,,,,,,2023
27053,Hennepin County,33460,"Minneapolis-St. Paul-Bloomington, MN-WI",Metropolitan Statistical Area,Central,378,"Minneapolis-St. Paul, MN-WI",2023
27055,Houston County,29100,"La Crosse-Onalaska, WI-MN",Metropolitan Statistical Area,Central,317,"La Crosse-Onalaska-Sparta, WI-MN",2023
27057,Hubbard County,,,,,,,2023
27059,Isanti County,33460,"Minneapolis-St. Paul-Bloomington, MN-WI",Metropolitan Statistical Area,Outlying,378,"Minneapolis-St. Paul, MN-WI",2023
27061,Itasca County,24330,"Grand Rapids, MN",Micropolitan Statistical Area,Central,228,"Duluth-Grand Rapids, MN-WI",2023
27063,Jackson County,,,,,,,2023
27065,Kanabec County,,,,,,,2023
27067,Kandiyohi County,48820,"Willmar, MN",Micropolitan Statistical Area,Central,,,2023
27069,Kittson County,,,,,,,2023
27071,Koochiching County,,,,,,,2023
27073,Lac qui Parle County,,,,,,,2023
27075,Lake County,,,,,,,2023
27077,Lake of the Woods County,,,,,,,2023
27079,Le Sueur County,33460,"Minneapolis-St. Paul-Bloomington, MN-WI",Metropolitan Statistical Area,Outlying,378,"Minneapolis-St. Paul, MN-WI",2023
27081,Lincoln County,,,,,,,2023
27083,Lyon County,32140,"Marshall, MN",Micropolitan Statistical Area,Central,,,2023
27085,McLeod County,26780,"Hutchinson, MN",Micropolitan Statistical Area,Central,378,"Minneapolis-St. Paul, MN-WI",2023
27087,Mahnomen County,,,,,,,2023
27089,Marshall County,,,,,,,2023
27091,Martin County,21860,"Fairmont, MN",Micropolitan Statistical Area,Central,,,2023
27093,Meeker County,,,,,,,2023
27095,Mille Lacs County,33460,"Minneapolis-St. Paul-Bloomington, MN-WI",Metropolitan Statistical Area,Outlying,378,"Minneapolis-St. Paul, MN-WI",2023
27097,Morrison County,,,,,,,2023
27099,Mower County,12380,"Austin, MN",Micropolitan Statistical Area,Central,462,"Rochester-Austin-Winona, MN",2023
27101,Murray County,,,,,,,2023
27103,Nicollet County,31860,"Mankato, MN",Metropolitan Statistical Area,Central,359,"Mankato-New Ulm, MN",2023
27105,Nobles County,49380,"Worthington, MN",Micropolitan Statistical Area,Central,,,2023
27107,Norman County,,,,,,,2023
27109,Olmsted County,40340,"Rochester, MN",Metropolitan Statistical Area,Central,462,"Rochester-Austin-Winona, MN",2023
27111,Otter Tail County,22260,"Fergus Falls, MN",Micropolitan Statistical Area,Central,,,2023
27113,Pennington County,,,,,,,2023
27115,Pine County,,,,,,,2023
27117,Pipestone County,,,,,,,2023
27119,Polk County,24220,"Grand Forks, ND-MN",Metropolitan Statistical Area,Central,,,2023
27121,Pope County,,,,,,,2023
27123,Ramsey County,33460,"Minneapolis-St. Paul-Bloomington, MN-WI",Metropolitan Statistical Area,Central,378,"Minneapolis-St. Paul, MN-WI",2023
27125,Red Lake County,,,,,,,2023
27127,Redwood County,,,,,,,2023
27129,Renville County,,,,,,,2023
27131,Rice County,22060,"Faribault-Northfield, MN",Micropolitan Statistical Area,Central,378,"Minneapolis-St. Paul, MN-WI",2023
27133,Rock County,43620,"Sioux Falls, SD-MN",Metropolitan Statistical Area,Outlying,,,2023
27135,Roseau County,,,,,,,2023
27137,St. Louis County,20260,"Duluth, MN-WI",Metropolitan Statistical Area,Central,228,"Duluth-Grand Rapids, MN-WI",2023
27139,Scott County,33460,"Minneapolis-St. Paul-Bloomington, MN-WI",Metropolitan Statistical Area,Central,378,"Minneapolis-St. Paul, MN-WI",2023
27141,Sherburne County,33460,"Minneapolis-St. Paul-Bloomington, MN-WI",Metropolitan Statistical Area,Central,378,"Minneapolis-St. Paul, MN-WI",2023
27143,Sibley County,,,,,,,2023
27145,Stearns County,41060,"St. Cloud, MN",Metropolitan Statistical Area,Central,378,"Minneapolis-St. Paul, MN-WI",2023
27147,Steele County,36940,"Owatonna, MN",Micropolitan Statistical Area,Central,378,"Minneapolis-St. Paul, MN-WI",2023
27149,Stevens County,,,,,,,2023
27151,Swift County,,,,,,,2023
27153,Todd County,,,,,,,2023
27155,Traverse County,,,,,,,2023
27157,Wabasha County,40340,"Rochester, MN",Metropolitan Statistical Area,Outlying,462,"Rochester-Austin-Winona, MN",2023
27159,Wadena County,,,,,,,2023
27161,Waseca County,,,,,,,2023
27163,Washington County,33460,"Minneapolis-St. Paul-Bloomington, MN-WI",Metropolitan Statistical Area,Central,378,"Minneapolis-St. Paul, MN-WI",2023
27165,Watonwan County,,,,,,,2023
27167,Wilkin County,47420,"Wahpeton, ND-MN",Micropolitan Statistical Area,Central,244,"Fargo-Wahpeton, ND-MN",2023
27169,Winona County,49100,"Winona, MN",Micropolitan Statistical Area,Central,462,"Rochester-Austin-Winona, MN",2023
27171,Wright County,33460,"Minneapolis-St. Paul-Bloomington, MN-WI",Metropolitan Statistical Area,Central,378,"Minneapolis-St. Paul, MN-WI",2023
27173,Yellow Medicine County,,,,,,,2023
28001,Adams County,35020,"Natchez, MS-LA",Micropolitan Statistical Area,Central,,,2023
28003,Alcorn County,18420,"Corinth, MS",Micropolitan Statistical Area,Central,539,"Tupelo-Corinth, MS",2023
28005,Amite County,,,,,,,2023
28007,Attala County,,,,,,,2023
28009,Benton County,32820,"Memphis, TN-MS-AR",Metropolitan Statistical Area,Outlying,368,"Memphis-Clarksdale-Forrest City, TN-MS-AR",2023
28011,Bolivar County,17380,"Cleveland, MS",Micropolitan Statistical Area,Central,,,2023
28013,Calhoun County,,,,,,,2023
28015,Carroll County,24900,"Greenwood, MS",Micropolitan Statistical Area,Outlying,,,2023
28017,Chickasaw County,,,,,,,2023
28019,Choctaw County,,,,,,,2023
28021,Claiborne County,,,,,,,2023
28023,Clarke County,32940,"Meridian, MS",Micropolitan Statistical Area,Outlying,,,2023
28025,Clay County,,,,,,,2023
28027,Coahoma County,17260,"Clarksdale, MS",Micropolitan Statistical Area,Central,368,"Memphis-Clarksdale-Forrest City, TN-MS-AR",2023
28029,Copiah County,27140,"Jackson, MS",Metropolitan Statistical Area,Outlying,298,"Jackson-Vicksburg-Brookhaven, MS",2023
28031,Covington County,,,,,,,2023
28033,DeSoto County,32820,"Memphis, TN-MS-AR",Metropolitan Statistical Area,Central,368,"Memphis-Clarksdale-Forrest City, TN-MS-AR",2023
28035,Forrest County,25620,"Hattiesburg, MS",Metropolitan Statistical Area,Central,279,"Hattiesburg-Laurel, MS",2023
28037,Franklin County,,,,,,,2023
28039,George County,,,,,,,2023
28041,Greene County,,,,,,,2023
28043,Grenada County,24980,"Grenada, MS",Micropolitan Statistical Area,Central,,,2023
28045,Hancock County,25060,"Gulfport-Biloxi, MS",Metropolitan Statistical Area,Central,,,2023
28047,Harrison County,25060,"Gulfport-Biloxi, MS",Metropolitan Statistical Area,Central,,,2023
28049,Hinds County,27140,"Jackson, MS",Metropolitan Statistical Area,Central,298,"Jackson-Vicksburg-Brookhaven, MS",2023
28051,Holmes County,27140,"Jackson, MS",Metropolitan Statistical Area,Outlying,298,"Jackson-Vicksburg-Brookhaven, MS",2023
28053,Humphreys County,,,,,,,2023
28055,Issaquena County,,,,,,,2023
28057,Itawamba County,46180,"Tupelo, MS",Micropolitan Statistical Area,Outlying,539,"Tupelo-Corinth, MS",2023
28059,Jackson County,25060,"Gulfport-Biloxi, MS",Metropolitan Statistical Area,Outlying,,,2023
28061,Jasper County,29860,"Laurel, MS",Micropolitan Statistical Area,Outlying,279,"Hattiesburg-Laurel, MS",2023
28063,Jefferson County,35020,"Natchez, MS-LA",Micropolitan Statistical Area,Outlying,,,2023
28065,Jefferson Davis County,,,,,,,2023
28067,Jones County,29860,"Laurel, MS",Micropolitan Statistical Area,Central,279,"Hattiesburg-Laurel, MS",2023
28069,Kemper County,,,,,,,2023
28071,Lafayette County,37060,"Oxford, MS",Micropolitan Statistical Area,Central,,,2023
28073,Lamar County,25620,"Hattiesburg, MS",Metropolitan Statistical Area,Central,279,"Hattiesburg-Laurel, MS",2023
28075,Lauderdale County,32940,"Meridian, MS",Micropolitan Statistical Area,Central,,,2023
28077,Lawrence County,,,,,,,2023
28079,Leake County,,,,,,,2023
28081,Lee County,46180,"Tupelo, MS",Micropolitan Statistical Area,Central,539,"Tupelo-Corinth, MS",2023
28083,Leflore County,24900,"Greenwood, MS",Micropolitan Statistical Area,Central,,,2023
28085,Lincoln County,15020,"Brookhaven, MS",Micropolitan Statistical Area,Central,298,"Jackson-Vicksburg-Brookhaven, MS",2023
28087,Lowndes County,18060,"Columbus, MS",Micropolitan Statistical Area,Central,523,"Starkville-Columbus, MS",2023
28089,Madison County,27140,"Jackson, MS",Metropolitan Statistical Area,Central,298,"Jackson-Vicksburg-Brookhaven, MS",2023
28091,Marion County,,,,,,,2023
28093,Marshall County,32820,"Memphis, TN-MS-AR",Metropolitan Statistical Area,Outlying,368,"Memphis-Clarksdale-Forrest City, TN-MS-AR",2023
28095,Monroe County,,,,,,,2023
28097,Montgomery County,24980,"Grenada, MS",Micropolitan Statistical Area,Outlying,,,2023
28099,Neshoba County,,,,,,,2023
28101,Newton County,,,,,,,2023
28103,Noxubee County,18060,"Columbus, MS",Micropolitan Statistical Area,Outlying,523,"Starkville-Columbus, MS",2023
28105,Oktibbeha County,44260,"Starkville, MS",Micropolitan Statistical Area,Central,523,"Starkville-Columbus, MS",2023
28107,Panola County,,,,,,,2023
28109,Pearl River County,38100,"Picayune, MS",Micropolitan Statistical Area,Central,406,"New Orleans-Metairie-Slidell, LA-MS",2023
28111,Perry County,25620,"Hattiesburg, MS",Metropolitan Statistical Area,Outlying,279,"Hattiesburg-Laurel, MS",2023
28113,Pike County,32620,"McComb, MS",Micropolitan Statistical Area,Central,,,2023
28115,Pontotoc County,,,,,,,2023
28117,Prentiss County,46180,"Tupelo, MS",Micropolitan Statistical Area,Outlying,539,"Tupelo-Corinth, MS",2023
28119,Quitman County,,,,,,,2023
28121,Rankin County,27140,"Jackson, MS",Metropolitan Statistical Area,Central,298,"Jackson-Vicksburg-Brookhaven, MS",2023
28123,Scott County,27140,"Jackson, MS",Metropolitan Statistical Area,Outlying,298,"Jackson-Vicksburg-Brookhaven, MS",2023
28125,Sharkey County,,,,,,,2023
28127,Simpson County,27140,"Jackson, MS",Metropolitan Statistical Area,Outlying,298,"Jackson-Vicksburg-Brookhaven, MS",2023
28129,Smith County,,,,,,,2023
28131,Stone County,25060,"Gulfport-Biloxi, MS",Metropolitan Statistical Area,Outlying,,,2023
28133,Sunflower County,,,,,,,2023
28135,Tallahatchie County,,,,,,,2023
28137,Tate County,32820,"Memphis, TN-MS-AR",Metropolitan Statistical Area,Outlying,368,"Memphis-Clarksdale-Forrest City, TN-MS-AR",2023
28139,Tippah County,,,,,,,2023
28141,Tishomingo County,,,,,,,2023
28143,Tunica County,32820,"Memphis, TN-MS-AR",Metropolitan Statistical Area,Outlying,368,"Memphis-Clarksdale-Forrest City, TN-MS-AR",2023
28145,Union County,,,,,,,2023
28147,Walthall County,32620,"McComb, MS",Micropolitan Statistical Area,Outlying,,,2023
28149,Warren County,46980,"Vicksburg, MS",Micropolitan Statistical Area,Central,298,"Jackson-Vicksburg-Brookhaven, MS",2023
28151,Washington County,24740,"Greenville, MS",Micropolitan Statistical Area,Central,,,2023
28153,Wayne County,,,,,,,2023
28155,Webster County,44260,"Starkville, MS",Micropolitan Statistical Area,Outlying,523,"Starkville-Columbus, MS",2023
28157,Wilkinson County,,,,,,,2023
28159,Winston County,,,,,,,2023
28161,Yalobusha County,37060,"Oxford, MS",Micropolitan Statistical Area,Outlying,,,2023
28163,Yazoo County,27140,"Jackson, MS",Metropolitan Statistical Area,Outlying,298,"Jackson-Vicksburg-Brookhaven, MS",2023
29001,Adair County,28860,"Kirksville, MO",Micropolitan Statistical Area,Central,,,2023
29003,Andrew County,41140,"St. Joseph, MO-KS",Metropolitan Statistical Area,Outlying,312,"Kansas City-Overland Park-Kansas City, MO-KS",2023
29005,Atchison County,,,,,,,2023
29007,Audrain County,33020,"Mexico, MO",Micropolitan Statistical Area,Central,190,"Columbia-Jefferson City-Moberly, MO",2023
29009,Barry County,,,,,,,2023
29011,Barton County,,,,,,,2023
29013,Bates County,28140,"Kansas City, MO-KS",Metropolitan Statistical Area,Outlying,312,"Kansas City-Overland Park-Kansas City, MO-KS",2023
29015,Benton County,,,,,,,2023
29017,Bollinger County,16020,"Cape Girardeau, MO-IL",Metropolitan Statistical Area,Outlying,164,"Cape Girardeau-Sikeston, MO-IL",2023
29019,Boone County,17860,"Columbia, MO",Metropolitan Statistical Area,Central,190,"Columbia-Jefferson City-Moberly, MO",2023
29021,Buchanan County,41140,"St. Joseph, MO-KS",Metropolitan Statistical Area,Central,312,"Kansas City-Overland Park-Kansas City, MO-KS",2023
29023,Butler County,38740,"Poplar Bluff, MO",Micropolitan Statistical Area,Central,,,2023
29025,Caldwell County,28140,"Kansas City, MO-KS",Metropolitan Statistical Area,Outlying,312,"Kansas City-Overland Park-Kansas City, MO-KS",2023
29027,Callaway County,27620,"Jefferson City, MO",Metropolitan Statistical Area,Outlying,190,"Columbia-Jefferson City-Moberly, MO",2023
29029,Camden County,,,,,,,2023
29031,Cape Girardeau County,16020,"Cape Girardeau, MO-IL",Metropolitan Statistical Area,Central,164,"Cape Girardeau-Sikeston, MO-IL",2023
29033,Carroll County,,,,,,,2023
29035,Carter County,,,,,,,2023
29037,Cass County,28140,"Kansas City, MO-KS",Metropolitan Statistical Area,Central,312,"Kansas City-Overland Park-Kansas City, MO-KS",2023
29039,Cedar County,,,,,,,2023
29041,Chariton County,,,,,,,2023
29043,Christian County,44180,"Springfield, MO",Metropolitan Statistical Area,Central,,,2023
29045,Clark County,,,,,,,2023
29047,Clay County,28140,"Kansas City, MO-KS",Metropolitan Statistical Area,Central,312,"Kansas City-Overland Park-Kansas City, MO-KS",2023
29049,Clinton County,28140,"Kansas City, MO-KS",Metropolitan Statistical Area,Outlying,312,"Kansas City-Overland Park-Kansas City, MO-KS",2023
29051,Cole County,27620,"Jefferson City, MO",Metropolitan Statistical Area,Central,190,"Columbia-Jefferson City-Moberly, MO",2023
29053,Cooper County,17860,"Columbia, MO",Metropolitan Statistical Area,Outlying,190,"Columbia-Jefferson City-Moberly, MO",2023
29055,Crawford County,,,,,,,2023
29057,Dade County,,,,,,,2023
29059,Dallas County,44180,"Springfield, MO",Metropolitan Statistical Area,Outlying,,,2023
29061,Daviess County,,,,,,,2023
29063,DeKalb County,41140,"St. Joseph, MO-KS",Metropolitan Statistical Area,Outlying,312,"Kansas City-Overland Park-Kansas City, MO-KS",2023
29065,Dent County,,,,,,,2023
29067,Douglas County,,,,,,,2023
29069,Dunklin County,28380,"Kennett, MO",Micropolitan Statistical Area,Central,,,2023
29071,Franklin County,41180,"St. Louis, MO-IL",Metropolitan Statistical Area,Outlying,476,"St. Louis-St. Charles-Farmington, MO-IL",2023
29073,Gasconade County,,,,,,,2023
29075,Gentry County,,,,,,,2023
29077,Greene County,44180,"Springfield, MO",Metropolitan Statistical Area,Central,,,2023
29079,Grundy County,,,,,,,2023
29081,Harrison County,,,,,,,2023
29083,Henry County,,,,,,,2023
29085,Hickory County,,,,,,,2023
29087,Holt County,,,,,,,2023
29089,Howard County,17860,"Columbia, MO",Metropolitan Statistical Area,Outlying,190,"Columbia-Jefferson City-Moberly, MO",2023
29091,Howell County,48460,"West Plains, MO",Micropolitan Statistical Area,Central,,,2023
29093,Iron County,,,,,,,2023
29095,Jackson County,28140,"Kansas City, MO-KS",Metropolitan Statistical Area,Central,312,"Kansas City-Overland Park-Kansas City, MO-KS",2023
29097,Jasper County,27900,"Joplin, MO-KS",Metropolitan Statistical Area,Central,309,"Joplin-Miami, MO-OK-KS",2023
29099,Jefferson County,41180,"St. Louis, MO-IL",Metropolitan Statistical Area,Central,476,"St. Louis-St. Charles-Farmington, MO-IL",2023
29101,Johnson County,47660,"Warrensburg, MO",Micropolitan Statistical Area,Central,312,"Kansas City-Overland Park-Kansas City, MO-KS",2023
29103,Knox County,,,,,,,2023
29105,Laclede County,30060,"Lebanon, MO",Micropolitan Statistical Area,Central,,,2023
29107,Lafayette County,28140,"Kansas City, MO-KS",Metropolitan Statistical Area,Outlying,312,"Kansas City-Overland Park-Kansas City, MO-KS",2023
29109,Lawrence County,,,,,,,2023
29111,Lewis County,39500,"Quincy, IL-MO",Micropolitan Statistical Area,Outlying,448,"Quincy-Hannibal, IL-MO",2023
29113,Lincoln County,41180,"St. Louis, MO-IL",Metropolitan Statistical Area,Outlying,476,"St. Louis-St. Charles-Farmington, MO-IL",2023
29115,Linn County,,,,,,,2023
29117,Livingston County,,,,,,,2023
29119,McDonald County,,,,,,,2023
29121,Macon County,,,,,,,2023
29123,Madison County,,,,,,,2023
29125,Maries County,,,,,,,2023
29127,Marion County,25300,"Hannibal, MO",Micropolitan Statistical Area,Central,448,"Quincy-Hannibal, IL-MO",2023
29129,Mercer County,,,,,,,2023
29131,Miller County,,,,,,,2023
29133,Mississippi County,43460,"Sikeston, MO",Micropolitan Statistical Area,Outlying,164,"Cape Girardeau-Sikeston, MO-IL",2023
29135,Moniteau County,27620,"Jefferson City, MO",Metropolitan Statistical Area,Outlying,190,"Columbia-Jefferson City-Moberly, MO",2023
29137,Monroe County,,,,,,,2023
29139,Montgomery County,,,,,,,2023
29141,Morgan County,,,,,,,2023
29143,New Madrid County,,,,,,,2023
29145,Newton County,27900,"Joplin, MO-KS",Metropolitan Statistical Area,Outlying,309,"Joplin-Miami, MO-OK-KS",2023
29147,Nodaway County,32340,"Maryville, MO",Micropolitan Statistical Area,Central,,,2023
29149,Oregon County,,,,,,,2023
29151,Osage County,27620,"Jefferson City, MO",Metropolitan Statistical Area,Outlying,190,"Columbia-Jefferson City-Moberly, MO",2023
29153,Ozark County,,,,,,,2023
29155,Pemiscot County,,,,,,,2023
29157,Perry County,,,,,,,2023
29159,Pettis County,42740,"Sedalia, MO",Micropolitan Statistical Area,Central,,,2023
29161,Phelps County,40620,"Rolla, MO",Micropolitan Statistical Area,Central,,,2023
29163,Pike County,,,,,,,2023
29165,Platte County,28140,"Kansas City, MO-KS",Metropolitan Statistical Area,Central,312,"Kansas City-Overland Park-Kansas City, MO-KS",2023
29167,Polk County,44180,"Springfield, MO",Metropolitan Statistical Area,Outlying,,,2023
29169,Pulaski County,22780,"Fort Leonard Wood, MO",Micropolitan Statistical Area,Central,,,2023
29171,Putnam County,,,,,,,2023
29173,Ralls County,25300,"Hannibal, MO",Micropolitan Statistical Area,Outlying,448,"Quincy-Hannibal, IL-MO",2023
29175,Randolph County,33620,"Moberly, MO",Micropolitan Statistical Area,Central,190,"Columbia-Jefferson City-Moberly, MO",2023
29177,Ray County,28140,"Kansas City, MO-KS",Metropolitan Statistical Area,Outlying,312,"Kansas City-Overland Park-Kansas City, MO-KS",2023
29179,Reynolds County,,,,,,,2023
29181,Ripley County,,,,,,,2023
29183,St. Charles County,41180,"St. Louis, MO-IL",Metropolitan Statistical Area,Central,476,"St. Louis-St. Charles-Farmington, MO-IL",2023
29185,St. Clair County,,,,,,,2023
29186,Ste. Genevieve County,,,,,,,2023
29187,St. Francois County,22100,"Farmington, MO",Micropolitan Statistical Area,Central,476,"St. Louis-St. Charles-Farmington, MO-IL",2023
29189,St. Louis County,41180,"St. Louis, MO-IL",Metropolitan Statistical Area,Central,476,"St. Louis-St. Charles-Farmington, MO-IL",2023
29195,Saline County,32180,"Marshall, MO",Micropolitan Statistical Area,Central,,,2023
29197,Schuyler County,28860,"Kirksville, MO",Micropolitan Statistical Area,Outlying,,,2023
29199,Scotland County,,,,,,,2023
29201,Scott County,43460,"Sikeston, MO",Micropolitan Statistical Area,Central,164,"Cape Girardeau-Sikeston, MO-IL",2023
29203,Shannon County,,,,,,,2023
29205,Shelby County,,,,,,,2023
29207,Stoddard County,,,,,,,2023
29209,Stone County,,,,,,,2023
29211,Sullivan County,,,,,,,2023
29213,Taney County,14700,"Branson, MO",Micropolitan Statistical Area,Central,,,2023
29215,Texas County,,,,,,,2023
29217,Vernon County,,,,,,,2023
29219,Warren County,41180,"St. Louis, MO-IL",Metropolitan Statistical Area,Outlying,476,"St. Louis-St. Charles-Farmington, MO-IL",2023
29221,Washington County,,,,,,,2023
29223,Wayne County,,,,,,,2023
29225,Webster County,44180,"Springfield, MO",Metropolitan Statistical Area,Outlying,,,2023
29227,Worth County,,,,,,,2023
29229,Wright County,,,,,,,2023
29510,St. Louis city,41180,"St. Louis, MO-IL",Metropolitan Statistical Area,Central,476,"St. Louis-St. Charles-Farmington, MO-IL",2023
30001,Beaverhead County,,,,,,,2023
30003,Big Horn County,,,,,,,2023
30005,Blaine County,,,,,,,2023
30007,Broadwater County,25740,"Helena, MT",Metropolitan Statistical Area,Outlying,,,2023
30009,Carbon County,13740,"Billings, MT",Metropolitan Statistical Area,Outlying,,,2023
30011,Carter County,,,,,,,2023
30013,Cascade County,24500,"Great Falls, MT",Metropolitan Statistical Area,Central,,,2023
30015,Chouteau County,,,,,,,2023
30017,Custer County,,,,,,,2023
30019,Daniels County,,,,,,,2023
30021,Dawson County,,,,,,,2023
30023,Deer Lodge County,,,,,,,2023
30025,Fallon County,,,,,,,2023
30027,Fergus County,,,,,,,2023
30029,Flathead County,28060,"Kalispell, MT",Micropolitan Statistical Area,Central,,,2023
30031,Gallatin County,14580,"Bozeman, MT",Metropolitan Statistical Area,Central,,,2023
30033,Garfield County,,,,,,,2023
30035,Glacier County,,,,,,,2023
30037,Golden Valley County,,,,,,,2023
30039,Granite County,,,,,,,2023
30041,Hill County,,,,,,,2023
30043,Jefferson County,25740,"Helena, MT",Metropolitan Statistical Area,Outlying,,,2023
30045,Judith Basin County,,,,,,,2023
30047,Lake County,,,,,,,2023
30049,Lewis and Clark County,25740,"Helena, MT",Metropolitan Statistical Area,Central,,,2023
30051,Liberty County,,,,,,,2023
30053,Lincoln County,,,,,,,2023
30055,McCone County,,,,,,,2023
30057,Madison County,,,,,,,2023
30059,Meagher County,,,,,,,2023
30061,Mineral County,33540,"Missoula, MT",Metropolitan Statistical Area,Outlying,,,2023
30063,Missoula County,33540,"Missoula, MT",Metropolitan Statistical Area,Central,,,2023
30065,Musselshell County,,,,,,,2023
30067,Park County,,,,,,,2023
30069,Petroleum County,,,,,,,2023
30071,Phillips County,,,,,,,2023
30073,Pondera County,,,,,,,2023
30075,Powder River County,,,,,,,2023
30077,Powell County,,,,,,,2023
30079,Prairie County,,,,,,,2023
30081,Ravalli County,,,,,,,2023
30083,Richland County,,,,,,,2023
30085,Roosevelt County,,,,,,,2023
30087,Rosebud County,,,,,,,2023
30089,Sanders County,,,,,,,2023
30091,Sheridan County,,,,,,,2023
30093,Silver Bow County,15580,"Butte-Silver Bow, MT",Micropolitan Statistical Area,Central,,,2023
30095,Stillwater County,13740,"Billings, MT",Metropolitan Statistical Area,Outlying,,,2023
30097,Sweet Grass County,,,,,,,2023
30099,Teton County,,,,,,,2023
30101,Toole County,,,,,,,2023
30103,Treasure County,,,,,,,2023
30105,Valley County,,,,,,,2023
30107,Wheatland County,,,,,,,2023
30109,Wibaux County,,,,,,,2023
30111,Yellowstone County,13740,"Billings, MT",Metropolitan Statistical Area,Central,,,2023
31001,Adams County,25580,"Hastings, NE",Micropolitan Statistical Area,Central,,,2023
31003,Antelope County,,,,,,,2023
31005,Arthur County,,,,,,,2023
31007,Banner County,42420,"Scottsbluff, NE",Micropolitan Statistical Area,Outlying,,,2023
31009,Blaine County,,,,,,,2023
31011,Boone County,,,,,,,2023
31013,Box Butte County,,,,,,,2023
31015,Boyd County,,,,,,,2023
31017,Brown County,,,,,,,2023
31019,Buffalo County,28260,"Kearney, NE",Micropolitan Statistical Area,Central,,,2023
31021,Burt County,,,,,,,2023
31023,Butler County,,,,,,,2023
31025,Cass County,36540,"Omaha, NE-IA",Metropolitan Statistical Area,Outlying,420,"Omaha-Fremont, NE-IA",2023
31027,Cedar County,,,,,,,2023
31029,Chase County,,,,,,,2023
31031,Cherry County,,,,,,,2023
31033,Cheyenne County,,,,,,,2023
31035,Clay County,25580,"Hastings, NE",Micropolitan Statistical Area,Outlying,,,2023
31037,Colfax County,18100,"Columbus, NE",Micropolitan Statistical Area,Outlying,,,2023
31039,Cuming County,,,,,,,2023
31041,Custer County,,,,,,,2023
31043,Dakota County,43580,"Sioux City, IA-NE-SD",Metropolitan Statistical Area,Central,512,"Sioux City-Le Mars, IA-NE-SD",2023
31045,Dawes County,,,,,,,2023
31047,Dawson County,30420,"Lexington, NE",Micropolitan Statistical Area,Central,,,2023
31049,Deuel County,,,,,,,2023
31051,Dixon County,,,,,,,2023
31053,Dodge County,23340,"Fremont, NE",Micropolitan Statistical Area,Central,420,"Omaha-Fremont, NE-IA",2023
31055,Douglas County,36540,"Omaha, NE-IA",Metropolitan Statistical Area,Central,420,"Omaha-Fremont, NE-IA",2023
31057,Dundy County,,,,,,,2023
31059,Fillmore County,,,,,,,2023
31061,Franklin County,,,,,,,2023
31063,Frontier County,,,,,,,2023
31065,Furnas County,,,,,,,2023
31067,Gage County,13100,"Beatrice, NE",Micropolitan Statistical Area,Central,339,"Lincoln-Beatrice, NE",2023
31069,Garden County,,,,,,,2023
31071,Garfield County,,,,,,,2023
31073,Gosper County,30420,"Lexington, NE",Micropolitan Statistical Area,Outlying,,,2023
31075,Grant County,,,,,,,2023
31077,Greeley County,,,,,,,2023
31079,Hall County,24260,"Grand Island, NE",Metropolitan Statistical Area,Central,,,2023
31081,Hamilton County,,,,,,,2023
31083,Harlan County,,,,,,,2023
31085,Hayes County,,,,,,,2023
31087,Hitchcock County,,,,,,,2023
31089,Holt County,,,,,,,2023
31091,Hooker County,,,,,,,2023
31093,Howard County,24260,"Grand Island, NE",Metropolitan Statistical Area,Outlying,,,2023
31095,Jefferson County,,,,,,,2023
31097,Johnson County,,,,,,,2023
31099,Kearney County,28260,"Kearney, NE",Micropolitan Statistical Area,Outlying,,,2023
31101,Keith County,,,,,,,2023
31103,Keya Paha County,,,,,,,2023
31105,Kimball County,,,,,,,2023
31107,Knox County,,,,,,,2023
31109,Lancaster County,30700,"Lincoln, NE",Metropolitan Statistical Area,Central,339,"Lincoln-Beatrice, NE",2023
31111,Lincoln County,35820,"North Platte, NE",Micropolitan Statistical Area,Central,,,2023
31113,Logan County,35820,"North Platte, NE",Micropolitan Statistical Area,Outlying,,,2023
31115,Loup County,,,,,,,2023
31117,McPherson County,,,,,,,2023
31119,Madison County,35740,"Norfolk, NE",Micropolitan Statistical Area,Central,,,2023
31121,Merrick County,24260,"Grand Island, NE",Metropolitan Statistical Area,Outlying,,,2023
31123,Morrill County,,,,,,,2023
31125,Nance County,,,,,,,2023
31127,Nemaha County,,,,,,,2023
31129,Nuckolls County,,,,,,,2023
31131,Otoe County,,,,,,,2023
31133,Pawnee County,,,,,,,2023
31135,Perkins County,,,,,,,2023
31137,Phelps County,,,,,,,2023
31139,Pierce County,35740,"Norfolk, NE",Micropolitan Statistical Area,Outlying,,,2023
31141,Platte County,18100,"Columbus, NE",Micropolitan Statistical Area,Central,,,2023
31143,Polk County,,,,,,,2023
31145,Red Willow County,,,,,,,2023
31147,Richardson County,,,,,,,2023
31149,Rock County,,,,,,,2023
31151,Saline County,,,,,,,2023
31153,Sarpy County,36540,"Omaha, NE-IA",Metropolitan Statistical Area,Central,420,"Omaha-Fremont, NE-IA",2023
31155,Saunders County,36540,"Omaha, NE-IA",Metropolitan Statistical Area,Outlying,420,"Omaha-Fremont, NE-IA",2023
31157,Scotts Bluff County,42420,"Scottsbluff, NE",Micropolitan Statistical Area,Central,,,2023
31159,Seward County,30700,"Lincoln, NE",Metropolitan Statistical Area,Outlying,339,"Lincoln-Beatrice, NE",2023
31161,Sheridan County,,,,,,,2023
31163,Sherman County,,,,,,,2023
31165,Sioux County,,,,,,,2023
31167,Stanton County,35740,"Norfolk, NE",Micropolitan Statistical Area,Outlying,,,2023
31169,Thayer County,,,,,,,2023
31171,Thomas County,,,,,,,2023
31173,Thurston County,,,,,,,2023
31175,Valley County,,,,,,,2023
31177,Washington County,36540,"Omaha, NE-IA",Metropolitan Statistical Area,Outlying,420,"Omaha-Fremont, NE-IA",2023
31179,Wayne County,,,,,,,2023
31181,Webster County,25580,"Hastings, NE",Micropolitan Statistical Area,Outlying,,,2023
31183,Wheeler County,,,,,,,2023
31185,York County,,,,,,,2023
32001,Churchill County,21980,"Fallon, NV",Micropolitan Statistical Area,Central,456,"Reno-Carson City-Gardnerville Ranchos, NV-CA",2023
32003,Clark County,29820,"Las Vegas-Henderson-North Las Vegas, NV",Metropolitan Statistical Area,Central,332,"Las Vegas-Henderson, NV",2023
32005,Douglas County,23820,"Gardnerville Ranchos, NV-CA",Micropolitan Statistical Area,Central,456,"Reno-Carson City-Gardnerville Ranchos, NV-CA",2023
32007,Elko County,21220,"Elko, NV",Micropolitan Statistical Area,Central,,,2023
32009,Esmeralda County,,,,,,,2023
32011,Eureka County,21220,"Elko, NV",Micropolitan Statistical Area,Outlying,,,2023
32013,Humboldt County,49080,"Winnemucca, NV",Micropolitan Statistical Area,Central,,,2023
32015,Lander County,,,,,,,2023
32017,Lincoln County,,,,,,,2023
32019,Lyon County,39900,"Reno, NV",Metropolitan Statistical Area,Outlying,456,"Reno-Carson City-Gardnerville Ranchos, NV-CA",2023
32021,Mineral County,,,,,,,2023
32023,Nye County,37220,"Pahrump, NV",Micropolitan Statistical Area,Central,332,"Las Vegas-Henderson, NV",2023
32027,Pershing County,,,,,,,2023
32029,Storey County,39900,"Reno, NV",Metropolitan Statistical Area,Outlying,456,"Reno-Carson City-Gardnerville Ranchos, NV-CA",2023
32031,Washoe County,39900,"Reno, NV",Metropolitan Statistical Area,Central,456,"Reno-Carson City-Gardnerville Ranchos, NV-CA",2023
32033,White Pine County,,,,,,,2023
32510,Carson City,16180,"Carson City, NV",Metropolitan Statistical Area,Central,456,"Reno-Carson City-Gardnerville Ranchos, NV-CA",2023
33001,Belknap County,29060,"Laconia, NH",Micropolitan Statistical Area,Central,148,"Boston-Worcester-Providence, MA-RI-NH",2023
33003,Carroll County,,,,,,,2023
33005,Cheshire County,28300,"Keene, NH",Micropolitan Statistical Area,Central,313,"Keene-Brattleboro, NH-VT",2023
33007,Coos County,,,,,,,2023
33009,Grafton County,30150,"Lebanon-Claremont, NH-VT",Micropolitan Statistical Area,Central,,,2023
33011,Hillsborough County,31700,"Manchester-Nashua, NH",Metropolitan Statistical Area,Central,148,"Boston-Worcester-Providence, MA-RI-NH",2023
33013,Merrimack County,18180,"Concord, NH",Micropolitan Statistical Area,Central,148,"Boston-Worcester-Providence, MA-RI-NH",2023
33015,Rockingham County,14460,"Boston-Cambridge-Newton, MA-NH",Metropolitan Statistical Area,Central,148,"Boston-Worcester-Providence, MA-RI-NH",2023
33017,Strafford County,14460,"Boston-Cambridge-Newton, MA-NH",Metropolitan Statistical Area,Outlying,148,"Boston-Worcester-Providence, MA-RI-NH",2023
33019,Sullivan County,30150,"Lebanon-Claremont, NH-VT",Micropolitan Statistical Area,Outlying,,,2023
34001,Atlantic County,12100,"Atlantic City-Hammonton, NJ",Metropolitan Statistical Area,Central,428,"Philadelphia-Reading-Camden, PA-NJ-DE-MD",2023
34003,Bergen County,35620,"New York-Newark-Jersey City, NY-NJ",Metropolitan Statistical Area,Central,408,"New York-Newark, NY-NJ-CT-PA",2023
34005,Burlington County,37980,"Philadelphia-Camden-Wilmington, PA-NJ-DE-MD",Metropolitan Statistical Area,Central,428,"Philadelphia-Reading-Camden, PA-NJ-DE-MD",2023
34007,Camden County,37980,"Philadelphia-Camden-Wilmington, PA-NJ-DE-MD",Metropolitan Statistical Area,Central,428,"Philadelphia-Reading-Camden, PA-NJ-DE-MD",2023
34009,Cape May County,12100,"Atlantic City-Hammonton, NJ",Metropolitan Statistical Area,Central,428,"Philadelphia-Reading-Camden, PA-NJ-DE-MD",2023
34011,Cumberland County,47220,"Vineland, NJ",Metropolitan Statistical Area,Central,428,"Philadelphia-Reading-Camden, PA-NJ-DE-MD",2023
34013,Essex County,35620,"New York-Newark-Jersey City, NY-NJ",Metropolitan Statistical Area,Central,408,"New York-Newark, NY-NJ-CT-PA",2023
34015,Gloucester County,37980,"Philadelphia-Camden-Wilmington, PA-NJ-DE-MD",Metropolitan Statistical Area,Central,428,"Philadelphia-Reading-Camden, PA-NJ-DE-MD",2023
34017,Hudson County,35620,"New York-Newark-Jersey City, NY-NJ",Metropolitan Statistical Area,Central,408,"New York-Newark, NY-NJ-CT-PA",2023
34019,Hunterdon County,35620,"New York-Newark-Jersey City, NY-NJ",Metropolitan Statistical Area,Outlying,408,"New York-Newark, NY-NJ-CT-PA",2023
34021,Mercer County,45940,"Trenton-Princeton, NJ",Metropolitan Statistical Area,Central,408,"New York-Newark, NY-NJ-CT-PA",2023
34023,Middlesex County,35620,"New York-Newark-Jersey City, NY-NJ",Metropolitan Statistical Area,Central,408,"New York-Newark, NY-NJ-CT-PA",2023
34025,Monmouth County,35620,"New York-Newark-Jersey City, NY-NJ",Metropolitan Statistical Area,Central,408,"New York-Newark, NY-NJ-CT-PA",2023
34027,Morris County,35620,"New York-Newark-Jersey City, NY-NJ",Metropolitan Statistical Area,Central,408,"New York-Newark, NY-NJ-CT-PA",2023
34029,Ocean County,35620,"New York-Newark-Jersey City, NY-NJ",Metropolitan Statistical Area,Central,408,"New York-Newark, NY-NJ-CT-PA",2023
34031,Passaic County,35620,"New York-Newark-Jersey City, NY-NJ",Metropolitan Statistical Area,Central,408,"New York-Newark, NY-NJ-CT-PA",2023
34033,Salem County,37980,"Philadelphia-Camden-Wilmington, PA-NJ-DE-MD",Metropolitan Statistical Area,Central,428,"Philadelphia-Reading-Camden, PA-NJ-DE-MD",2023
34035,Somerset County,35620,"New York-Newark-Jersey City, NY-NJ",Metropolitan Statistical Area,Central,408,"New York-Newark, NY-NJ-CT-PA",2023
34037,Sussex County,35620,"New York-Newark-Jersey City, NY-NJ",Metropolitan Statistical Area,Outlying,408,"New York-Newark, NY-NJ-CT-PA",2023
34039,Union County,35620,"New York-Newark-Jersey City, NY-NJ",Metropolitan Statistical Area,Central,408,"New York-Newark, NY-NJ-CT-PA",2023
34041,Warren County,10900,"Allentown-Bethlehem-Easton, PA-NJ",Metropolitan Statistical Area,Central,106,"Allentown-Bethlehem-East Stroudsburg, PA-NJ",2023
35001,Bernalillo County,10740,"Albuquerque, NM",Metropolitan Statistical Area,Central,105,"Albuquerque-Santa Fe-Los Alamos, NM",2023
35003,Catron County,,,,,,,2023
35005,Chaves County,40740,"Roswell, NM",Micropolitan Statistical Area,Central,,,2023
35006,Cibola County,,,,,,,2023
35007,Colfax County,,,,,,,2023
35009,Curry County,17580,"Clovis, NM",Micropolitan Statistical Area,Central,,,2023
35011,De Baca County,,,,,,,2023
35013,Doña Ana County,29740,"Las Cruces, NM",Metropolitan Statistical Area,Central,238,"El Paso-Las Cruces, TX-NM",2023
35015,Eddy County,16100,"Carlsbad-Artesia, NM",Micropolitan Statistical Area,Central,,,2023
35017,Grant County,43500,"Silver City, NM",Micropolitan Statistical Area,Central,,,2023
35019,Guadalupe County,,,,,,,2023
35021,Harding County,,,,,,,2023
35023,Hidalgo County,,,,,,,2023
35025,Lea County,26020,"Hobbs, NM",Micropolitan Statistical Area,Central,,,2023
35027,Lincoln County,40760,"Ruidoso, NM",Micropolitan Statistical Area,Central,,,2023
35028,Los Alamos County,31060,"Los Alamos, NM",Micropolitan Statistical Area,Central,105,"Albuquerque-Santa Fe-Los Alamos, NM",2023
35029,Luna County,19700,"Deming, NM",Micropolitan Statistical Area,Central,,,2023
35031,McKinley County,23700,"Gallup, NM",Micropolitan Statistical Area,Central,,,2023
35033,Mora County,29780,"Las Vegas, NM",Micropolitan Statistical Area,Outlying,105,"Albuquerque-Santa Fe-Los Alamos, NM",2023
35035,Otero County,10460,"Alamogordo, NM",Micropolitan Statistical Area,Central,,,2023
35037,Quay County,,,,,,,2023
35039,Rio Arriba County,21580,"Española, NM",Micropolitan Statistical Area,Central,105,"Albuquerque-Santa Fe-Los Alamos, NM",2023
35041,Roosevelt County,17580,"Clovis, NM",Micropolitan Statistical Area,Outlying,,,2023
35043,Sandoval County,10740,"Albuquerque, NM",Metropolitan Statistical Area,Central,105,"Albuquerque-Santa Fe-Los Alamos, NM",2023
35045,San Juan County,22140,"Farmington, NM",Metropolitan Statistical Area,Central,,,2023
35047,San Miguel County,29780,"Las Vegas, NM",Micropolitan Statistical Area,Central,105,"Albuquerque-Santa Fe-Los Alamos, NM",2023
35049,Santa Fe County,42140,"Santa Fe, NM",Metropolitan Statistical Area,Central,105,"Albuquerque-Santa Fe-Los Alamos, NM",2023
35051,Sierra County,,,,,,,2023
35053,Socorro County,,,,,,,2023
35055,Taos County,45340,"Taos, NM",Micropolitan Statistical Area,Central,,,2023
35057,Torrance County,10740,"Albuquerque, NM",Metropolitan Statistical Area,Outlying,105,"Albuquerque-Santa Fe-Los Alamos, NM",2023
35059,Union County,,,,,,,2023
35061,Valencia County,10740,"Albuquerque, NM",Metropolitan Statistical Area,Outlying,105,"Albuquerque-Santa Fe-Los Alamos, NM",2023
36001,Albany County,10580,"Albany-Schenectady-Troy, NY",Metropolitan Statistical Area,Central,104,"Albany-Schenectady, NY",2023
36003,Allegany County,,,,,,,2023
36005,Bronx County,35620,"New York-Newark-Jersey City, NY-NJ",Metropolitan Statistical Area,Central,408,"New York-Newark, NY-NJ-CT-PA",2023
36007,Broome County,13780,"Binghamton, NY",Metropolitan Statistical Area,Central,,,2023
36009,Cattaraugus County,36460,"Olean, NY",Micropolitan Statistical Area,Central,160,"Buffalo-Cheektowaga-Olean, NY",2023
36011,Cayuga County,12180,"Auburn, NY",Micropolitan Statistical Area,Central,532,"Syracuse-Auburn, NY",2023
36013,Chautauqua County,27460,"Jamestown-Dunkirk, NY",Micropolitan Statistical Area,Central,,,2023
36015,Chemung County,21300,"Elmira, NY",Metropolitan Statistical Area,Central,236,"Elmira-Corning, NY",2023
36017,Chenango County,,,,,,,2023
36019,Clinton County,38460,"Plattsburgh, NY",Micropolitan Statistical Area,Central,,,2023
36021,Columbia County,26460,"Hudson, NY",Micropolitan Statistical Area,Central,104,"Albany-Schenectady, NY",2023
36023,Cortland County,18660,"Cortland, NY",Micropolitan Statistical Area,Central,296,"Ithaca-Cortland, NY",2023
36025,Delaware County,,,,,,,2023
36027,Dutchess County,28880,"Kiryas Joel-Poughkeepsie-Newburgh, NY",Metropolitan Statistical Area,Central,408,"New York-Newark, NY-NJ-CT-PA",2023
36029,Erie County,15380,"Buffalo-Cheektowaga, NY",Metropolitan Statistical Area,Central,160,"Buffalo-Cheektowaga-Olean, NY",2023
36031,Essex County,,,,,,,2023
36033,Franklin County,,,,,,,2023
36035,Fulton County,24100,"Gloversville, NY",Micropolitan Statistical Area,Central,104,"Albany-Schenectady, NY",2023
36037,Genesee County,12860,"Batavia, NY",Micropolitan Statistical Area,Central,464,"Rochester-Batavia-Seneca Falls, NY",2023
36039,Greene County,,,,,,,2023
36041,Hamilton County,,,,,,,2023
36043,Herkimer County,46540,"Utica-Rome, NY",Metropolitan Statistical Area,Outlying,,,2023
36045,Jefferson County,48060,"Watertown-Fort Drum, NY",Metropolitan Statistical Area,Central,,,2023
36047,Kings County,35620,"New York-Newark-Jersey City, NY-NJ",Metropolitan Statistical Area,Central,408,"New York-Newark, NY-NJ-CT-PA",2023
36049,Lewis County,,,,,,,2023
36051,Livingston County,40380,"Rochester, NY",Metropolitan Statistical Area,Outlying,464,"Rochester-Batavia-Seneca Falls, NY",2023
36053,Madison County,45060,"Syracuse, NY",Metropolitan Statistical Area,Outlying,532,"Syracuse-Auburn, NY",2023
36055,Monroe County,40380,"Rochester, NY",Metropolitan Statistical Area,Central,464,"Rochester-Batavia-Seneca Falls, NY",2023
36057,Montgomery County,11220,"Amsterdam, NY",Micropolitan Statistical Area,Central,104,"Albany-Schenectady, NY",2023
36059,Nassau County,35620,"New York-Newark-Jersey City, NY-NJ",Metropolitan Statistical Area,Central,408,"New York-Newark, NY-NJ-CT-PA",2023
36061,New York County,35620,"New York-Newark-Jersey City, NY-NJ",Metropolitan Statistical Area,Central,408,"New York-Newark, NY-NJ-CT-PA",2023
36063,Niagara County,15380,"Buffalo-Cheektowaga, NY",Metropolitan Statistical Area,Central,160,"Buffalo-Cheektowaga-Olean, NY",2023
36065,Oneida County,46540,"Utica-Rome, NY",Metropolitan Statistical Area,Central,,,2023
36067,Onondaga County,45060,"Syracuse, NY",Metropolitan Statistical Area,Central,532,"Syracuse-Auburn, NY",2023
36069,Ontario County,40380,"Rochester, NY",Metropolitan Statistical Area,Central,464,"Rochester-Batavia-Seneca Falls, NY",2023
36071,Orange County,28880,"Kiryas Joel-Poughkeepsie-Newburgh, NY",Metropolitan Statistical Area,Central,408,"New York-Newark, NY-NJ-CT-PA",2023
36073,Orleans County,40380,"Rochester, NY",Metropolitan Statistical Area,Outlying,464,"Rochester-Batavia-Seneca Falls, NY",2023
36075,Oswego County,45060,"Syracuse, NY",Metropolitan Statistical Area,Outlying,532,"Syracuse-Auburn, NY",2023
36077,Otsego County,36580,"Oneonta, NY",Micropolitan Statistical Area,Central,,,2023
36079,Putnam County,35620,"New York-Newark-Jersey City, NY-NJ",Metropolitan Statistical Area,Central,408,"New York-Newark, NY-NJ-CT-PA",2023
36081,Queens County,35620,"New York-Newark-Jersey City, NY-NJ",Metropolitan Statistical Area,Central,408,"New York-Newark, NY-NJ-CT-PA",2023
36083,Rensselaer County,10580,"Albany-Schenectady-Troy, NY",Metropolitan Statistical Area,Central,104,"Albany-Schenectady, NY",2023
36085,Richmond County,35620,"New York-Newark-Jersey City, NY-NJ",Metropolitan Statistical Area,Central,408,"New York-Newark, NY-NJ-CT-PA",2023
36087,Rockland County,35620,"New York-Newark-Jersey City, NY-NJ",Metropolitan Statistical Area,Central,408,"New York-Newark, NY-NJ-CT-PA",2023
36089,St. Lawrence County,32390,"Massena-Ogdensburg, NY",Micropolitan Statistical Area,Central,,,2023
36091,Saratoga County,10580,"Albany-Schenectady-Troy, NY",Metropolitan Statistical Area,Outlying,104,"Albany-Schenectady, NY",2023
36093,Schenectady County,10580,"Albany-Schenectady-Troy, NY",Metropolitan Statistical Area,Central,104,"Albany-Schenectady, NY",2023
36095,Schoharie County,10580,"Albany-Schenectady-Troy, NY",Metropolitan Statistical Area,Outlying,104,"Albany-Schenectady, NY",2023
36097,Schuyler County,,,,,,,2023
36099,Seneca County,42900,"Seneca Falls, NY",Micropolitan Statistical Area,Central,464,"Rochester-Batavia-Seneca Falls, NY",2023
36101,Steuben County,18500,"Corning, NY",Micropolitan Statistical Area,Central,236,"Elmira-Corning, NY",2023
36103,Suffolk County,35620,"New York-Newark-Jersey City, NY-NJ",Metropolitan Statistical Area,Central,408,"New York-Newark, NY-NJ-CT-PA",2023
36105,Sullivan County,33910,"Monticello, NY",Micropolitan Statistical Area,Central,408,"New York-Newark, NY-NJ-CT-PA",2023
36107,Tioga County,13780,"Binghamton, NY",Metropolitan Statistical Area,Central,,,2023
36109,Tompkins County,27060,"Ithaca, NY",Metropolitan Statistical Area,Central,296,"Ithaca-Cortland, NY",2023
36111,Ulster County,28740,"Kingston, NY",Metropolitan Statistical Area,Central,408,"New York-Newark, NY-NJ-CT-PA",2023
36113,Warren County,24020,"Glens Falls, NY",Metropolitan Statistical Area,Central,104,"Albany-Schenectady, NY",2023
36115,Washington County,24020,"Glens Falls, NY",Metropolitan Statistical Area,Central,104,"Albany-Schenectady, NY",2023
36117,Wayne County,40380,"Rochester, NY",Metropolitan Statistical Area,Outlying,464,"Rochester-Batavia-Seneca Falls, NY",2023
36119,Westchester County,35620,"New York-Newark-Jersey City, NY-NJ",Metropolitan Statistical Area,Central,408,"New York-Newark, NY-NJ-CT-PA",2023
36121,Wyoming County,,,,,,,2023
36123,Yates County,,,,,,,2023
37001,Alamance County,15500,"Burlington, NC",Metropolitan Statistical Area,Central,268,"Greensboro--Winston-Salem--High Point, NC",2023
37003,Alexander County,25860,"Hickory-Lenoir-Morganton, NC",Metropolitan Statistical Area,Outlying,172,"Charlotte-Concord, NC-SC",2023
37005,Alleghany County,,,,,,,2023
37007,Anson County,16740,"Charlotte-Concord-Gastonia, NC-SC",Metropolitan Statistical Area,Outlying,172,"Charlotte-Concord, NC-SC",2023
37009,Ashe County,,,,,,,2023
37011,Avery County,,,,,,,2023
37013,Beaufort County,47820,"Washington, NC",Micropolitan Statistical Area,Central,274,"Greenville-Washington, NC",2023
37015,Bertie County,,,,,,,2023
37017,Bladen County,,,,,,,2023
37019,Brunswick County,48900,"Wilmington, NC",Metropolitan Statistical Area,Central,,,2023
37021,Buncombe County,11700,"Asheville, NC",Metropolitan Statistical Area,Central,120,"Asheville-Waynesville-Brevard, NC",2023
37023,Burke County,25860,"Hickory-Lenoir-Morganton, NC",Metropolitan Statistical Area,Central,172,"Charlotte-Concord, NC-SC",2023
37025,Cabarrus County,16740,"Charlotte-Concord-Gastonia, NC-SC",Metropolitan Statistical Area,Outlying,172,"Charlotte-Concord, NC-SC",2023
37027,Caldwell County,25860,"Hickory-Lenoir-Morganton, NC",Metropolitan Statistical Area,Central,172,"Charlotte-Concord, NC-SC",2023
37029,Camden County,47260,"Virginia Beach-Chesapeake-Norfolk, VA-NC",Metropolitan Statistical Area,Outlying,545,"Virginia Beach-Chesapeake, VA-NC",2023
37031,Carteret County,33980,"Morehead City, NC",Micropolitan Statistical Area,Central,404,"New Bern-Morehead City, NC",2023
37033,Caswell County,,,,,,,2023
37035,Catawba County,25860,"Hickory-Lenoir-Morganton, NC",Metropolitan Statistical Area,Central,172,"Charlotte-Concord, NC-SC",2023
37037,Chatham County,20500,"Durham-Chapel Hill, NC",Metropolitan Statistical Area,Central,450,"Raleigh-Durham-Cary, NC",2023
37039,Cherokee County,,,,,,,2023
37041,Chowan County,,,,,,,2023
37043,Clay County,,,,,,,2023
37045,Cleveland County,43140,"Shelby-Kings Mountain, NC",Micropolitan Statistical Area,Central,172,"Charlotte-Concord, NC-SC",2023
37047,Columbus County,,,,,,,2023
37049,Craven County,35100,"New Bern, NC",Micropolitan Statistical Area,Central,404,"New Bern-Morehead City, NC",2023
37051,Cumberland County,22180,"Fayetteville, NC",Metropolitan Statistical Area,Central,246,"Fayetteville-Lumberton-Pinehurst, NC",2023
37053,Currituck County,47260,"Virginia Beach-Chesapeake-Norfolk, VA-NC",Metropolitan Statistical Area,Outlying,545,"Virginia Beach-Chesapeake, VA-NC",2023
37055,Dare County,28620,"Kill Devil Hills, NC",Micropolitan Statistical Area,Central,545,"Virginia Beach-Chesapeake, VA-NC",2023
37057,Davidson County,49180,"Winston-Salem, NC",Metropolitan Statistical Area,Central,268,"Greensboro--Winston-Salem--High Point, NC",2023
37059,Davie County,49180,"Winston-Salem, NC",Metropolitan Statistical Area,Central,268,"Greensboro--Winston-Salem--High Point, NC",2023
37061,Duplin County,,,,,,,2023
37063,Durham County,20500,"Durham-Chapel Hill, NC",Metropolitan Statistical Area,Central,450,"Raleigh-Durham-Cary, NC",2023
37065,Edgecombe County,40580,"Rocky Mount, NC",Metropolitan Statistical Area,Central,468,"Rocky Mount-Wilson-Roanoke Rapids, NC",2023
37067,Forsyth County,49180,"Winston-Salem, NC",Metropolitan Statistical Area,Central,268,"Greensboro--Winston-Salem--High Point, NC",2023
37069,Franklin County,39580,"Raleigh-Cary, NC",Metropolitan Statistical Area,Central,450,"Raleigh-Durham-Cary, NC",2023
37071,Gaston County,16740,"Charlotte-Concord-Gastonia, NC-SC",Metropolitan Statistical Area,Outlying,172,"Charlotte-Concord, NC-SC",2023
37073,Gates County,47260,"Virginia Beach-Chesapeake-Norfolk, VA-NC",Metropolitan Statistical Area,Outlying,545,"Virginia Beach-Chesapeake, VA-NC",2023
37075,Graham County,,,,,,,2023
37077,Granville County,,,,,,,2023
37079,Greene County,,,,,,,2023
37081,Guilford County,24660,"Greensboro-High Point, NC",Metropolitan Statistical Area,Central,268,"Greensboro--Winston-Salem--High Point, NC",2023
37083,Halifax County,40260,"Roanoke Rapids, NC",Micropolitan Statistical Area,Central,468,"Rocky Mount-Wilson-Roanoke Rapids, NC",2023
37085,Harnett County,11360,"Anderson Creek, NC",Micropolitan Statistical Area,Central,450,"Raleigh-Durham-Cary, NC",2023
37087,Haywood County,48200,"Waynesville, NC",Micropolitan Statistical Area,Central,120,"Asheville-Waynesville-Brevard, NC",2023
37089,Henderson County,11700,"Asheville, NC",Metropolitan Statistical Area,Central,120,"Asheville-Waynesville-Brevard, NC",2023
37091,Hertford County,,,,,,,2023
37093,Hoke County,22180,"Fayetteville, NC",Metropolitan Statistical Area,Central,246,"Fayetteville-Lumberton-Pinehurst, NC",2023
37095,Hyde County,,,,,,,2023
37097,Iredell County,16740,"Charlotte-Concord-Gastonia, NC-SC",Metropolitan Statistical Area,Central,172,"Charlotte-Concord, NC-SC",2023
37099,Jackson County,,,,,,,2023
37101,Johnston County,39580,"Raleigh-Cary, NC",Metropolitan Statistical Area,Outlying,450,"Raleigh-Durham-Cary, NC",2023
37103,Jones County,35100,"New Bern, NC",Micropolitan Statistical Area,Outlying,404,"New Bern-Morehead City, NC",2023
37105,Lee County,41820,"Sanford, NC",Micropolitan Statistical Area,Central,450,"Raleigh-Durham-Cary, NC",2023
37107,Lenoir County,28820,"Kinston, NC",Micropolitan Statistical Area,Central,,,2023
37109,Lincoln County,16740,"Charlotte-Concord-Gastonia, NC-SC",Metropolitan Statistical Area,Outlying,172,"Charlotte-Concord, NC-SC",2023
37111,McDowell County,32000,"Marion, NC",Micropolitan Statistical Area,Central,172,"Charlotte-Concord, NC-SC",2023
37113,Macon County,,,,,,,2023
37115,Madison County,11700,"Asheville, NC",Metropolitan Statistical Area,Outlying,120,"Asheville-Waynesville-Brevard, NC",2023
37117,Martin County,,,,,,,2023
37119,Mecklenburg County,16740,"Charlotte-Concord-Gastonia, NC-SC",Metropolitan Statistical Area,Central,172,"Charlotte-Concord, NC-SC",2023
37121,Mitchell County,,,,,,,2023
37123,Montgomery County,,,,,,,2023
37125,Moore County,38240,"Pinehurst-Southern Pines, NC",Metropolitan Statistical Area,Central,246,"Fayetteville-Lumberton-Pinehurst, NC",2023
37127,Nash County,40580,"Rocky Mount, NC",Metropolitan Statistical Area,Central,468,"Rocky Mount-Wilson-Roanoke Rapids, NC",2023
37129,New Hanover County,48900,"Wilmington, NC",Metropolitan Statistical Area,Central,,,2023
37131,Northampton County,40260,"Roanoke Rapids, NC",Micropolitan Statistical Area,Outlying,468,"Rocky Mount-Wilson-Roanoke Rapids, NC",2023
37133,Onslow County,27340,"Jacksonville, NC",Metropolitan Statistical Area,Central,,,2023
37135,Orange County,20500,"Durham-Chapel Hill, NC",Metropolitan Statistical Area,Central,450,"Raleigh-Durham-Cary, NC",2023
37137,Pamlico County,35100,"New Bern, NC",Micropolitan Statistical Area,Outlying,404,"New Bern-Morehead City, NC",2023
37139,Pasquotank County,21020,"Elizabeth City, NC",Micropolitan Statistical Area,Central,545,"Virginia Beach-Chesapeake, VA-NC",2023
37141,Pender County,48900,"Wilmington, NC",Metropolitan Statistical Area,Outlying,,,2023
37143,Perquimans County,,,,,,,2023
37145,Person County,20500,"Durham-Chapel Hill, NC",Metropolitan Statistical Area,Outlying,450,"Raleigh-Durham-Cary, NC",2023
37147,Pitt County,24780,"Greenville, NC",Metropolitan Statistical Area,Central,274,"Greenville-Washington, NC",2023
37149,Polk County,,,,,,,2023
37151,Randolph County,24660,"Greensboro-High Point, NC",Metropolitan Statistical Area,Outlying,268,"Greensboro--Winston-Salem--High Point, NC",2023
37153,Richmond County,40460,"Rockingham, NC",Micropolitan Statistical Area,Central,246,"Fayetteville-Lumberton-Pinehurst, NC",2023
37155,Robeson County,31300,"Lumberton, NC",Micropolitan Statistical Area,Central,246,"Fayetteville-Lumberton-Pinehurst, NC",2023
37157,Rockingham County,24660,"Greensboro-High Point, NC",Metropolitan Statistical Area,Outlying,268,"Greensboro--Winston-Salem--High Point, NC",2023
37159,Rowan County,16740,"Charlotte-Concord-Gastonia, NC-SC",Metropolitan Statistical Area,Outlying,172,"Charlotte-Concord, NC-SC",2023
37161,Rutherford County,22580,"Forest City, NC",Micropolitan Statistical Area,Central,,,2023
37163,Sampson County,,,,,,,2023
37165,Scotland County,29900,"Laurinburg, NC",Micropolitan Statistical Area,Central,246,"Fayetteville-Lumberton-Pinehurst, NC",2023
37167,Stanly County,10620,"Albemarle, NC",Micropolitan Statistical Area,Central,172,"Charlotte-Concord, NC-SC",2023
37169,Stokes County,49180,"Winston-Salem, NC",Metropolitan Statistical Area,Central,268,"Greensboro--Winston-Salem--High Point, NC",2023
37171,Surry County,34340,"Mount Airy, NC",Micropolitan Statistical Area,Central,268,"Greensboro--Winston-Salem--High Point, NC",2023
37173,Swain County,,,,,,,2023
37175,Transylvania County,14820,"Brevard, NC",Micropolitan Statistical Area,Central,120,"Asheville-Waynesville-Brevard, NC",2023
37177,Tyrrell County,,,,,,,2023
37179,Union County,16740,"Charlotte-Concord-Gastonia, NC-SC",Metropolitan Statistical Area,Central,172,"Charlotte-Concord, NC-SC",2023
37181,Vance County,25780,"Henderson, NC",Micropolitan Statistical Area,Central,450,"Raleigh-Durham-Cary, NC",2023
37183,Wake County,39580,"Raleigh-Cary, NC",Metropolitan Statistical Area,Central,450,"Raleigh-Durham-Cary, NC",2023
37185,Warren County,,,,,,,2023
37187,Washington County,,,,,,,2023
37189,Watauga County,14380,"Boone, NC",Micropolitan Statistical Area,Central,,,2023
37191,Wayne County,24140,"Goldsboro, NC",Metropolitan Statistical Area,Central,,,2023
37193,Wilkes County,35900,"North Wilkesboro, NC",Micropolitan Statistical Area,Central,,,2023
37195,Wilson County,48980,"Wilson, NC",Micropolitan Statistical Area,Central,468,"Rocky Mount-Wilson-Roanoke Rapids, NC",2023
37197,Yadkin County,49180,"Winston-Salem, NC",Metropolitan Statistical Area,Outlying,268,"Greensboro--Winston-Salem--High Point, NC",2023
37199,Yancey County,,,,,,,2023
38001,Adams County,,,,,,,2023
38003,Barnes County,,,,,,,2023
38005,Benson County,,,,,,,2023
38007,Billings County,19860,"Dickinson, ND",Micropolitan Statistical Area,Outlying,,,2023
38009,Bottineau County,,,,,,,2023
38011,Bowman County,,,,,,,2023
38013,Burke County,,,,,,,2023
38015,Burleigh County,13900,"Bismarck, ND",Metropolitan Statistical Area,Central,,,2023
38017,Cass County,22020,"Fargo, ND-MN",Metropolitan Statistical Area,Central,244,"Fargo-Wahpeton, ND-MN",2023
38019,Cavalier County,,,,,,,2023
38021,Dickey County,,,,,,,2023
38023,Divide County,,,,,,,2023
38025,Dunn County,19860,"Dickinson, ND",Micropolitan Statistical Area,Outlying,,,2023
38027,Eddy County,,,,,,,2023
38029,Emmons County,,,,,,,2023
38031,Foster County,,,,,,,2023
38033,Golden Valley County,,,,,,,2023
38035,Grand Forks County,24220,"Grand Forks, ND-MN",Metropolitan Statistical Area,Central,,,2023
38037,Grant County,,,,,,,2023
38039,Griggs County,,,,,,,2023
38041,Hettinger County,,,,,,,2023
38043,Kidder County,,,,,,,2023
38045,LaMoure County,,,,,,,2023
38047,Logan County,,,,,,,2023
38049,McHenry County,33500,"Minot, ND",Metropolitan Statistical Area,Outlying,,,2023
38051,McIntosh County,,,,,,,2023
38053,McKenzie County,,,,,,,2023
38055,McLean County,,,,,,,2023
38057,Mercer County,,,,,,,2023
38059,Morton County,13900,"Bismarck, ND",Metropolitan Statistical Area,Central,,,2023
38061,Mountrail County,,,,,,,2023
38063,Nelson County,,,,,,,2023
38065,Oliver County,13900,"Bismarck, ND",Metropolitan Statistical Area,Outlying,,,2023
38067,Pembina County,,,,,,,2023
38069,Pierce County,,,,,,,2023
38071,Ramsey County,,,,,,,2023
38073,Ransom County,,,,,,,2023
38075,Renville County,33500,"Minot, ND",Metropolitan Statistical Area,Outlying,,,2023
38077,Richland County,47420,"Wahpeton, ND-MN",Micropolitan Statistical Area,Central,244,"Fargo-Wahpeton, ND-MN",2023
38079,Rolette County,,,,,,,2023
38081,Sargent County,,,,,,,2023
38083,Sheridan County,,,,,,,2023
38085,Sioux County,,,,,,,2023
38087,Slope County,,,,,,,2023
38089,Stark County,19860,"Dickinson, ND",Micropolitan Statistical Area,Central,,,2023
38091,Steele County,,,,,,,2023
38093,Stutsman County,27420,"Jamestown, ND",Micropolitan Statistical Area,Central,,,2023
38095,Towner County,,,,,,,2023
38097,Traill County,,,,,,,2023
38099,Walsh County,,,,,,,2023
38101,Ward County,33500,"Minot, ND",Metropolitan Statistical Area,Central,,,2023
38103,Wells County,,,,,,,2023
38105,Williams County,48780,"Williston, ND",Micropolitan Statistical Area,Central,,,2023
39001,Adams County,,,,,,,2023
39003,Allen County,30620,"Lima, OH",Metropolitan Statistical Area,Central,338,"Lima-Van Wert-Celina, OH",2023
39005,Ashland County,11740,"Ashland, OH",Micropolitan Statistical Area,Central,360,"Mansfield-Ashland-Bucyrus, OH",2023
39007,Ashtabula County,17410,"Cleveland, OH",Metropolitan Statistical Area,Outlying,184,"Cleveland-Akron-Canton, OH",2023
39009,Athens County,11900,"Athens, OH",Micropolitan Statistical Area,Central,198,"Columbus-Marion-Zanesville, OH",2023
39011,Auglaize County,47540,"Wapakoneta, OH",Micropolitan Statistical Area,Central,338,"Lima-Van Wert-Celina, OH",2023
39013,Belmont County,48540,"Wheeling, WV-OH",Metropolitan Statistical Area,Central,,,2023
39015,Brown County,17140,"Cincinnati, OH-KY-IN",Metropolitan Statistical Area,Outlying,178,"Cincinnati-Wilmington, OH-KY-IN",2023
39017,Butler County,17140,"Cincinnati, OH-KY-IN",Metropolitan Statistical Area,Central,178,"Cincinnati-Wilmington, OH-KY-IN",2023
39019,Carroll County,15940,"Canton-Massillon, OH",Metropolitan Statistical Area,Outlying,184,"Cleveland-Akron-Canton, OH",2023
39021,Champaign County,46500,"Urbana, OH",Micropolitan Statistical Area,Central,212,"Dayton-Springfield-Kettering, OH",2023
39023,Clark County,44220,"Springfield, OH",Metropolitan Statistical Area,Central,212,"Dayton-Springfield-Kettering, OH",2023
39025,Clermont County,17140,"Cincinnati, OH-KY-IN",Metropolitan Statistical Area,Central,178,"Cincinnati-Wilmington, OH-KY-IN",2023
39027,Clinton County,48940,"Wilmington, OH",Micropolitan Statistical Area,Central,178,"Cincinnati-Wilmington, OH-KY-IN",2023
39029,Columbiana County,41400,"Salem, OH",Micropolitan Statistical Area,Central,566,"Youngstown-Warren-Salem, OH",2023
39031,Coshocton County,18740,"Coshocton, OH",Micropolitan Statistical Area,Central,184,"Cleveland-Akron-Canton, OH",2023
39033,Crawford County,15340,"Bucyrus, OH",Micropolitan Statistical Area,Central,360,"Mansfield-Ashland-Bucyrus, OH",2023
39035,Cuyahoga County,17410,"Cleveland, OH",Metropolitan Statistical Area,Central,184,"Cleveland-Akron-Canton, OH",2023
39037,Darke County,24820,"Greenville, OH",Micropolitan Statistical Area,Central,212,"Dayton-Springfield-Kettering, OH",2023
39039,Defiance County,19580,"Defiance, OH",Micropolitan Statistical Area,Central,,,2023
39041,Delaware County,18140,"Columbus, OH",Metropolitan Statistical Area,Central,198,"Columbus-Marion-Zanesville, OH",2023
39043,Erie County,41780,"Sandusky, OH",Metropolitan Statistical Area,Central,184,"Cleveland-Akron-Canton, OH",2023
39045,Fairfield County,18140,"Columbus, OH",Metropolitan Statistical Area,Central,198,"Columbus-Marion-Zanesville, OH",2023
39047,Fayette County,47920,"Washington Court House, OH",Micropolitan Statistical Area,Central,198,"Columbus-Marion-Zanesville, OH",2023
39049,Franklin County,18140,"Columbus, OH",Metropolitan Statistical Area,Central,198,"Columbus-Marion-Zanesville, OH",2023
39051,Fulton County,45780,"Toledo, OH",Metropolitan Statistical Area,Outlying,,,2023
39053,Gallia County,23680,"Gallipolis, OH",Micropolitan Statistical Area,Central,,,2023
39055,Geauga County,17410,"Cleveland, OH",Metropolitan Statistical Area,Central,184,"Cleveland-Akron-Canton, OH",2023
39057,Greene County,19430,"Dayton-Kettering-Beavercreek, OH",Metropolitan Statistical Area,Central,212,"Dayton-Springfield-Kettering, OH",2023
39059,Guernsey County,15740,"Cambridge, OH",Micropolitan Statistical Area,Central,198,"Columbus-Marion-Zanesville, OH",2023
39061,Hamilton County,17140,"Cincinnati, OH-KY-IN",Metropolitan Statistical Area,Central,178,"Cincinnati-Wilmington, OH-KY-IN",2023
39063,Hancock County,22300,"Findlay, OH",Micropolitan Statistical Area,Central,248,"Findlay-Tiffin, OH",2023
39065,Hardin County,,,,,,,2023
39067,Harrison County,,,,,,,2023
39069,Henry County,,,,,,,2023
39071,Highland County,,,,,,,2023
39073,Hocking County,18140,"Columbus, OH",Metropolitan Statistical Area,Outlying,198,"Columbus-Marion-Zanesville, OH",2023
39075,Holmes County,,,,,,,2023
39077,Huron County,35940,"Norwalk, OH",Micropolitan Statistical Area,Central,184,"Cleveland-Akron-Canton, OH",2023
39079,Jackson County,,,,,,,2023
39081,Jefferson County,48260,"Weirton-Steubenville, WV-OH",Metropolitan Statistical Area,Central,430,"Pittsburgh-Weirton-Steubenville, PA-OH-WV",2023
39083,Knox County,34540,"Mount Vernon, OH",Micropolitan Statistical Area,Central,198,"Columbus-Marion-Zanesville, OH",2023
39085,Lake County,17410,"Cleveland, OH",Metropolitan Statistical Area,Central,184,"Cleveland-Akron-Canton, OH",2023
39087,Lawrence County,26580,"Huntington-Ashland, WV-KY-OH",Metropolitan Statistical Area,Central,170,"Charleston-Huntington-Ashland, WV-OH-KY",2023
39089,Licking County,18140,"Columbus, OH",Metropolitan Statistical Area,Outlying,198,"Columbus-Marion-Zanesville, OH",2023
39091,Logan County,13340,"Bellefontaine, OH",Micropolitan Statistical Area,Central,198,"Columbus-Marion-Zanesville, OH",2023
39093,Lorain County,17410,"Cleveland, OH",Metropolitan Statistical Area,Outlying,184,"Cleveland-Akron-Canton, OH",2023
39095,Lucas County,45780,"Toledo, OH",Metropolitan Statistical Area,Central,,,2023
39097,Madison County,18140,"Columbus, OH",Metropolitan Statistical Area,Outlying,198,"Columbus-Marion-Zanesville, OH",2023
39099,Mahoning County,49660,"Youngstown-Warren, OH",Metropolitan Statistical Area,Central,566,"Youngstown-Warren-Salem, OH",2023
39101,Marion County,32020,"Marion, OH",Micropolitan Statistical Area,Central,198,"Columbus-Marion-Zanesville, OH",2023
39103,Medina County,17410,"Cleveland, OH",Metropolitan Statistical Area,Central,184,"Cleveland-Akron-Canton, OH",2023
39105,Meigs County,,,,,,,2023
39107,Mercer County,16380,"Celina, OH",Micropolitan Statistical Area,Central,338,"Lima-Van Wert-Celina, OH",2023
39109,Miami County,19430,"Dayton-Kettering-Beavercreek, OH",Metropolitan Statistical Area,Outlying,212,"Dayton-Springfield-Kettering, OH",2023
39111,Monroe County,,,,,,,2023
39113,Montgomery County,19430,"Dayton-Kettering-Beavercreek, OH",Metropolitan Statistical Area,Central,212,"Dayton-Springfield-Kettering, OH",2023
39115,Morgan County,,,,,,,2023
39117,Morrow County,18140,"Columbus, OH",Metropolitan Statistical Area,Outlying,198,"Columbus-Marion-Zanesville, OH",2023
39119,Muskingum County,49780,"Zanesville, OH",Micropolitan Statistical Area,Central,198,"Columbus-Marion-Zanesville, OH",2023
39121,Noble County,,,,,,,2023
39123,Ottawa County,41780,"Sandusky, OH",Metropolitan Statistical Area,Central,184,"Cleveland-Akron-Canton, OH",2023
39125,Paulding County,,,,,,,2023
39127,Perry County,18140,"Columbus, OH",Metropolitan Statistical Area,Outlying,198,"Columbus-Marion-Zanesville, OH",2023
39129,Pickaway County,18140,"Columbus, OH",Metropolitan Statistical Area,Outlying,198,"Columbus-Marion-Zanesville, OH",2023
39131,Pike County,,,,,,,2023
39133,Portage County,10420,"Akron, OH",Metropolitan Statistical Area,Central,184,"Cleveland-Akron-Canton, OH",2023
39135,Preble County,,,,,,,2023
39137,Putnam County,,,,,,,2023
39139,Richland County,31900,"Mansfield, OH",Metropolitan Statistical Area,Central,360,"Mansfield-Ashland-Bucyrus, OH",2023
39141,Ross County,17060,"Chillicothe, OH",Micropolitan Statistical Area,Central,198,"Columbus-Marion-Zanesville, OH",2023
39143,Sandusky County,23380,"Fremont, OH",Micropolitan Statistical Area,Central,184,"Cleveland-Akron-Canton, OH",2023
39145,Scioto County,39020,"Portsmouth, OH",Micropolitan Statistical Area,Central,170,"Charleston-Huntington-Ashland, WV-OH-KY",2023
39147,Seneca County,45660,"Tiffin, OH",Micropolitan Statistical Area,Central,248,"Findlay-Tiffin, OH",2023
39149,Shelby County,43380,"Sidney, OH",Micropolitan Statistical Area,Central,212,"Dayton-Springfield-Kettering, OH",2023
39151,Stark County,15940,"Canton-Massillon, OH",Metropolitan Statistical Area,Central,184,"Cleveland-Akron-Canton, OH",2023
39153,Summit County,10420,"Akron, OH",Metropolitan Statistical Area,Central,184,"Cleveland-Akron-Canton, OH",2023
39155,Trumbull County,49660,"Youngstown-Warren, OH",Metropolitan Statistical Area,Central,566,"Youngstown-Warren-Salem, OH",2023
39157,Tuscarawas County,35420,"New Philadelphia-Dover, OH",Micropolitan Statistical Area,Central,184,"Cleveland-Akron-Canton, OH",2023
39159,Union County,18140,"Columbus, OH",Metropolitan Statistical Area,Outlying,198,"Columbus-Marion-Zanesville, OH",2023
39161,Van Wert County,46780,"Van Wert, OH",Micropolitan Statistical Area,Central,338,"Lima-Van Wert-Celina, OH",2023
39163,Vinton County,,,,,,,2023
39165,Warren County,17140,"Cincinnati, OH-KY-IN",Metropolitan Statistical Area,Central,178,"Cincinnati-Wilmington, OH-KY-IN",2023
39167,Washington County,31930,"Marietta, OH",Micropolitan Statistical Area,Central,425,"Parkersburg-Marietta-Vienna, WV-OH",2023
39169,Wayne County,49300,"Wooster, OH",Micropolitan Statistical Area,Central,184,"Cleveland-Akron-Canton, OH",2023
39171,Williams County,,,,,,,2023
39173,Wood County,45780,"Toledo, OH",Metropolitan Statistical Area,Central,,,2023
39175,Wyandot County,,,,,,,2023
40001,Adair County,,,,,,,2023
40003,Alfalfa County,,,,,,,2023
40005,Atoka County,,,,,,,2023
40007,Beaver County,,,,,,,2023
40009,Beckham County,21120,"Elk City, OK",Micropolitan Statistical Area,Central,555,"Weatherford-Elk City, OK",2023
40011,Blaine County,,,,,,,2023
40013,Bryan County,20460,"Durant, OK",Micropolitan Statistical Area,Central,206,"Dallas-Fort Worth, TX-OK",2023
40015,Caddo County,,,,,,,2023
40017,Canadian County,36420,"Oklahoma City, OK",Metropolitan Statistical Area,Central,416,"Oklahoma City-Shawnee, OK",2023
40019,Carter County,11620,"Ardmore, OK",Micropolitan Statistical Area,Central,,,2023
40021,Cherokee County,45140,"Tahlequah, OK",Micropolitan Statistical Area,Central,,,2023
40023,Choctaw County,,,,,,,2023
40025,Cimarron County,,,,,,,2023
40027,Cleveland County,36420,"Oklahoma City, OK",Metropolitan Statistical Area,Central,416,"Oklahoma City-Shawnee, OK",2023
40029,Coal County,,,,,,,2023
40031,Comanche County,30020,"Lawton, OK",Metropolitan Statistical Area,Central,334,"Lawton-Duncan, OK",2023
40033,Cotton County,30020,"Lawton, OK",Metropolitan Statistical Area,Outlying,334,"Lawton-Duncan, OK",2023
40035,Craig County,,,,,,,2023
40037,Creek County,46140,"Tulsa, OK",Metropolitan Statistical Area,Central,538,"Tulsa-Bartlesville-Muskogee, OK",2023
40039,Custer County,48220,"Weatherford, OK",Micropolitan Statistical Area,Central,555,"Weatherford-Elk City, OK",2023
40041,Delaware County,,,,,,,2023
40043,Dewey County,,,,,,,2023
40045,Ellis County,,,,,,,2023
40047,Garfield County,21420,"Enid, OK",Metropolitan Statistical Area,Central,,,2023
40049,Garvin County,,,,,,,2023
40051,Grady County,36420,"Oklahoma City, OK",Metropolitan Statistical Area,Outlying,416,"Oklahoma City-Shawnee, OK",2023
40053,Grant County,,,,,,,2023
40055,Greer County,,,,,,,2023
40057,Harmon County,,,,,,,2023
40059,Harper County,,,,,,,2023
40061,Haskell County,,,,,,,2023
40063,Hughes County,,,,,,,2023
40065,Jackson County,11060,"Altus, OK",Micropolitan Statistical Area,Central,,,2023
40067,Jefferson County,,,,,,,2023
40069,Johnston County,,,,,,,2023
40071,Kay County,38620,"Ponca City, OK",Micropolitan Statistical Area,Central,,,2023
40073,Kingfisher County,,,,,,,2023
40075,Kiowa County,,,,,,,2023
40077,Latimer County,,,,,,,2023
40079,Le Flore County,,,,,,,2023
40081,Lincoln County,36420,"Oklahoma City, OK",Metropolitan Statistical Area,Outlying,416,"Oklahoma City-Shawnee, OK",2023
40083,Logan County,36420,"Oklahoma City, OK",Metropolitan Statistical Area,Central,416,"Oklahoma City-Shawnee, OK",2023
40085,Love County,,,,,,,2023
40087,McClain County,36420,"Oklahoma City, OK",Metropolitan Statistical Area,Outlying,416,"Oklahoma City-Shawnee, OK",2023
40089,McCurtain County,,,,,,,2023
40091,McIntosh County,,,,,,,2023
40093,Major County,,,,,,,2023
40095,Marshall County,,,,,,,2023
40097,Mayes County,,,,,,,2023
40099,Murray County,,,,,,,2023
40101,Muskogee County,34780,"Muskogee, OK",Micropolitan Statistical Area,Central,538,"Tulsa-Bartlesville-Muskogee, OK",2023
40103,Noble County,,,,,,,2023
40105,Nowata County,,,,,,,2023
40107,Okfuskee County,,,,,,,2023
40109,Oklahoma County,36420,"Oklahoma City, OK",Metropolitan Statistical Area,Central,416,"Oklahoma City-Shawnee, OK",2023
40111,Okmulgee County,46140,"Tulsa, OK",Metropolitan Statistical Area,Outlying,538,"Tulsa-Bartlesville-Muskogee, OK",2023
40113,Osage County,46140,"Tulsa, OK",Metropolitan Statistical Area,Central,538,"Tulsa-Bartlesville-Muskogee, OK",2023
40115,Ottawa County,33060,"Miami, OK",Micropolitan Statistical Area,Central,309,"Joplin-Miami, MO-OK-KS",2023
40117,Pawnee County,46140,"Tulsa, OK",Metropolitan Statistical Area,Outlying,538,"Tulsa-Bartlesville-Muskogee, OK",2023
40119,Payne County,44660,"Stillwater, OK",Micropolitan Statistical Area,Central,,,2023
40121,Pittsburg County,32540,"McAlester, OK",Micropolitan Statistical Area,Central,,,2023
40123,Pontotoc County,10220,"Ada, OK",Micropolitan Statistical Area,Central,,,2023
40125,Pottawatomie County,43060,"Shawnee, OK",Micropolitan Statistical Area,Central,416,"Oklahoma City-Shawnee, OK",2023
40127,Pushmataha County,,,,,,,2023
40129,Roger Mills County,,,,,,,2023
40131,Rogers County,46140,"Tulsa, OK",Metropolitan Statistical Area,Outlying,538,"Tulsa-Bartlesville-Muskogee, OK",2023
40133,Seminole County,,,,,,,2023
40135,Sequoyah County,22900,"Fort Smith, AR-OK",Metropolitan Statistical Area,Outlying,,,2023
40137,Stephens County,20340,"Duncan, OK",Micropolitan Statistical Area,Central,334,"Lawton-Duncan, OK",2023
40139,Texas County,25100,"Guymon, OK",Micropolitan Statistical Area,Central,,,2023
40141,Tillman County,,,,,,,2023
40143,Tulsa County,46140,"Tulsa, OK",Metropolitan Statistical Area,Central,538,"Tulsa-Bartlesville-Muskogee, OK",2023
40145,Wagoner County,46140,"Tulsa, OK",Metropolitan Statistical Area,Central,538,"Tulsa-Bartlesville-Muskogee, OK",2023
40147,Washington County,12780,"Bartlesville, OK",Micropolitan Statistical Area,Central,538,"Tulsa-Bartlesville-Muskogee, OK",2023
40149,Washita County,48220,"Weatherford, OK",Micropolitan Statistical Area,Outlying,555,"Weatherford-Elk City, OK",2023
40151,Woods County,,,,,,,2023
40153,Woodward County,49260,"Woodward, OK",Micropolitan Statistical Area,Central,,,2023
41001,Baker County,12520,"Baker City, OR",Micropolitan Statistical Area,Central,,,2023
41003,Benton County,18700,"Corvallis, OR",Metropolitan Statistical Area,Central,440,"Portland-Vancouver-Salem, OR-WA",2023
41005,Clackamas County,38900,"Portland-Vancouver-Hillsboro, OR-WA",Metropolitan Statistical Area,Central,440,"Portland-Vancouver-Salem, OR-WA",2023
41007,Clatsop County,11820,"Astoria, OR",Micropolitan Statistical Area,Central,,,2023
41009,Columbia County,38900,"Portland-Vancouver-Hillsboro, OR-WA",Metropolitan Statistical Area,Outlying,440,"Portland-Vancouver-Salem, OR-WA",2023
41011,Coos County,18300,"Coos Bay-North Bend, OR",Micropolitan Statistical Area,Central,,,2023
41013,Crook County,13460,"Bend, OR",Metropolitan Statistical Area,Outlying,,,2023
41015,Curry County,15060,"Brookings, OR",Micropolitan Statistical Area,Central,152,"Brookings-Crescent City, OR-CA",2023
41017,Deschutes County,13460,"Bend, OR",Metropolitan Statistical Area,Central,,,2023
41019,Douglas County,40700,"Roseburg, OR",Micropolitan Statistical Area,Central,,,2023
41021,Gilliam County,,,,,,,2023
41023,Grant County,,,,,,,2023
41025,Harney County,,,,,,,2023
41027,Hood River County,26220,"Hood River, OR",Micropolitan Statistical Area,Central,,,2023
41029,Jackson County,32780,"Medford, OR",Metropolitan Statistical Area,Central,366,"Medford-Grants Pass, OR",2023
41031,Jefferson County,13460,"Bend, OR",Metropolitan Statistical Area,Outlying,,,2023
41033,Josephine County,24420,"Grants Pass, OR",Metropolitan Statistical Area,Central,366,"Medford-Grants Pass, OR",2023
41035,Klamath County,28900,"Klamath Falls, OR",Micropolitan Statistical Area,Central,,,2023
41037,Lake County,,,,,,,2023
41039,Lane County,21660,"Eugene-Springfield, OR",Metropolitan Statistical Area,Central,,,2023
41041,Lincoln County,35440,"Newport, OR",Micropolitan Statistical Area,Central,,,2023
41043,Linn County,10540,"Albany, OR",Metropolitan Statistical Area,Central,440,"Portland-Vancouver-Salem, OR-WA",2023
41045,Malheur County,36620,"Ontario, OR-ID",Micropolitan Statistical Area,Central,147,"Boise City-Mountain Home-Ontario, ID-OR",2023
41047,Marion County,41420,"Salem, OR",Metropolitan Statistical Area,Central,440,"Portland-Vancouver-Salem, OR-WA",2023
41049,Morrow County,25840,"Hermiston-Pendleton, OR",Micropolitan Statistical Area,Outlying,,,2023
41051,Multnomah County,38900,"Portland-Vancouver-Hillsboro, OR-WA",Metropolitan Statistical Area,Central,440,"Portland-Vancouver-Salem, OR-WA",2023
41053,Polk County,41420,"Salem, OR",Metropolitan Statistical Area,Central,440,"Portland-Vancouver-Salem, OR-WA",2023
41055,Sherman County,,,,,,,2023
41057,Tillamook County,,,,,,,2023
41059,Umatilla County,25840,"Hermiston-Pendleton, OR",Micropolitan Statistical Area,Central,,,2023
41061,Union County,29260,"La Grande, OR",Micropolitan Statistical Area,Central,,,2023
41063,Wallowa County,,,,,,,2023
41065,Wasco County,45520,"The Dalles, OR",Micropolitan Statistical Area,Central,,,2023
41067,Washington County,38900,"Portland-Vancouver-Hillsboro, OR-WA",Metropolitan Statistical Area,Central,440,"Portland-Vancouver-Salem, OR-WA",2023
41069,Wheeler County,,,,,,,2023
41071,Yamhill County,38900,"Portland-Vancouver-Hillsboro, OR-WA",Metropolitan Statistical Area,Outlying,440,"Portland-Vancouver-Salem, OR-WA",2023
42001,Adams County,23900,"Gettysburg, PA",Metropolitan Statistical Area,Central,276,"Harrisburg-York-Lebanon, PA",2023
42003,Allegheny County,38300,"Pittsburgh, PA",Metropolitan Statistical Area,Central,430,"Pittsburgh-Weirton-Steubenville, PA-OH-WV",2023
42005,Armstrong County,38300,"Pittsburgh, PA",Metropolitan Statistical Area,Outlying,430,"Pittsburgh-Weirton-Steubenville, PA-OH-WV",2023
42007,Beaver County,38300,"Pittsburgh, PA",Metropolitan Statistical Area,Central,430,"Pittsburgh-Weirton-Steubenville, PA-OH-WV",2023
42009,Bedford County,,,,,,,2023
42011,Berks County,39740,"Reading, PA",Metropolitan Statistical Area,Central,428,"Philadelphia-Reading-Camden, PA-NJ-DE-MD",2023
42013,Blair County,11020,"Altoona, PA",Metropolitan Statistical Area,Central,107,"Altoona-Huntingdon, PA",2023
42015,Bradford County,42380,"Sayre, PA",Micropolitan Statistical Area,Central,,,2023
42017,Bucks County,37980,"Philadelphia-Camden-Wilmington, PA-NJ-DE-MD",Metropolitan Statistical Area,Central,428,"Philadelphia-Reading-Camden, PA-NJ-DE-MD",2023
42019,Butler County,38300,"Pittsburgh, PA",Metropolitan Statistical Area,Central,430,"Pittsburgh-Weirton-Steubenville, PA-OH-WV",2023
42021,Cambria County,27780,"Johnstown, PA",Metropolitan Statistical Area,Central,306,"Johnstown-Somerset, PA",2023
42023,Cameron County,,,,,,,2023
42025,Carbon County,10900,"Allentown-Bethlehem-Easton, PA-NJ",Metropolitan Statistical Area,Outlying,106,"Allentown-Bethlehem-East Stroudsburg, PA-NJ",2023
42027,Centre County,44300,"State College, PA",Metropolitan Statistical Area,Central,524,"State College-DuBois, PA",2023
42029,Chester County,37980,"Philadelphia-Camden-Wilmington, PA-NJ-DE-MD",Metropolitan Statistical Area,Central,428,"Philadelphia-Reading-Camden, PA-NJ-DE-MD",2023
42031,Clarion County,,,,,,,2023
42033,Clearfield County,20180,"DuBois, PA",Micropolitan Statistical Area,Central,524,"State College-DuBois, PA",2023
42035,Clinton County,30820,"Lock Haven, PA",Micropolitan Statistical Area,Central,558,"Williamsport-Lock Haven, PA",2023
42037,Columbia County,14100,"Bloomsburg-Berwick, PA",Micropolitan Statistical Area,Central,146,"Bloomsburg-Berwick-Sunbury, PA",2023
42039,Crawford County,32740,"Meadville, PA",Micropolitan Statistical Area,Central,240,"Erie-Meadville, PA",2023
42041,Cumberland County,25420,"Harrisburg-Carlisle, PA",Metropolitan Statistical Area,Central,276,"Harrisburg-York-Lebanon, PA",2023
42043,Dauphin County,25420,"Harrisburg-Carlisle, PA",Metropolitan Statistical Area,Central,276,"Harrisburg-York-Lebanon, PA",2023
42045,Delaware County,37980,"Philadelphia-Camden-Wilmington, PA-NJ-DE-MD",Metropolitan Statistical Area,Central,428,"Philadelphia-Reading-Camden, PA-NJ-DE-MD",2023
42047,Elk County,41260,"St. Marys, PA",Micropolitan Statistical Area,Central,,,2023
42049,Erie County,21500,"Erie, PA",Metropolitan Statistical Area,Central,240,"Erie-Meadville, PA",2023
42051,Fayette County,38300,"Pittsburgh, PA",Metropolitan Statistical Area,Outlying,430,"Pittsburgh-Weirton-Steubenville, PA-OH-WV",2023
42053,Forest County,,,,,,,2023
42055,Franklin County,16540,"Chambersburg, PA",Metropolitan Statistical Area,Central,548,"Washington-Baltimore-Arlington, DC-MD-VA-WV-PA",2023
42057,Fulton County,,,,,,,2023
42059,Greene County,,,,,,,2023
42061,Huntingdon County,26500,"Huntingdon, PA",Micropolitan Statistical Area,Central,107,"Altoona-Huntingdon, PA",2023
42063,Indiana County,26860,"Indiana, PA",Micropolitan Statistical Area,Central,430,"Pittsburgh-Weirton-Steubenville, PA-OH-WV",2023
42065,Jefferson County,,,,,,,2023
42067,Juniata County,,,,,,,2023
42069,Lackawanna County,42540,"Scranton--Wilkes-Barre, PA",Metropolitan Statistical Area,Central,,,2023
42071,Lancaster County,29540,"Lancaster, PA",Metropolitan Statistical Area,Central,,,2023
42073,Lawrence County,38300,"Pittsburgh, PA",Metropolitan Statistical Area,Outlying,430,"Pittsburgh-Weirton-Steubenville, PA-OH-WV",2023
42075,Lebanon County,30140,"Lebanon, PA",Metropolitan Statistical Area,Central,276,"Harrisburg-York-Lebanon, PA",2023
42077,Lehigh County,10900,"Allentown-Bethlehem-Easton, PA-NJ",Metropolitan Statistical Area,Central,106,"Allentown-Bethlehem-East Stroudsburg, PA-NJ",2023
42079,Luzerne County,42540,"Scranton--Wilkes-Barre, PA",Metropolitan Statistical Area,Central,,,2023
42081,Lycoming County,48700,"Williamsport, PA",Metropolitan Statistical Area,Central,558,"Williamsport-Lock Haven, PA",2023
42083,McKean County,14620,"Bradford, PA",Micropolitan Statistical Area,Central,,,2023
42085,Mercer County,25850,"Hermitage, PA",Micropolitan Statistical Area,Central,430,"Pittsburgh-Weirton-Steubenville, PA-OH-WV",2023
42087,Mifflin County,30380,"Lewistown, PA",Micropolitan Statistical Area,Central,,,2023
42089,Monroe County,20700,"East Stroudsburg, PA",Micropolitan Statistical Area,Central,106,"Allentown-Bethlehem-East Stroudsburg, PA-NJ",2023
42091,Montgomery County,37980,"Philadelphia-Camden-Wilmington, PA-NJ-DE-MD",Metropolitan Statistical Area,Central,428,"Philadelphia-Reading-Camden, PA-NJ-DE-MD",2023
42093,Montour County,44980,"Sunbury, PA",Micropolitan Statistical Area,Outlying,146,"Bloomsburg-Berwick-Sunbury, PA",2023
42095,Northampton County,10900,"Allentown-Bethlehem-Easton, PA-NJ",Metropolitan Statistical Area,Central,106,"Allentown-Bethlehem-East Stroudsburg, PA-NJ",2023
42097,Northumberland County,44980,"Sunbury, PA",Micropolitan Statistical Area,Central,146,"Bloomsburg-Berwick-Sunbury, PA",2023
42099,Perry County,25420,"Harrisburg-Carlisle, PA",Metropolitan Statistical Area,Outlying,276,"Harrisburg-York-Lebanon, PA",2023
42101,Philadelphia County,37980,"Philadelphia-Camden-Wilmington, PA-NJ-DE-MD",Metropolitan Statistical Area,Central,428,"Philadelphia-Reading-Camden, PA-NJ-DE-MD",2023
42103,Pike County,25770,"Hemlock Farms, PA",Micropolitan Statistical Area,Central,408,"New York-Newark, NY-NJ-CT-PA",2023
42105,Potter County,,,,,,,2023
42107,Schuylkill County,39060,"Pottsville, PA",Micropolitan Statistical Area,Central,,,2023
42109,Snyder County,42780,"Selinsgrove, PA",Micropolitan Statistical Area,Central,146,"Bloomsburg-Berwick-Sunbury, PA",2023
42111,Somerset County,43740,"Somerset, PA",Micropolitan Statistical Area,Central,306,"Johnstown-Somerset, PA",2023
42113,Sullivan County,,,,,,,2023
42115,Susquehanna County,,,,,,,2023
42117,Tioga County,,,,,,,2023
42119,Union County,30260,"Lewisburg, PA",Micropolitan Statistical Area,Central,146,"Bloomsburg-Berwick-Sunbury, PA",2023
42121,Venango County,36340,"Oil City, PA",Micropolitan Statistical Area,Central,,,2023
42123,Warren County,47620,"Warren, PA",Micropolitan Statistical Area,Central,,,2023
42125,Washington County,38300,"Pittsburgh, PA",Metropolitan Statistical Area,Central,430,"Pittsburgh-Weirton-Steubenville, PA-OH-WV",2023
42127,Wayne County,,,,,,,2023
42129,Westmoreland County,38300,"Pittsburgh, PA",Metropolitan Statistical Area,Central,430,"Pittsburgh-Weirton-Steubenville, PA-OH-WV",2023
42131,Wyoming County,42540,"Scranton--Wilkes-Barre, PA",Metropolitan Statistical Area,Outlying,,,2023
42133,York County,49620,"York-Hanover, PA",Metropolitan Statistical Area,Central,276,"Harrisburg-York-Lebanon, PA",2023
44001,Bristol County,39300,"Providence-Warwick, RI-MA",Metropolitan Statistical Area,Central,148,"Boston-Worcester-Providence, MA-RI-NH",2023
44003,Kent County,39300,"Providence-Warwick, RI-MA",Metropolitan Statistical Area,Central,148,"Boston-Worcester-Providence, MA-RI-NH",2023
44005,Newport County,39300,"Providence-Warwick, RI-MA",Metropolitan Statistical Area,Central,148,"Boston-Worcester-Providence, MA-RI-NH",2023
44007,Providence County,39300,"Providence-Warwick, RI-MA",Metropolitan Statistical Area,Central,148,"Boston-Worcester-Providence, MA-RI-NH",2023
44009,Washington County,39300,"Providence-Warwick, RI-MA",Metropolitan Statistical Area,Central,148,"Boston-Worcester-Providence, MA-RI-NH",2023
45001,Abbeville County,24940,"Greenwood, SC",Micropolitan Statistical Area,Outlying,273,"Greenville-Spartanburg-Anderson, SC",2023
45003,Aiken County,12260,"Augusta-Richmond County, GA-SC",Metropolitan Statistical Area,Central,,,2023
45005,Allendale County,,,,,,,2023
45007,Anderson County,24860,"Greenville-Anderson-Greer, SC",Metropolitan Statistical Area,Outlying,273,"Greenville-Spartanburg-Anderson, SC",2023
45009,Bamberg County,,,,,,,2023
45011,Barnwell County,,,,,,,2023
45013,Beaufort County,25940,"Hilton Head Island-Bluffton-Port Royal, SC",Metropolitan Statistical Area,Central,,,2023
45015,Berkeley County,16700,"Charleston-North Charleston, SC",Metropolitan Statistical Area,Central,,,2023
45017,Calhoun County,17900,"Columbia, SC",Metropolitan Statistical Area,Outlying,192,"Columbia-Sumter-Orangeburg, SC",2023
45019,Charleston County,16700,"Charleston-North Charleston, SC",Metropolitan Statistical Area,Central,,,2023
45021,Cherokee County,23500,"Gaffney, SC",Micropolitan Statistical Area,Central,273,"Greenville-Spartanburg-Anderson, SC",2023
45023,Chester County,16740,"Charlotte-Concord-Gastonia, NC-SC",Metropolitan Statistical Area,Outlying,172,"Charlotte-Concord, NC-SC",2023
45025,Chesterfield County,,,,,,,2023
45027,Clarendon County,,,,,,,2023
45029,Colleton County,,,,,,,2023
45031,Darlington County,22500,"Florence, SC",Metropolitan Statistical Area,Outlying,,,2023
45033,Dillon County,,,,,,,2023
45035,Dorchester County,16700,"Charleston-North Charleston, SC",Metropolitan Statistical Area,Central,,,2023
45037,Edgefield County,12260,"Augusta-Richmond County, GA-SC",Metropolitan Statistical Area,Outlying,,,2023
45039,Fairfield County,17900,"Columbia, SC",Metropolitan Statistical Area,Outlying,192,"Columbia-Sumter-Orangeburg, SC",2023
45041,Florence County,22500,"Florence, SC",Metropolitan Statistical Area,Central,,,2023
45043,Georgetown County,34680,"Murrells Inlet, SC",Micropolitan Statistical Area,Central,396,"Myrtle Beach-Conway, SC",2023
45045,Greenville County,24860,"Greenville-Anderson-Greer, SC",Metropolitan Statistical Area,Central,273,"Greenville-Spartanburg-Anderson, SC",2023
45047,Greenwood County,24940,"Greenwood, SC",Micropolitan Statistical Area,Central,273,"Greenville-Spartanburg-Anderson, SC",2023
45049,Hampton County,,,,,,,2023
45051,Horry County,34820,"Myrtle Beach-Conway-North Myrtle Beach, SC",Metropolitan Statistical Area,Central,396,"Myrtle Beach-Conway, SC",2023
45053,Jasper County,25940,"Hilton Head Island-Bluffton-Port Royal, SC",Metropolitan Statistical Area,Outlying,,,2023
45055,Kershaw County,17900,"Columbia, SC",Metropolitan Statistical Area,Outlying,192,"Columbia-Sumter-Orangeburg, SC",2023
45057,Lancaster County,16740,"Charlotte-Concord-Gastonia, NC-SC",Metropolitan Statistical Area,Outlying,172,"Charlotte-Concord, NC-SC",2023
45059,Laurens County,24860,"Greenville-Anderson-Greer, SC",Metropolitan Statistical Area,Outlying,273,"Greenville-Spartanburg-Anderson, SC",2023
45061,Lee County,,,,,,,2023
45063,Lexington County,17900,"Columbia, SC",Metropolitan Statistical Area,Central,192,"Columbia-Sumter-Orangeburg, SC",2023
45065,McCormick County,,,,,,,2023
45067,Marion County,,,,,,,2023
45069,Marlboro County,,,,,,,2023
45071,Newberry County,35140,"Newberry, SC",Micropolitan Statistical Area,Central,192,"Columbia-Sumter-Orangeburg, SC",2023
45073,Oconee County,42860,"Seneca, SC",Micropolitan Statistical Area,Central,273,"Greenville-Spartanburg-Anderson, SC",2023
45075,Orangeburg County,36700,"Orangeburg, SC",Micropolitan Statistical Area,Central,192,"Columbia-Sumter-Orangeburg, SC",2023
45077,Pickens County,24860,"Greenville-Anderson-Greer, SC",Metropolitan Statistical Area,Central,273,"Greenville-Spartanburg-Anderson, SC",2023
45079,Richland County,17900,"Columbia, SC",Metropolitan Statistical Area,Central,192,"Columbia-Sumter-Orangeburg, SC",2023
45081,Saluda County,17900,"Columbia, SC",Metropolitan Statistical Area,Outlying,192,"Columbia-Sumter-Orangeburg, SC",2023
45083,Spartanburg County,43900,"Spartanburg, SC",Metropolitan Statistical Area,Central,273,"Greenville-Spartanburg-Anderson, SC",2023
45085,Sumter County,44940,"Sumter, SC",Metropolitan Statistical Area,Central,192,"Columbia-Sumter-Orangeburg, SC",2023
45087,Union County,43900,"Spartanburg, SC",Metropolitan Statistical Area,Outlying,273,"Greenville-Spartanburg-Anderson, SC",2023
45089,Williamsburg County,,,,,,,2023
45091,York County,16740,"Charlotte-Concord-Gastonia, NC-SC",Metropolitan Statistical Area,Outlying,172,"Charlotte-Concord, NC-SC",2023
46003,Aurora County,,,,,,,2023
46005,Beadle County,26700,"Huron, SD",Micropolitan Statistical Area,Central,,,2023
46007,Bennett County,,,,,,,2023
46009,Bon Homme County,,,,,,,2023
46011,Brookings County,15100,"Brookings, SD",Micropolitan Statistical Area,Central,,,2023
46013,Brown County,10100,"Aberdeen, SD",Micropolitan Statistical Area,Central,,,2023
46015,Brule County,,,,,,,2023
46017,Buffalo County,,,,,,,2023
46019,Butte County,,,,,,,2023
46021,Campbell County,,,,,,,2023
46023,Charles Mix County,,,,,,,2023
46025,Clark County,,,,,,,2023
46027,Clay County,46820,"Vermillion, SD",Micropolitan Statistical Area,Central,,,2023
46029,Codington County,47980,"Watertown, SD",Micropolitan Statistical Area,Central,,,2023
46031,Corson County,,,,,,,2023
46033,Custer County,39660,"Rapid City, SD",Metropolitan Statistical Area,Outlying,452,"Rapid City-Spearfish, SD",2023
46035,Davison County,33580,"Mitchell, SD",Micropolitan Statistical Area,Central,,,2023
46037,Day County,,,,,,,2023
46039,Deuel County,,,,,,,2023
46041,Dewey County,,,,,,,2023
46043,Douglas County,,,,,,,2023
46045,Edmunds County,10100,"Aberdeen, SD",Micropolitan Statistical Area,Outlying,,,2023
46047,Fall River County,,,,,,,2023
46049,Faulk County,,,,,,,2023
46051,Grant County,,,,,,,2023
46053,Gregory County,,,,,,,2023
46055,Haakon County,,,,,,,2023
46057,Hamlin County,,,,,,,2023
46059,Hand County,,,,,,,2023
46061,Hanson County,33580,"Mitchell, SD",Micropolitan Statistical Area,Outlying,,,2023
46063,Harding County,,,,,,,2023
46065,Hughes County,38180,"Pierre, SD",Micropolitan Statistical Area,Central,,,2023
46067,Hutchinson County,,,,,,,2023
46069,Hyde County,,,,,,,2023
46071,Jackson County,,,,,,,2023
46073,Jerauld County,,,,,,,2023
46075,Jones County,,,,,,,2023
46077,Kingsbury County,,,,,,,2023
46079,Lake County,,,,,,,2023
46081,Lawrence County,43940,"Spearfish, SD",Micropolitan Statistical Area,Central,452,"Rapid City-Spearfish, SD",2023
46083,Lincoln County,43620,"Sioux Falls, SD-MN",Metropolitan Statistical Area,Central,,,2023
46085,Lyman County,,,,,,,2023
46087,McCook County,43620,"Sioux Falls, SD-MN",Metropolitan Statistical Area,Outlying,,,2023
46089,McPherson County,,,,,,,2023
46091,Marshall County,,,,,,,2023
46093,Meade County,39660,"Rapid City, SD",Metropolitan Statistical Area,Outlying,452,"Rapid City-Spearfish, SD",2023
46095,Mellette County,,,,,,,2023
46097,Miner County,,,,,,,2023
46099,Minnehaha County,43620,"Sioux Falls, SD-MN",Metropolitan Statistical Area,Central,,,2023
46101,Moody County,,,,,,,2023
46102,Oglala Lakota County,,,,,,,2023
46103,Pennington County,39660,"Rapid City, SD",Metropolitan Statistical Area,Central,452,"Rapid City-Spearfish, SD",2023
46105,Perkins County,,,,,,,2023
46107,Potter County,,,,,,,2023
46109,Roberts County,,,,,,,2023
46111,Sanborn County,33580,"Mitchell, SD",Micropolitan Statistical Area,Outlying,,,2023
46115,Spink County,,,,,,,2023
46117,Stanley County,38180,"Pierre, SD",Micropolitan Statistical Area,Central,,,2023
46119,Sully County,,,,,,,2023
46121,Todd County,,,,,,,2023
46123,Tripp County,,,,,,,2023
46125,Turner County,43620,"Sioux Falls, SD-MN",Metropolitan Statistical Area,Outlying,,,2023
46127,Union County,43580,"Sioux City, IA-NE-SD",Metropolitan Statistical Area,Central,512,"Sioux City-Le Mars, IA-NE-SD",2023
46129,Walworth County,,,,,,,2023
46135,Yankton County,49460,"Yankton, SD",Micropolitan Statistical Area,Central,,,2023
46137,Ziebach County,,,,,,,2023
47001,Anderson County,28940,"Knoxville, TN",Metropolitan Statistical Area,Central,315,"Knoxville-Morristown-Sevierville, TN",2023
47003,Bedford County,43180,"Shelbyville, TN",Micropolitan Statistical Area,Central,400,"Nashville-Davidson--Murfreesboro, TN",2023
47005,Benton County,,,,,,,2023
47007,Bledsoe County,,,,,,,2023
47009,Blount County,28940,"Knoxville, TN",Metropolitan Statistical Area,Central,315,"Knoxville-Morristown-Sevierville, TN",2023
47011,Bradley County,17420,"Cleveland, TN",Metropolitan Statistical Area,Central,174,"Chattanooga-Cleveland-Dalton, TN-GA-AL",2023
47013,Campbell County,28940,"Knoxville, TN",Metropolitan Statistical Area,Outlying,315,"Knoxville-Morristown-Sevierville, TN",2023
47015,Cannon County,34980,"Nashville-Davidson--Murfreesboro--Franklin, TN",Metropolitan Statistical Area,Outlying,400,"Nashville-Davidson--Murfreesboro, TN",2023
47017,Carroll County,,,,,,,2023
47019,Carter County,27740,"Johnson City, TN",Metropolitan Statistical Area,Central,304,"Johnson City-Kingsport-Bristol, TN-VA",2023
47021,Cheatham County,34980,"Nashville-Davidson--Murfreesboro--Franklin, TN",Metropolitan Statistical Area,Outlying,400,"Nashville-Davidson--Murfreesboro, TN",2023
47023,Chester County,27180,"Jackson, TN",Metropolitan Statistical Area,Outlying,,,2023
47025,Claiborne County,,,,,,,2023
47027,Clay County,,,,,,,2023
47029,Cocke County,35460,"Newport, TN",Micropolitan Statistical Area,Central,315,"Knoxville-Morristown-Sevierville, TN",2023
47031,Coffee County,46100,"Tullahoma-Manchester, TN",Micropolitan Statistical Area,Central,400,"Nashville-Davidson--Murfreesboro, TN",2023
47033,Crockett County,27180,"Jackson, TN",Metropolitan Statistical Area,Outlying,,,2023
47035,Cumberland County,18900,"Crossville, TN",Micropolitan Statistical Area,Central,,,2023
47037,Davidson County,34980,"Nashville-Davidson--Murfreesboro--Franklin, TN",Metropolitan Statistical Area,Central,400,"Nashville-Davidson--Murfreesboro, TN",2023
47039,Decatur County,,,,,,,2023
47041,DeKalb County,,,,,,,2023
47043,Dickson County,34980,"Nashville-Davidson--Murfreesboro--Franklin, TN",Metropolitan Statistical Area,Outlying,400,"Nashville-Davidson--Murfreesboro, TN",2023
47045,Dyer County,20540,"Dyersburg, TN",Micropolitan Statistical Area,Central,,,2023
47047,Fayette County,32820,"Memphis, TN-MS-AR",Metropolitan Statistical Area,Outlying,368,"Memphis-Clarksdale-Forrest City, TN-MS-AR",2023
47049,Fentress County,,,,,,,2023
47051,Franklin County,49010,"Winchester, TN",Micropolitan Statistical Area,Central,400,"Nashville-Davidson--Murfreesboro, TN",2023
47053,Gibson County,27180,"Jackson, TN",Metropolitan Statistical Area,Outlying,,,2023
47055,Giles County,,,,,,,2023
47057,Grainger County,28940,"Knoxville, TN",Metropolitan Statistical Area,Outlying,315,"Knoxville-Morristown-Sevierville, TN",2023
47059,Greene County,24620,"Greeneville, TN",Micropolitan Statistical Area,Central,304,"Johnson City-Kingsport-Bristol, TN-VA",2023
47061,Grundy County,,,,,,,2023
47063,Hamblen County,34100,"Morristown, TN",Metropolitan Statistical Area,Central,315,"Knoxville-Morristown-Sevierville, TN",2023
47065,Hamilton County,16860,"Chattanooga, TN-GA",Metropolitan Statistical Area,Central,174,"Chattanooga-Cleveland-Dalton, TN-GA-AL",2023
47067,Hancock County,,,,,,,2023
47069,Hardeman County,,,,,,,2023
47071,Hardin County,,,,,,,2023
47073,Hawkins County,28700,"Kingsport-Bristol, TN-VA",Metropolitan Statistical Area,Central,304,"Johnson City-Kingsport-Bristol, TN-VA",2023
47075,Haywood County,,,,,,,2023
47077,Henderson County,,,,,,,2023
47079,Henry County,37540,"Paris, TN",Micropolitan Statistical Area,Central,,,2023
47081,Hickman County,34980,"Nashville-Davidson--Murfreesboro--Franklin, TN",Metropolitan Statistical Area,Outlying,400,"Nashville-Davidson--Murfreesboro, TN",2023
47083,Houston County,,,,,,,2023
47085,Humphreys County,,,,,,,2023
47087,Jackson County,18260,"Cookeville, TN",Micropolitan Statistical Area,Outlying,,,2023
47089,Jefferson County,34100,"Morristown, TN",Metropolitan Statistical Area,Central,315,"Knoxville-Morristown-Sevierville, TN",2023
47091,Johnson County,,,,,,,2023
47093,Knox County,28940,"Knoxville, TN",Metropolitan Statistical Area,Central,315,"Knoxville-Morristown-Sevierville, TN",2023
47095,Lake County,,,,,,,2023
47097,Lauderdale County,,,,,,,2023
47099,Lawrence County,29980,"Lawrenceburg, TN",Micropolitan Statistical Area,Central,400,"Nashville-Davidson--Murfreesboro, TN",2023
47101,Lewis County,,,,,,,2023
47103,Lincoln County,22190,"Fayetteville, TN",Micropolitan Statistical Area,Central,290,"Huntsville-Decatur-Albertville, AL-TN",2023
47105,Loudon County,28940,"Knoxville, TN",Metropolitan Statistical Area,Central,315,"Knoxville-Morristown-Sevierville, TN",2023
47107,McMinn County,11940,"Athens, TN",Micropolitan Statistical Area,Central,174,"Chattanooga-Cleveland-Dalton, TN-GA-AL",2023
47109,McNairy County,,,,,,,2023
47111,Macon County,34980,"Nashville-Davidson--Murfreesboro--Franklin, TN",Metropolitan Statistical Area,Outlying,400,"Nashville-Davidson--Murfreesboro, TN",2023
47113,Madison County,27180,"Jackson, TN",Metropolitan Statistical Area,Central,,,2023
47115,Marion County,16860,"Chattanooga, TN-GA",Metropolitan Statistical Area,Outlying,174,"Chattanooga-Cleveland-Dalton, TN-GA-AL",2023
47117,Marshall County,30280,"Lewisburg, TN",Micropolitan Statistical Area,Central,400,"Nashville-Davidson--Murfreesboro, TN",2023
47119,Maury County,34980,"Nashville-Davidson--Murfreesboro--Franklin, TN",Metropolitan Statistical Area,Outlying,400,"Nashville-Davidson--Murfreesboro, TN",2023
47121,Meigs County,11940,"Athens, TN",Micropolitan Statistical Area,Outlying,174,"Chattanooga-Cleveland-Dalton, TN-GA-AL",2023
47123,Monroe County,,,,,,,2023
47125,Montgomery County,17300,"Clarksville, TN-KY",Metropolitan Statistical Area,Central,,,2023
47127,Moore County,46100,"Tullahoma-Manchester, TN",Micropolitan Statistical Area,Outlying,400,"Nashville-Davidson--Murfreesboro, TN",2023
47129,Morgan County,28940,"Knoxville, TN",Metropolitan Statistical Area,Outlying,315,"Knoxville-Morristown-Sevierville, TN",2023
47131,Obion County,46460,"Union City, TN",Micropolitan Statistical Area,Central,542,"Union City-Martin, TN",2023
47133,Overton County,18260,"Cookeville, TN",Micropolitan Statistical Area,Outlying,,,2023
47135,Perry County,,,,,,,2023
47137,Pickett County,,,,,,,2023
47139,Polk County,17420,"Cleveland, TN",Metropolitan Statistical Area,Outlying,174,"Chattanooga-Cleveland-Dalton, TN-GA-AL",2023
47141,Putnam County,18260,"Cookeville, TN",Micropolitan Statistical Area,Central,,,2023
47143,Rhea County,,,,,,,2023
47145,Roane County,28940,"Knoxville, TN",Metropolitan Statistical Area,Outlying,315,"Knoxville-Morristown-Sevierville, TN",2023
47147,Robertson County,34980,"Nashville-Davidson--Murfreesboro--Franklin, TN",Metropolitan Statistical Area,Outlying,400,"Nashville-Davidson--Murfreesboro, TN",2023
47149,Rutherford County,34980,"Nashville-Davidson--Murfreesboro--Franklin, TN",Metropolitan Statistical Area,Outlying,400,"Nashville-Davidson--Murfreesboro, TN",2023
47151,Scott County,,,,,,,2023
47153,Sequatchie County,16860,"Chattanooga, TN-GA",Metropolitan Statistical Area,Outlying,174,"Chattanooga-Cleveland-Dalton, TN-GA-AL",2023
47155,Sevier County,42940,"Sevierville, TN",Micropolitan Statistical Area,Central,315,"Knoxville-Morristown-Sevierville, TN",2023
47157,Shelby County,32820,"Memphis, TN-MS-AR",Metropolitan Statistical Area,Central,368,"Memphis-Clarksdale-Forrest City, TN-MS-AR",2023
47159,Smith County,34980,"Nashville-Davidson--Murfreesboro--Franklin, TN",Metropolitan Statistical Area,Outlying,400,"Nashville-Davidson--Murfreesboro, TN",2023
47161,Stewart County,17300,"Clarksville, TN-KY",Metropolitan Statistical Area,Outlying,,,2023
47163,Sullivan County,28700,"Kingsport-Bristol, TN-VA",Metropolitan Statistical Area,Central,304,"Johnson City-Kingsport-Bristol, TN-VA",2023
47165,Sumner County,34980,"Nashville-Davidson--Murfreesboro--Franklin, TN",Metropolitan Statistical Area,Central,400,"Nashville-Davidson--Murfreesboro, TN",2023
47167,Tipton County,32820,"Memphis, TN-MS-AR",Metropolitan Statistical Area,Outlying,368,"Memphis-Clarksdale-Forrest City, TN-MS-AR",2023
47169,Trousdale County,34980,"Nashville-Davidson--Murfreesboro--Franklin, TN",Metropolitan Statistical Area,Outlying,400,"Nashville-Davidson--Murfreesboro, TN",2023
47171,Unicoi County,27740,"Johnson City, TN",Metropolitan Statistical Area,Outlying,304,"Johnson City-Kingsport-Bristol, TN-VA",2023
47173,Union County,28940,"Knoxville, TN",Metropolitan Statistical Area,Outlying,315,"Knoxville-Morristown-Sevierville, TN",2023
47175,Van Buren County,,,,,,,2023
47177,Warren County,32660,"McMinnville, TN",Micropolitan Statistical Area,Central,,,2023
47179,Washington County,27740,"Johnson City, TN",Metropolitan Statistical Area,Central,304,"Johnson City-Kingsport-Bristol, TN-VA",2023
47181,Wayne County,,,,,,,2023
47183,Weakley County,32280,"Martin, TN",Micropolitan Statistical Area,Central,542,"Union City-Martin, TN",2023
47185,White County,18260,"Cookeville, TN",Micropolitan Statistical Area,Outlying,,,2023
47187,Williamson County,34980,"Nashville-Davidson--Murfreesboro--Franklin, TN",Metropolitan Statistical Area,Central,400,"Nashville-Davidson--Murfreesboro, TN",2023
47189,Wilson County,34980,"Nashville-Davidson--Murfreesboro--Franklin, TN",Metropolitan Statistical Area,Central,400,"Nashville-Davidson--Murfreesboro, TN",2023
48001,Anderson County,37300,"Palestine, TX",Micropolitan Statistical Area,Central,,,2023
48003,Andrews County,11380,"Andrews, TX",Micropolitan Statistical Area,Central,372,"Midland-Odessa-Andrews, TX",2023
48005,Angelina County,31260,"Lufkin, TX",Micropolitan Statistical Area,Central,,,2023
48007,Aransas County,18580,"Corpus Christi, TX",Metropolitan Statistical Area,Outlying,204,"Corpus Christi-Kingsville-Alice, TX",2023
48009,Archer County,48660,"Wichita Falls, TX",Metropolitan Statistical Area,Outlying,,,2023
48011,Armstrong County,11100,"Amarillo, TX",Metropolitan Statistical Area,Outlying,108,"Amarillo-Borger, TX",2023
48013,Atascosa County,41700,"San Antonio-New Braunfels, TX",Metropolitan Statistical Area,Outlying,484,"San Antonio-New Braunfels-Kerrville, TX",2023
48015,Austin County,26420,"Houston-Pasadena-The Woodlands, TX",Metropolitan Statistical Area,Outlying,288,"Houston-Pasadena, TX",2023
48017,Bailey County,,,,,,,2023
48019,Bandera County,41700,"San Antonio-New Braunfels, TX",Metropolitan Statistical Area,Outlying,484,"San Antonio-New Braunfels-Kerrville, TX",2023
48021,Bastrop County,12420,"Austin-Round Rock-San Marcos, TX",Metropolitan Statistical Area,Outlying,,,2023
48023,Baylor County,,,,,,,2023
48025,Bee County,13300,"Beeville, TX",Micropolitan Statistical Area,Central,,,2023
48027,Bell County,28660,"Killeen-Temple, TX",Metropolitan Statistical Area,Central,,,2023
48029,Bexar County,41700,"San Antonio-New Braunfels, TX",Metropolitan Statistical Area,Central,484,"San Antonio-New Braunfels-Kerrville, TX",2023
48031,Blanco County,,,,,,,2023
48033,Borden County,,,,,,,2023
48035,Bosque County,47380,"Waco, TX",Metropolitan Statistical Area,Outlying,,,2023
48037,Bowie County,45500,"Texarkana, TX-AR",Metropolitan Statistical Area,Central,,,2023
48039,Brazoria County,26420,"Houston-Pasadena-The Woodlands, TX",Metropolitan Statistical Area,Central,288,"Houston-Pasadena, TX",2023
48041,Brazos County,17780,"College Station-Bryan, TX",Metropolitan Statistical Area,Central,,,2023
48043,Brewster County,,,,,,,2023
48045,Briscoe County,,,,,,,2023
48047,Brooks County,10860,"Alice, TX",Micropolitan Statistical Area,Outlying,204,"Corpus Christi-Kingsville-Alice, TX",2023
48049,Brown County,15220,"Brownwood, TX",Micropolitan Statistical Area,Central,,,2023
48051,Burleson County,17780,"College Station-Bryan, TX",Metropolitan Statistical Area,Outlying,,,2023
48053,Burnet County,,,,,,,2023
48055,Caldwell County,12420,"Austin-Round Rock-San Marcos, TX",Metropolitan Statistical Area,Outlying,,,2023
48057,Calhoun County,38920,"Port Lavaca, TX",Micropolitan Statistical Area,Central,544,"Victoria-Port Lavaca, TX",2023
48059,Callahan County,10180,"Abilene, TX",Metropolitan Statistical Area,Outlying,101,"Abilene-Sweetwater, TX",2023
48061,Cameron County,15180,"Brownsville-Harlingen, TX",Metropolitan Statistical Area,Central,154,"Brownsville-Harlingen-Raymondville, TX",2023
48063,Camp County,34420,"Mount Pleasant, TX",Micropolitan Statistical Area,Outlying,,,2023
48065,Carson County,11100,"Amarillo, TX",Metropolitan Statistical Area,Outlying,108,"Amarillo-Borger, TX",2023
48067,Cass County,,,,,,,2023
48069,Castro County,,,,,,,2023
48071,Chambers County,26420,"Houston-Pasadena-The Woodlands, TX",Metropolitan Statistical Area,Outlying,288,"Houston-Pasadena, TX",2023
48073,Cherokee County,27380,"Jacksonville, TX",Micropolitan Statistical Area,Central,540,"Tyler-Jacksonville, TX",2023
48075,Childress County,,,,,,,2023
48077,Clay County,48660,"Wichita Falls, TX",Metropolitan Statistical Area,Outlying,,,2023
48079,Cochran County,31180,"Lubbock, TX",Metropolitan Statistical Area,Outlying,352,"Lubbock-Plainview, TX",2023
48081,Coke County,,,,,,,2023
48083,Coleman County,,,,,,,2023
48085,Collin County,19100,"Dallas-Fort Worth-Arlington, TX",Metropolitan Statistical Area,Central,206,"Dallas-Fort Worth, TX-OK",2023
48087,Collingsworth County,,,,,,,2023
48089,Colorado County,,,,,,,2023
48091,Comal County,41700,"San Antonio-New Braunfels, TX",Metropolitan Statistical Area,Outlying,484,"San Antonio-New Braunfels-Kerrville, TX",2023
48093,Comanche County,,,,,,,2023
48095,Concho County,,,,,,,2023
48097,Cooke County,23620,"Gainesville, TX",Micropolitan Statistical Area,Central,206,"Dallas-Fort Worth, TX-OK",2023
48099,Coryell County,28660,"Killeen-Temple, TX",Metropolitan Statistical Area,Central,,,2023
48101,Cottle County,,,,,,,2023
48103,Crane County,,,,,,,2023
48105,Crockett County,,,,,,,2023
48107,Crosby County,31180,"Lubbock, TX",Metropolitan Statistical Area,Outlying,352,"Lubbock-Plainview, TX",2023
48109,Culberson County,,,,,,,2023
48111,Dallam County,,,,,,,2023
48113,Dallas County,19100,"Dallas-Fort Worth-Arlington, TX",Metropolitan Statistical Area,Central,206,"Dallas-Fort Worth, TX-OK",2023
48115,Dawson County,,,,,,,2023
48117,Deaf Smith County,25820,"Hereford, TX",Micropolitan Statistical Area,Central,,,2023
48119,Delta County,,,,,,,2023
48121,Denton County,19100,"Dallas-Fort Worth-Arlington, TX",Metropolitan Statistical Area,Outlying,206,"Dallas-Fort Worth, TX-OK",2023
48123,DeWitt County,,,,,,,2023
48125,Dickens County,,,,,,,2023
48127,Dimmit County,,,,,,,2023
48129,Donley County,,,,,,,2023
48131,Duval County,,,,,,,2023
48133,Eastland County,,,,,,,2023
48135,Ector County,36220,"Odessa, TX",Metropolitan Statistical Area,Central,372,"Midland-Odessa-Andrews, TX",2023
48137,Edwards County,,,,,,,2023
48139,Ellis County,19100,"Dallas-Fort Worth-Arlington, TX",Metropolitan Statistical Area,Central,206,"Dallas-Fort Worth, TX-OK",2023
48141,El Paso County,21340,"El Paso, TX",Metropolitan Statistical Area,Central,238,"El Paso-Las Cruces, TX-NM",2023
48143,Erath County,44500,"Stephenville, TX",Micropolitan Statistical Area,Central,,,2023
48145,Falls County,47380,"Waco, TX",Metropolitan Statistical Area,Outlying,,,2023
48147,Fannin County,14300,"Bonham, TX",Micropolitan Statistical Area,Central,206,"Dallas-Fort Worth, TX-OK",2023
48149,Fayette County,,,,,,,2023
48151,Fisher County,,,,,,,2023
48153,Floyd County,38380,"Plainview, TX",Micropolitan Statistical Area,Outlying,352,"Lubbock-Plainview, TX",2023
48155,Foard County,,,,,,,2023
48157,Fort Bend County,26420,"Houston-Pasadena-The Woodlands, TX",Metropolitan Statistical Area,Central,288,"Houston-Pasadena, TX",2023
48159,Franklin County,,,,,,,2023
48161,Freestone County,,,,,,,2023
48163,Frio County,,,,,,,2023
48165,Gaines County,,,,,,,2023
48167,Galveston County,26420,"Houston-Pasadena-The Woodlands, TX",Metropolitan Statistical Area,Outlying,288,"Houston-Pasadena, TX",2023
48169,Garza County,31180,"Lubbock, TX",Metropolitan Statistical Area,Outlying,352,"Lubbock-Plainview, TX",2023
48171,Gillespie County,23240,"Fredericksburg, TX",Micropolitan Statistical Area,Central,484,"San Antonio-New Braunfels-Kerrville, TX",2023
48173,Glasscock County,,,,,,,2023
48175,Goliad County,47020,"Victoria, TX",Metropolitan Statistical Area,Outlying,544,"Victoria-Port Lavaca, TX",2023
48177,Gonzales County,,,,,,,2023
48179,Gray County,37420,"Pampa, TX",Micropolitan Statistical Area,Central,,,2023
48181,Grayson County,43300,"Sherman-Denison, TX",Metropolitan Statistical Area,Central,206,"Dallas-Fort Worth, TX-OK",2023
48183,Gregg County,30980,"Longview, TX",Metropolitan Statistical Area,Central,,,2023
48185,Grimes County,,,,,,,2023
48187,Guadalupe County,41700,"San Antonio-New Braunfels, TX",Metropolitan Statistical Area,Central,484,"San Antonio-New Braunfels-Kerrville, TX",2023
48189,Hale County,38380,"Plainview, TX",Micropolitan Statistical Area,Central,352,"Lubbock-Plainview, TX",2023
48191,Hall County,,,,,,,2023
48193,Hamilton County,,,,,,,2023
48195,Hansford County,,,,,,,2023
48197,Hardeman County,,,,,,,2023
48199,Hardin County,13140,"Beaumont-Port Arthur, TX",Metropolitan Statistical Area,Outlying,,,2023
48201,Harris County,26420,"Houston-Pasadena-The Woodlands, TX",Metropolitan Statistical Area,Central,288,"Houston-Pasadena, TX",2023
48203,Harrison County,30980,"Longview, TX",Metropolitan Statistical Area,Outlying,,,2023
48205,Hartley County,,,,,,,2023
48207,Haskell County,,,,,,,2023
48209,Hays County,12420,"Austin-Round Rock-San Marcos, TX",Metropolitan Statistical Area,Central,,,2023
48211,Hemphill County,,,,,,,2023
48213,Henderson County,11980,"Athens, TX",Micropolitan Statistical Area,Central,206,"Dallas-Fort Worth, TX-OK",2023
48215,Hidalgo County,32580,"McAllen-Edinburg-Mission, TX",Metropolitan Statistical Area,Central,365,"McAllen-Edinburg, TX",2023
48217,Hill County,,,,,,,2023
48219,Hockley County,31180,"Lubbock, TX",Metropolitan Statistical Area,Outlying,352,"Lubbock-Plainview, TX",2023
48221,Hood County,24180,"Granbury, TX",Micropolitan Statistical Area,Central,206,"Dallas-Fort Worth, TX-OK",2023
48223,Hopkins County,44860,"Sulphur Springs, TX",Micropolitan Statistical Area,Central,206,"Dallas-Fort Worth, TX-OK",2023
48225,Houston County,,,,,,,2023
48227,Howard County,13700,"Big Spring, TX",Micropolitan Statistical Area,Central,,,2023
48229,Hudspeth County,21340,"El Paso, TX",Metropolitan Statistical Area,Outlying,238,"El Paso-Las Cruces, TX-NM",2023
48231,Hunt County,19100,"Dallas-Fort Worth-Arlington, TX",Metropolitan Statistical Area,Outlying,206,"Dallas-Fort Worth, TX-OK",2023
48233,Hutchinson County,14420,"Borger, TX",Micropolitan Statistical Area,Central,108,"Amarillo-Borger, TX",2023
48235,Irion County,41660,"San Angelo, TX",Metropolitan Statistical Area,Outlying,,,2023
48237,Jack County,,,,,,,2023
48239,Jackson County,,,,,,,2023
48241,Jasper County,,,,,,,2023
48243,Jeff Davis County,,,,,,,2023
48245,Jefferson County,13140,"Beaumont-Port Arthur, TX",Metropolitan Statistical Area,Central,,,2023
48247,Jim Hogg County,,,,,,,2023
48249,Jim Wells County,10860,"Alice, TX",Micropolitan Statistical Area,Central,204,"Corpus Christi-Kingsville-Alice, TX",2023
48251,Johnson County,19100,"Dallas-Fort Worth-Arlington, TX",Metropolitan Statistical Area,Central,206,"Dallas-Fort Worth, TX-OK",2023
48253,Jones County,10180,"Abilene, TX",Metropolitan Statistical Area,Outlying,101,"Abilene-Sweetwater, TX",2023
48255,Karnes County,,,,,,,2023
48257,Kaufman County,19100,"Dallas-Fort Worth-Arlington, TX",Metropolitan Statistical Area,Outlying,206,"Dallas-Fort Worth, TX-OK",2023
48259,Kendall County,41700,"San Antonio-New Braunfels, TX",Metropolitan Statistical Area,Outlying,484,"San Antonio-New Braunfels-Kerrville, TX",2023
48261,Kenedy County,,,,,,,2023
48263,Kent County,,,,,,,2023
48265,Kerr County,28500,"Kerrville, TX",Micropolitan Statistical Area,Central,484,"San Antonio-New Braunfels-Kerrville, TX",2023
48267,Kimble County,,,,,,,2023
48269,King County,,,,,,,2023
48271,Kinney County,,,,,,,2023
48273,Kleberg County,28780,"Kingsville, TX",Micropolitan Statistical Area,Central,204,"Corpus Christi-Kingsville-Alice, TX",2023
48275,Knox County,,,,,,,2023
48277,Lamar County,37580,"Paris, TX",Micropolitan Statistical Area,Central,,,2023
48279,Lamb County,,,,,,,2023
48281,Lampasas County,28660,"Killeen-Temple, TX",Metropolitan Statistical Area,Outlying,,,2023
48283,La Salle County,,,,,,,2023
48285,Lavaca County,,,,,,,2023
48287,Lee County,,,,,,,2023
48289,Leon County,,,,,,,2023
48291,Liberty County,26420,"Houston-Pasadena-The Woodlands, TX",Metropolitan Statistical Area,Outlying,288,"Houston-Pasadena, TX",2023
48293,Limestone County,,,,,,,2023
48295,Lipscomb County,,,,,,,2023
48297,Live Oak County,,,,,,,2023
48299,Llano County,,,,,,,2023
48303,Lubbock County,31180,"Lubbock, TX",Metropolitan Statistical Area,Central,352,"Lubbock-Plainview, TX",2023
48305,Lynn County,31180,"Lubbock, TX",Metropolitan Statistical Area,Outlying,352,"Lubbock-Plainview, TX",2023
48307,McCulloch County,,,,,,,2023
48309,McLennan County,47380,"Waco, TX",Metropolitan Statistical Area,Central,,,2023
48311,McMullen County,,,,,,,2023
48313,Madison County,,,,,,,2023
48315,Marion County,,,,,,,2023
48317,Martin County,33260,"Midland, TX",Metropolitan Statistical Area,Outlying,372,"Midland-Odessa-Andrews, TX",2023
48319,Mason County,,,,,,,2023
48321,Matagorda County,13060,"Bay City, TX",Micropolitan Statistical Area,Central,288,"Houston-Pasadena, TX",2023
48323,Maverick County,20580,"Eagle Pass, TX",Metropolitan Statistical Area,Central,,,2023
48325,Medina County,41700,"San Antonio-New Braunfels, TX",Metropolitan Statistical Area,Outlying,484,"San Antonio-New Braunfels-Kerrville, TX",2023
48327,Menard County,,,,,,,2023
48329,Midland County,33260,"Midland, TX",Metropolitan Statistical Area,Central,372,"Midland-Odessa-Andrews, TX",2023
48331,Milam County,,,,,,,2023
48333,Mills County,,,,,,,2023
48335,Mitchell County,,,,,,,2023
48337,Montague County,,,,,,,2023
48339,Montgomery County,26420,"Houston-Pasadena-The Woodlands, TX",Metropolitan Statistical Area,Outlying,288,"Houston-Pasadena, TX",2023
48341,Moore County,20300,"Dumas, TX",Micropolitan Statistical Area,Central,,,2023
48343,Morris County,34420,"Mount Pleasant, TX",Micropolitan Statistical Area,Outlying,,,2023
48345,Motley County,,,,,,,2023
48347,Nacogdoches County,34860,"Nacogdoches, TX",Micropolitan Statistical Area,Central,,,2023
48349,Navarro County,18620,"Corsicana, TX",Micropolitan Statistical Area,Central,206,"Dallas-Fort Worth, TX-OK",2023
48351,Newton County,,,,,,,2023
48353,Nolan County,45020,"Sweetwater, TX",Micropolitan Statistical Area,Central,101,"Abilene-Sweetwater, TX",2023
48355,Nueces County,18580,"Corpus Christi, TX",Metropolitan Statistical Area,Central,204,"Corpus Christi-Kingsville-Alice, TX",2023
48357,Ochiltree County,,,,,,,2023
48359,Oldham County,11100,"Amarillo, TX",Metropolitan Statistical Area,Outlying,108,"Amarillo-Borger, TX",2023
48361,Orange County,13140,"Beaumont-Port Arthur, TX",Metropolitan Statistical Area,Outlying,,,2023
48363,Palo Pinto County,33420,"Mineral Wells, TX",Micropolitan Statistical Area,Central,206,"Dallas-Fort Worth, TX-OK",2023
48365,Panola County,,,,,,,2023
48367,Parker County,19100,"Dallas-Fort Worth-Arlington, TX",Metropolitan Statistical Area,Outlying,206,"Dallas-Fort Worth, TX-OK",2023
48369,Parmer County,,,,,,,2023
48371,Pecos County,,,,,,,2023
48373,Polk County,,,,,,,2023
48375,Potter County,11100,"Amarillo, TX",Metropolitan Statistical Area,Central,108,"Amarillo-Borger, TX",2023
48377,Presidio County,,,,,,,2023
48379,Rains County,,,,,,,2023
48381,Randall County,11100,"Amarillo, TX",Metropolitan Statistical Area,Central,108,"Amarillo-Borger, TX",2023
48383,Reagan County,,,,,,,2023
48385,Real County,,,,,,,2023
48387,Red River County,37580,"Paris, TX",Micropolitan Statistical Area,Outlying,,,2023
48389,Reeves County,45880,"Town of Pecos, TX",Micropolitan Statistical Area,Central,,,2023
48391,Refugio County,,,,,,,2023
48393,Roberts County,37420,"Pampa, TX",Micropolitan Statistical Area,Outlying,,,2023
48395,Robertson County,17780,"College Station-Bryan, TX",Metropolitan Statistical Area,Outlying,,,2023
48397,Rockwall County,19100,"Dallas-Fort Worth-Arlington, TX",Metropolitan Statistical Area,Central,206,"Dallas-Fort Worth, TX-OK",2023
48399,Runnels County,,,,,,,2023
48401,Rusk County,30980,"Longview, TX",Metropolitan Statistical Area,Outlying,,,2023
48403,Sabine County,,,,,,,2023
48405,San Augustine County,,,,,,,2023
48407,San Jacinto County,26420,"Houston-Pasadena-The Woodlands, TX",Metropolitan Statistical Area,Outlying,288,"Houston-Pasadena, TX",2023
48409,San Patricio County,18580,"Corpus Christi, TX",Metropolitan Statistical Area,Central,204,"Corpus Christi-Kingsville-Alice, TX",2023
48411,San Saba County,,,,,,,2023
48413,Schleicher County,,,,,,,2023
48415,Scurry County,43660,"Snyder, TX",Micropolitan Statistical Area,Central,,,2023
48417,Shackelford County,,,,,,,2023
48419,Shelby County,,,,,,,2023
48421,Sherman County,,,,,,,2023
48423,Smith County,46340,"Tyler, TX",Metropolitan Statistical Area,Central,540,"Tyler-Jacksonville, TX",2023
48425,Somervell County,,,,,,,2023
48427,Starr County,40100,"Rio Grande City-Roma, TX",Micropolitan Statistical Area,Central,365,"McAllen-Edinburg, TX",2023
48429,Stephens County,,,,,,,2023
48431,Sterling County,,,,,,,2023
48433,Stonewall County,,,,,,,2023
48435,Sutton County,,,,,,,2023
48437,Swisher County,,,,,,,2023
48439,Tarrant County,19100,"Dallas-Fort Worth-Arlington, TX",Metropolitan Statistical Area,Central,206,"Dallas-Fort Worth, TX-OK",2023
48441,Taylor County,10180,"Abilene, TX",Metropolitan Statistical Area,Central,101,"Abilene-Sweetwater, TX",2023
48443,Terrell County,,,,,,,2023
48445,Terry County,,,,,,,2023
48447,Throckmorton County,,,,,,,2023
48449,Titus County,34420,"Mount Pleasant, TX",Micropolitan Statistical Area,Central,,,2023
48451,Tom Green County,41660,"San Angelo, TX",Metropolitan Statistical Area,Central,,,2023
48453,Travis County,12420,"Austin-Round Rock-San Marcos, TX",Metropolitan Statistical Area,Central,,,2023
48455,Trinity County,,,,,,,2023
48457,Tyler County,,,,,,,2023
48459,Upshur County,30980,"Longview, TX",Metropolitan Statistical Area,Outlying,,,2023
48461,Upton County,,,,,,,2023
48463,Uvalde County,46620,"Uvalde, TX",Micropolitan Statistical Area,Central,,,2023
48465,Val Verde County,19620,"Del Rio, TX",Micropolitan Statistical Area,Central,,,2023
48467,Van Zandt County,,,,,,,2023
48469,Victoria County,47020,"Victoria, TX",Metropolitan Statistical Area,Central,544,"Victoria-Port Lavaca, TX",2023
48471,Walker County,26660,"Huntsville, TX",Micropolitan Statistical Area,Central,288,"Houston-Pasadena, TX",2023
48473,Waller County,26420,"Houston-Pasadena-The Woodlands, TX",Metropolitan Statistical Area,Central,288,"Houston-Pasadena, TX",2023
48475,Ward County,,,,,,,2023
48477,Washington County,14780,"Brenham, TX",Micropolitan Statistical Area,Central,288,"Houston-Pasadena, TX",2023
48479,Webb County,29700,"Laredo, TX",Metropolitan Statistical Area,Central,,,2023
48481,Wharton County,20900,"El Campo, TX",Micropolitan Statistical Area,Central,288,"Houston-Pasadena, TX",2023
48483,Wheeler County,,,,,,,2023
48485,Wichita County,48660,"Wichita Falls, TX",Metropolitan Statistical Area,Central,,,2023
48487,Wilbarger County,46900,"Vernon, TX",Micropolitan Statistical Area,Central,,,2023
48489,Willacy County,39700,"Raymondville, TX",Micropolitan Statistical Area,Central,154,"Brownsville-Harlingen-Raymondville, TX",2023
48491,Williamson County,12420,"Austin-Round Rock-San Marcos, TX",Metropolitan Statistical Area,Central,,,2023
48493,Wilson County,41700,"San Antonio-New Braunfels, TX",Metropolitan Statistical Area,Outlying,484,"San Antonio-New Braunfels-Kerrville, TX",2023
48495,Winkler County,,,,,,,2023
48497,Wise County,19100,"Dallas-Fort Worth-Arlington, TX",Metropolitan Statistical Area,Outlying,206,"Dallas-Fort Worth, TX-OK",2023
48499,Wood County,,,,,,,2023
48501,Yoakum County,,,,,,,2023
48503,Young County,,,,,,,2023
48505,Zapata County,49820,"Zapata, TX",Micropolitan Statistical Area,Central,,,2023
48507,Zavala County,,,,,,,2023
49001,Beaver County,,,,,,,2023
49003,Box Elder County,14940,"Brigham City, UT-ID",Micropolitan Statistical Area,Central,482,"Salt Lake City-Provo-Orem, UT-ID",2023
49005,Cache County,30860,"Logan, UT-ID",Metropolitan Statistical Area,Central,,,2023
49007,Carbon County,39220,"Price, UT",Micropolitan Statistical Area,Central,,,2023
49009,Daggett County,,,,,,,2023
49011,Davis County,36260,"Ogden, UT",Metropolitan Statistical Area,Central,482,"Salt Lake City-Provo-Orem, UT-ID",2023
49013,Duchesne County,,,,,,,2023
49015,Emery County,,,,,,,2023
49017,Garfield County,,,,,,,2023
49019,Grand County,,,,,,,2023
49021,Iron County,16260,"Cedar City, UT",Micropolitan Statistical Area,Central,,,2023
49023,Juab County,39340,"Provo-Orem-Lehi, UT",Metropolitan Statistical Area,Outlying,482,"Salt Lake City-Provo-Orem, UT-ID",2023
49025,Kane County,,,,,,,2023
49027,Millard County,,,,,,,2023
49029,Morgan County,36260,"Ogden, UT",Metropolitan Statistical Area,Outlying,482,"Salt Lake City-Provo-Orem, UT-ID",2023
49031,Piute County,,,,,,,2023
49033,Rich County,21740,"Evanston, WY-UT",Micropolitan Statistical Area,Outlying,,,2023
49035,Salt Lake County,41620,"Salt Lake City-Murray, UT",Metropolitan Statistical Area,Central,482,"Salt Lake City-Provo-Orem, UT-ID",2023
49037,San Juan County,,,,,,,2023
49039,Sanpete County,,,,,,,2023
49041,Sevier County,,,,,,,2023
49043,Summit County,25720,"Heber, UT",Micropolitan Statistical Area,Central,482,"Salt Lake City-Provo-Orem, UT-ID",2023
49045,Tooele County,41620,"Salt Lake City-Murray, UT",Metropolitan Statistical Area,Outlying,482,"Salt Lake City-Provo-Orem, UT-ID",2023
49047,Uintah County,46860,"Vernal, UT",Micropolitan Statistical Area,Central,,,2023
49049,Utah County,39340,"Provo-Orem-Lehi, UT",Metropolitan Statistical Area,Central,482,"Salt Lake City-Provo-Orem, UT-ID",2023
49051,Wasatch County,25720,"Heber, UT",Micropolitan Statistical Area,Outlying,482,"Salt Lake City-Provo-Orem, UT-ID",2023
49053,Washington County,41100,"St. George, UT",Metropolitan Statistical Area,Central,,,2023
49055,Wayne County,,,,,,,2023
49057,Weber County,36260,"Ogden, UT",Metropolitan Statistical Area,Central,482,"Salt Lake City-Provo-Orem, UT-ID",2023
50001,Addison County,,,,,,,2023
50003,Bennington County,13540,"Bennington, VT",Micropolitan Statistical Area,Central,,,2023
50005,Caledonia County,,,,,,,2023
50007,Chittenden County,15540,"Burlington-South Burlington, VT",Metropolitan Statistical Area,Central,162,"Burlington-South Burlington-Barre, VT",2023
50009,Essex County,,,,,,,2023
50011,Franklin County,15540,"Burlington-South Burlington, VT",Metropolitan Statistical Area,Outlying,162,"Burlington-South Burlington-Barre, VT",2023
50013,Grand Isle County,15540,"Burlington-South Burlington, VT",Metropolitan Statistical Area,Outlying,162,"Burlington-South Burlington-Barre, VT",2023
50015,Lamoille County,,,,,,,2023
50017,Orange County,30150,"Lebanon-Claremont, NH-VT",Micropolitan Statistical Area,Outlying,,,2023
50019,Orleans County,,,,,,,2023
50021,Rutland County,40860,"Rutland, VT",Micropolitan Statistical Area,Central,,,2023
50023,Washington County,12740,"Barre, VT",Micropolitan Statistical Area,Central,162,"Burlington-South Burlington-Barre, VT",2023
50025,Windham County,14710,"Brattleboro, VT",Micropolitan Statistical Area,Central,313,"Keene-Brattleboro, NH-VT",2023
50027,Windsor County,30150,"Lebanon-Claremont, NH-VT",Micropolitan Statistical Area,Central,,,2023
51001,Accomack County,,,,,,,2023
51003,Albemarle County,16820,"Charlottesville, VA",Metropolitan Statistical Area,Central,,,2023
51005,Alleghany County,,,,,,,2023
51007,Amelia County,40060,"Richmond, VA",Metropolitan Statistical Area,Outlying,,,2023
51009,Amherst County,31340,"Lynchburg, VA",Metropolitan Statistical Area,Central,,,2023
51011,Appomattox County,31340,"Lynchburg, VA",Metropolitan Statistical Area,Outlying,,,2023
51013,Arlington County,47900,"Washington-Arlington-Alexandria, DC-VA-MD-WV",Metropolitan Statistical Area,Central,548,"Washington-Baltimore-Arlington, DC-MD-VA-WV-PA",2023
51015,Augusta County,44420,"Staunton-Stuarts Draft, VA",Metropolitan Statistical Area,Central,277,"Harrisonburg-Staunton-Stuarts Draft, VA",2023
51017,Bath County,,,,,,,2023
51019,Bedford County,31340,"Lynchburg, VA",Metropolitan Statistical Area,Central,,,2023
51021,Bland County,,,,,,,2023
51023,Botetourt County,40220,"Roanoke, VA",Metropolitan Statistical Area,Central,,,2023
51025,Brunswick County,,,,,,,2023
51027,Buchanan County,,,,,,,2023
51029,Buckingham County,,,,,,,2023
51031,Campbell County,31340,"Lynchburg, VA",Metropolitan Statistical Area,Central,,,2023
51033,Caroline County,,,,,,,2023
51035,Carroll County,,,,,,,2023
51036,Charles City County,40060,"Richmond, VA",Metropolitan Statistical Area,Outlying,,,2023
51037,Charlotte County,,,,,,,2023
51041,Chesterfield County,40060,"Richmond, VA",Metropolitan Statistical Area,Central,,,2023
51043,Clarke County,47900,"Washington-Arlington-Alexandria, DC-VA-MD-WV",Metropolitan Statistical Area,Outlying,548,"Washington-Baltimore-Arlington, DC-MD-VA-WV-PA",2023
51045,Craig County,40220,"Roanoke, VA",Metropolitan Statistical Area,Outlying,,,2023
51047,Culpeper County,47900,"Washington-Arlington-Alexandria, DC-VA-MD-WV",Metropolitan Statistical Area,Outlying,548,"Washington-Baltimore-Arlington, DC-MD-VA-WV-PA",2023
51049,Cumberland County,,,,,,,2023
51051,Dickenson County,,,,,,,2023
51053,Dinwiddie County,40060,"Richmond, VA",Metropolitan Statistical Area,Central,,,2023
51057,Essex County,,,,,,,2023
51059,Fairfax County,47900,"Washington-Arlington-Alexandria, DC-VA-MD-WV",Metropolitan Statistical Area,Central,548,"Washington-Baltimore-Arlington, DC-MD-VA-WV-PA",2023
51061,Fauquier County,47900,"Washington-Arlington-Alexandria, DC-VA-MD-WV",Metropolitan Statistical Area,Outlying,548,"Washington-Baltimore-Arlington, DC-MD-VA-WV-PA",2023
51063,Floyd County,13980,"Blacksburg-Christiansburg-Radford, VA",Metropolitan Statistical Area,Outlying,,,2023
51065,Fluvanna County,16820,"Charlottesville, VA",Metropolitan Statistical Area,Outlying,,,2023
51067,Franklin County,40220,"Roanoke, VA",Metropolitan Statistical Area,Outlying,,,2023
51069,Frederick County,49020,"Winchester, VA-WV",Metropolitan Statistical Area,Central,548,"Washington-Baltimore-Arlington, DC-MD-VA-WV-PA",2023
51071,Giles County,13980,"Blacksburg-Christiansburg-Radford, VA",Metropolitan Statistical Area,Outlying,,,2023
51073,Gloucester County,47260,"Virginia Beach-Chesapeake-Norfolk, VA-NC",Metropolitan Statistical Area,Central,545,"Virginia Beach-Chesapeake, VA-NC",2023
51075,Goochland County,40060,"Richmond, VA",Metropolitan Statistical Area,Outlying,,,2023
51077,Grayson County,,,,,,,2023
51079,Greene County,16820,"Charlottesville, VA",Metropolitan Statistical Area,Outlying,,,2023
51081,Greensville County,,,,,,,2023
51083,Halifax County,,,,,,,2023
51085,Hanover County,40060,"Richmond, VA",Metropolitan Statistical Area,Central,,,2023
51087,Henrico County,40060,"Richmond, VA",Metropolitan Statistical Area,Central,,,2023
51089,Henry County,32300,"Martinsville, VA",Micropolitan Statistical Area,Central,,,2023
51091,Highland County,,,,,,,2023
51093,Isle of Wight County,47260,"Virginia Beach-Chesapeake-Norfolk, VA-NC",Metropolitan Statistical Area,Central,545,"Virginia Beach-Chesapeake, VA-NC",2023
51095,James City County,47260,"Virginia Beach-Chesapeake-Norfolk, VA-NC",Metropolitan Statistical Area,Outlying,545,"Virginia Beach-Chesapeake, VA-NC",2023
51097,King and Queen County,40060,"Richmond, VA",Metropolitan Statistical Area,Outlying,,,2023
51099,King George County,,,,,,,2023
51101,King William County,40060,"Richmond, VA",Metropolitan Statistical Area,Outlying,,,2023
51103,Lancaster County,,,,,,,2023
51105,Lee County,,,,,,,2023
51107,Loudoun County,47900,"Washington-Arlington-Alexandria, DC-VA-MD-WV",Metropolitan Statistical Area,Central,548,"Washington-Baltimore-Arlington, DC-MD-VA-WV-PA",2023
51109,Louisa County,,,,,,,2023
51111,Lunenburg County,,,,,,,2023
51113,Madison County,,,,,,,2023
51115,Mathews County,47260,"Virginia Beach-Chesapeake-Norfolk, VA-NC",Metropolitan Statistical Area,Outlying,545,"Virginia Beach-Chesapeake, VA-NC",2023
51117,Mecklenburg County,,,,,,,2023
51119,Middlesex County,,,,,,,2023
51121,Montgomery County,13980,"Blacksburg-Christiansburg-Radford, VA",Metropolitan Statistical Area,Central,,,2023
51125,Nelson County,16820,"Charlottesville, VA",Metropolitan Statistical Area,Outlying,,,2023
51127,New Kent County,40060,"Richmond, VA",Metropolitan Statistical Area,Outlying,,,2023
51131,Northampton County,,,,,,,2023
51133,Northumberland County,,,,,,,2023
51135,Nottoway County,,,,,,,2023
51137,Orange County,29470,"Lake of the Woods, VA",Micropolitan Statistical Area,Central,548,"Washington-Baltimore-Arlington, DC-MD-VA-WV-PA",2023
51139,Page County,,,,,,,2023
51141,Patrick County,,,,,,,2023
51143,Pittsylvania County,19260,"Danville, VA",Micropolitan Statistical Area,Central,,,2023
51145,Powhatan County,40060,"Richmond, VA",Metropolitan Statistical Area,Outlying,,,2023
51147,Prince Edward County,,,,,,,2023
51149,Prince George County,40060,"Richmond, VA",Metropolitan Statistical Area,Central,,,2023
51153,Prince William County,47900,"Washington-Arlington-Alexandria, DC-VA-MD-WV",Metropolitan Statistical Area,Central,548,"Washington-Baltimore-Arlington, DC-MD-VA-WV-PA",2023
51155,Pulaski County,13980,"Blacksburg-Christiansburg-Radford, VA",Metropolitan Statistical Area,Outlying,,,2023
51157,Rappahannock County,47900,"Washington-Arlington-Alexandria, DC-VA-MD-WV",Metropolitan Statistical Area,Outlying,548,"Washington-Baltimore-Arlington, DC-MD-VA-WV-PA",2023
51159,Richmond County,,,,,,,2023
51161,Roanoke County,40220,"Roanoke, VA",Metropolitan Statistical Area,Central,,,2023
51163,Rockbridge County,,,,,,,2023
51165,Rockingham County,25500,"Harrisonburg, VA",Metropolitan Statistical Area,Central,277,"Harrisonburg-Staunton-Stuarts Draft, VA",2023
51167,Russell County,,,,,,,2023
51169,Scott County,28700,"Kingsport-Bristol, TN-VA",Metropolitan Statistical Area,Outlying,304,"Johnson City-Kingsport-Bristol, TN-VA",2023
51171,Shenandoah County,,,,,,,2023
51173,Smyth County,,,,,,,2023
51175,Southampton County,,,,,,,2023
51177,Spotsylvania County,47900,"Washington-Arlington-Alexandria, DC-VA-MD-WV",Metropolitan Statistical Area,Outlying,548,"Washington-Baltimore-Arlington, DC-MD-VA-WV-PA",2023
51179,Stafford County,47900,"Washington-Arlington-Alexandria, DC-VA-MD-WV",Metropolitan Statistical Area,Central,548,"Washington-Baltimore-Arlington, DC-MD-VA-WV-PA",2023
51181,Surry County,47260,"Virginia Beach-Chesapeake-Norfolk, VA-NC",Metropolitan Statistical Area,Outlying,545,"Virginia Beach-Chesapeake, VA-NC",2023
51183,Sussex County,40060,"Richmond, VA",Metropolitan Statistical Area,Outlying,,,2023
51185,Tazewell County,14140,"Bluefield, WV-VA",Micropolitan Statistical Area,Central,,,2023
51187,Warren County,47900,"Washington-Arlington-Alexandria, DC-VA-MD-WV",Metropolitan Statistical Area,Outlying,548,"Washington-Baltimore-Arlington, DC-MD-VA-WV-PA",2023
51191,Washington County,28700,"Kingsport-Bristol, TN-VA",Metropolitan Statistical Area,Outlying,304,"Johnson City-Kingsport-Bristol, TN-VA",2023
51193,Westmoreland County,,,,,,,2023
51195,Wise County,,,,,,,2023
51197,Wythe County,,,,,,,2023
51199,York County,47260,"Virginia Beach-Chesapeake-Norfolk, VA-NC",Metropolitan Statistical Area,Central,545,"Virginia Beach-Chesapeake, VA-NC",2023
51510,Alexandria city,47900,"Washington-Arlington-Alexandria, DC-VA-MD-WV",Metropolitan Statistical Area,Central,548,"Washington-Baltimore-Arlington, DC-MD-VA-WV-PA",2023
51520,Bristol city,28700,"Kingsport-Bristol, TN-VA",Metropolitan Statistical Area,Outlying,304,"Johnson City-Kingsport-Bristol, TN-VA",2023
51530,Buena Vista city,,,,,,,2023
51540,Charlottesville city,16820,"Charlottesville, VA",Metropolitan Statistical Area,Central,,,2023
51550,Chesapeake city,47260,"Virginia Beach-Chesapeake-Norfolk, VA-NC",Metropolitan Statistical Area,Central,545,"Virginia Beach-Chesapeake, VA-NC",2023
51570,Colonial Heights city,40060,"Richmond, VA",Metropolitan Statistical Area,Central,,,2023
51580,Covington city,,,,,,,2023
51590,Danville city,19260,"Danville, VA",Micropolitan Statistical Area,Central,,,2023
51595,Emporia city,,,,,,,2023
51600,Fairfax city,47900,"Washington-Arlington-Alexandria, DC-VA-MD-WV",Metropolitan Statistical Area,Central,548,"Washington-Baltimore-Arlington, DC-MD-VA-WV-PA",2023
51610,Falls Church city,47900,"Washington-Arlington-Alexandria, DC-VA-MD-WV",Metropolitan Statistical Area,Central,548,"Washington-Baltimore-Arlington, DC-MD-VA-WV-PA",2023
51620,Franklin city,,,,,,,2023
51630,Fredericksburg city,47900,"Washington-Arlington-Alexandria, DC-VA-MD-WV",Metropolitan Statistical Area,Outlying,548,"Washington-Baltimore-Arlington, DC-MD-VA-WV-PA",2023
51640,Galax city,,,,,,,2023
51650,Hampton city,47260,"Virginia Beach-Chesapeake-Norfolk, VA-NC",Metropolitan Statistical Area,Central,545,"Virginia Beach-Chesapeake, VA-NC",2023
51660,Harrisonburg city,25500,"Harrisonburg, VA",Metropolitan Statistical Area,Central,277,"Harrisonburg-Staunton-Stuarts Draft, VA",2023
51670,Hopewell city,40060,"Richmond, VA",Metropolitan Statistical Area,Central,,,2023
51678,Lexington city,,,,,,,2023
51680,Lynchburg city,31340,"Lynchburg, VA",Metropolitan Statistical Area,Central,,,2023
51683,Manassas city,47900,"Washington-Arlington-Alexandria, DC-VA-MD-WV",Metropolitan Statistical Area,Central,548,"Washington-Baltimore-Arlington, DC-MD-VA-WV-PA",2023
51685,Manassas Park city,47900,"Washington-Arlington-Alexandria, DC-VA-MD-WV",Metropolitan Statistical Area,Central,548,"Washington-Baltimore-Arlington, DC-MD-VA-WV-PA",2023
51690,Martinsville city,32300,"Martinsville, VA",Micropolitan Statistical Area,Central,,,2023
51700,Newport News city,47260,"Virginia Beach-Chesapeake-Norfolk, VA-NC",Metropolitan Statistical Area,Central,545,"Virginia Beach-Chesapeake, VA-NC",2023
51710,Norfolk city,47260,"Virginia Beach-Chesapeake-Norfolk, VA-NC",Metropolitan Statistical Area,Central,545,"Virginia Beach-Chesapeake, VA-NC",2023
51720,Norton city,,,,,,,2023
51730,Petersburg city,40060,"Richmond, VA",Metropolitan Statistical Area,Central,,,2023
51735,Poquoson city,47260,"Virginia Beach-Chesapeake-Norfolk, VA-NC",Metropolitan Statistical Area,Central,545,"Virginia Beach-Chesapeake, VA-NC",2023
51740,Portsmouth city,47260,"Virginia Beach-Chesapeake-Norfolk, VA-NC",Metropolitan Statistical Area,Central,545,"Virginia Beach-Chesapeake, VA-NC",2023
51750,Radford city,13980,"Blacksburg-Christiansburg-Radford, VA",Metropolitan Statistical Area,Central,,,2023
51760,Richmond city,40060,"Richmond, VA",Metropolitan Statistical Area,Central,,,2023
51770,Roanoke city,40220,"Roanoke, VA",Metropolitan Statistical Area,Central,,,2023
51775,Salem city,40220,"Roanoke, VA",Metropolitan Statistical Area,Central,,,2023
51790,Staunton city,44420,"Staunton-Stuarts Draft, VA",Metropolitan Statistical Area,Central,277,"Harrisonburg-Staunton-Stuarts Draft, VA",2023
51800,Suffolk city,47260,"Virginia Beach-Chesapeake-Norfolk, VA-NC",Metropolitan Statistical Area,Outlying,545,"Virginia Beach-Chesapeake, VA-NC",2023
51810,Virginia Beach city,47260,"Virginia Beach-Chesapeake-Norfolk, VA-NC",Metropolitan Statistical Area,Central,545,"Virginia Beach-Chesapeake, VA-NC",2023
51820,Waynesboro city,44420,"Staunton-Stuarts Draft, VA",Metropolitan Statistical Area,Central,277,"Harrisonburg-Staunton-Stuarts Draft, VA",2023
51830,Williamsburg city,47260,"Virginia Beach-Chesapeake-Norfolk, VA-NC",Metropolitan Statistical Area,Outlying,545,"Virginia Beach-Chesapeake, VA-NC",2023
51840,Winchester city,49020,"Winchester, VA-WV",Metropolitan Statistical Area,Central,548,"Washington-Baltimore-Arlington, DC-MD-VA-WV-PA",2023
53001,Adams County,36830,"Othello, WA",Micropolitan Statistical Area,Central,393,"Moses Lake-Othello, WA",2023
53003,Asotin County,30300,"Lewiston, ID-WA",Metropolitan Statistical Area,Central,,,2023
53005,Benton County,28420,"Kennewick-Richland, WA",Metropolitan Statistical Area,Central,314,"Kennewick-Richland-Walla Walla, WA",2023
53007,Chelan County,48300,"Wenatchee-East Wenatchee, WA",Metropolitan Statistical Area,Central,,,2023
53009,Clallam County,38820,"Port Angeles, WA",Micropolitan Statistical Area,Central,,,2023
53011,Clark County,38900,"Portland-Vancouver-Hillsboro, OR-WA",Metropolitan Statistical Area,Central,440,"Portland-Vancouver-Salem, OR-WA",2023
53013,Columbia County,,,,,,,2023
53015,Cowlitz County,31020,"Longview-Kelso, WA",Metropolitan Statistical Area,Central,440,"Portland-Vancouver-Salem, OR-WA",2023
53017,Douglas County,48300,"Wenatchee-East Wenatchee, WA",Metropolitan Statistical Area,Central,,,2023
53019,Ferry County,,,,,,,2023
53021,Franklin County,28420,"Kennewick-Richland, WA",Metropolitan Statistical Area,Central,314,"Kennewick-Richland-Walla Walla, WA",2023
53023,Garfield County,,,,,,,2023
53025,Grant County,34180,"Moses Lake, WA",Micropolitan Statistical Area,Central,393,"Moses Lake-Othello, WA",2023
53027,Grays Harbor County,10140,"Aberdeen, WA",Micropolitan Statistical Area,Central,,,2023
53029,Island County,36020,"Oak Harbor, WA",Micropolitan Statistical Area,Central,500,"Seattle-Tacoma, WA",2023
53031,Jefferson County,39040,"Port Townsend, WA",Micropolitan Statistical Area,Central,,,2023
53033,King County,42660,"Seattle-Tacoma-Bellevue, WA",Metropolitan Statistical Area,Central,500,"Seattle-Tacoma, WA",2023
53035,Kitsap County,14740,"Bremerton-Silverdale-Port Orchard, WA",Metropolitan Statistical Area,Central,500,"Seattle-Tacoma, WA",2023
53037,Kittitas County,21260,"Ellensburg, WA",Micropolitan Statistical Area,Central,,,2023
53039,Klickitat County,,,,,,,2023
53041,Lewis County,16500,"Centralia, WA",Micropolitan Statistical Area,Central,500,"Seattle-Tacoma, WA",2023
53043,Lincoln County,,,,,,,2023
53045,Mason County,43220,"Shelton, WA",Micropolitan Statistical Area,Central,500,"Seattle-Tacoma, WA",2023
53047,Okanogan County,,,,,,,2023
53049,Pacific County,,,,,,,2023
53051,Pend Oreille County,,,,,,,2023
53053,Pierce County,42660,"Seattle-Tacoma-Bellevue, WA",Metropolitan Statistical Area,Central,500,"Seattle-Tacoma, WA",2023
53055,San Juan County,,,,,,,2023
53057,Skagit County,34580,"Mount Vernon-Anacortes, WA",Metropolitan Statistical Area,Central,500,"Seattle-Tacoma, WA",2023
53059,Skamania County,38900,"Portland-Vancouver-Hillsboro, OR-WA",Metropolitan Statistical Area,Outlying,440,"Portland-Vancouver-Salem, OR-WA",2023
53061,Snohomish County,42660,"Seattle-Tacoma-Bellevue, WA",Metropolitan Statistical Area,Central,500,"Seattle-Tacoma, WA",2023
53063,Spokane County,44060,"Spokane-Spokane Valley, WA",Metropolitan Statistical Area,Central,518,"Spokane-Spokane Valley-Coeur d'Alene, WA-ID",2023
53065,Stevens County,44060,"Spokane-Spokane Valley, WA",Metropolitan Statistical Area,Outlying,518,"Spokane-Spokane Valley-Coeur d'Alene, WA-ID",2023
53067,Thurston County,36500,"Olympia-Lacey-Tumwater, WA",Metropolitan Statistical Area,Central,500,"Seattle-Tacoma, WA",2023
53069,Wahkiakum County,,,,,,,2023
53071,Walla Walla County,47460,"Walla Walla, WA",Metropolitan Statistical Area,Central,314,"Kennewick-Richland-Walla Walla, WA",2023
53073,Whatcom County,13380,"Bellingham, WA",Metropolitan Statistical Area,Central,,,2023
53075,Whitman County,39420,"Pullman, WA",Micropolitan Statistical Area,Central,446,"Pullman-Moscow, WA-ID",2023
53077,Yakima County,49420,"Yakima, WA",Metropolitan Statistical Area,Central,,,2023
54001,Barbour County,,,,,,,2023
54003,Berkeley County,25180,"Hagerstown-Martinsburg, MD-WV",Metropolitan Statistical Area,Central,548,"Washington-Baltimore-Arlington, DC-MD-VA-WV-PA",2023
54005,Boone County,16620,"Charleston, WV",Metropolitan Statistical Area,Outlying,170,"Charleston-Huntington-Ashland, WV-OH-KY",2023
54007,Braxton County,,,,,,,2023
54009,Brooke County,48260,"Weirton-Steubenville, WV-OH",Metropolitan Statistical Area,Central,430,"Pittsburgh-Weirton-Steubenville, PA-OH-WV",2023
54011,Cabell County,26580,"Huntington-Ashland, WV-KY-OH",Metropolitan Statistical Area,Central,170,"Charleston-Huntington-Ashland, WV-OH-KY",2023
54013,Calhoun County,,,,,,,2023
54015,Clay County,16620,"Charleston, WV",Metropolitan Statistical Area,Outlying,170,"Charleston-Huntington-Ashland, WV-OH-KY",2023
54017,Doddridge County,17220,"Clarksburg, WV",Micropolitan Statistical Area,Outlying,242,"Fairmont-Clarksburg, WV",2023
54019,Fayette County,13220,"Beckley, WV",Metropolitan Statistical Area,Central,,,2023
54021,Gilmer County,,,,,,,2023
54023,Grant County,,,,,,,2023
54025,Greenbrier County,,,,,,,2023
54027,Hampshire County,49020,"Winchester, VA-WV",Metropolitan Statistical Area,Outlying,548,"Washington-Baltimore-Arlington, DC-MD-VA-WV-PA",2023
54029,Hancock County,48260,"Weirton-Steubenville, WV-OH",Metropolitan Statistical Area,Central,430,"Pittsburgh-Weirton-Steubenville, PA-OH-WV",2023
54031,Hardy County,,,,,,,2023
54033,Harrison County,17220,"Clarksburg, WV",Micropolitan Statistical Area,Central,242,"Fairmont-Clarksburg, WV",2023
54035,Jackson County,,,,,,,2023
54037,Jefferson County,47900,"Washington-Arlington-Alexandria, DC-VA-MD-WV",Metropolitan Statistical Area,Outlying,548,"Washington-Baltimore-Arlington, DC-MD-VA-WV-PA",2023
54039,Kanawha County,16620,"Charleston, WV",Metropolitan Statistical Area,Central,170,"Charleston-Huntington-Ashland, WV-OH-KY",2023
54041,Lewis County,,,,,,,2023
54043,Lincoln County,,,,,,,2023
54045,Logan County,,,,,,,2023
54047,McDowell County,,,,,,,2023
54049,Marion County,21900,"Fairmont, WV",Micropolitan Statistical Area,Central,242,"Fairmont-Clarksburg, WV",2023
54051,Marshall County,48540,"Wheeling, WV-OH",Metropolitan Statistical Area,Outlying,,,2023
54053,Mason County,,,,,,,2023
54055,Mercer County,14140,"Bluefield, WV-VA",Micropolitan Statistical Area,Central,,,2023
54057,Mineral County,19060,"Cumberland, MD-WV",Micropolitan Statistical Area,Outlying,,,2023
54059,Mingo County,,,,,,,2023
54061,Monongalia County,34060,"Morgantown, WV",Metropolitan Statistical Area,Central,,,2023
54063,Monroe County,,,,,,,2023
54065,Morgan County,25180,"Hagerstown-Martinsburg, MD-WV",Metropolitan Statistical Area,Outlying,548,"Washington-Baltimore-Arlington, DC-MD-VA-WV-PA",2023
54067,Nicholas County,,,,,,,2023
54069,Ohio County,48540,"Wheeling, WV-OH",Metropolitan Statistical Area,Central,,,2023
54071,Pendleton County,,,,,,,2023
54073,Pleasants County,,,,,,,2023
54075,Pocahontas County,,,,,,,2023
54077,Preston County,34060,"Morgantown, WV",Metropolitan Statistical Area,Outlying,,,2023
54079,Putnam County,26580,"Huntington-Ashland, WV-KY-OH",Metropolitan Statistical Area,Central,170,"Charleston-Huntington-Ashland, WV-OH-KY",2023
54081,Raleigh County,13220,"Beckley, WV",Metropolitan Statistical Area,Central,,,2023
54083,Randolph County,21180,"Elkins, WV",Micropolitan Statistical Area,Central,,,2023
54085,Ritchie County,,,,,,,2023
54087,Roane County,,,,,,,2023
54089,Summers County,,,,,,,2023
54091,Taylor County,17220,"Clarksburg, WV",Micropolitan Statistical Area,Outlying,242,"Fairmont-Clarksburg, WV",2023
54093,Tucker County,,,,,,,2023
54095,Tyler County,,,,,,,2023
54097,Upshur County,,,,,,,2023
54099,Wayne County,26580,"Huntington-Ashland, WV-KY-OH",Metropolitan Statistical Area,Central,170,"Charleston-Huntington-Ashland, WV-OH-KY",2023
54101,Webster County,,,,,,,2023
54103,Wetzel County,,,,,,,2023
54105,Wirt County,37620,"Parkersburg-Vienna, WV",Metropolitan Statistical Area,Outlying,425,"Parkersburg-Marietta-Vienna, WV-OH",2023
54107,Wood County,37620,"Parkersburg-Vienna, WV",Metropolitan Statistical Area,Central,425,"Parkersburg-Marietta-Vienna, WV-OH",2023
54109,Wyoming County,,,,,,,2023
55001,Adams County,,,,,,,2023
55003,Ashland County,,,,,,,2023
55005,Barron County,39960,"Rice Lake, WI",Micropolitan Statistical Area,Central,,,2023
55007,Bayfield County,,,,,,,2023
55009,Brown County,24580,"Green Bay, WI",Metropolitan Statistical Area,Central,267,"Green Bay-Shawano, WI",2023
55011,Buffalo County,,,,,,,2023
55013,Burnett County,,,,,,,2023
55015,Calumet County,11540,"Appleton, WI",Metropolitan Statistical Area,Central,118,"Appleton-Oshkosh-Neenah, WI",2023
55017,Chippewa County,20740,"Eau Claire, WI",Metropolitan Statistical Area,Central,232,"Eau Claire-Menomonie, WI",2023
55019,Clark County,,,,,,,2023
55021,Columbia County,31540,"Madison, WI",Metropolitan Statistical Area,Outlying,357,"Madison-Janesville-Beloit, WI",2023
55023,Crawford County,,,,,,,2023
55025,Dane County,31540,"Madison, WI",Metropolitan Statistical Area,Central,357,"Madison-Janesville-Beloit, WI",2023
55027,Dodge County,13180,"Beaver Dam, WI",Micropolitan Statistical Area,Central,376,"Milwaukee-Racine-Waukesha, WI",2023
55029,Door County,,,,,,,2023
55031,Douglas County,20260,"Duluth, MN-WI",Metropolitan Statistical Area,Central,228,"Duluth-Grand Rapids, MN-WI",2023
55033,Dunn County,32860,"Menomonie, WI",Micropolitan Statistical Area,Central,232,"Eau Claire-Menomonie, WI",2023
55035,Eau Claire County,20740,"Eau Claire, WI",Metropolitan Statistical Area,Central,232,"Eau Claire-Menomonie, WI",2023
55037,Florence County,27020,"Iron Mountain, MI-WI",Micropolitan Statistical Area,Outlying,361,"Marinette-Iron Mountain, WI-MI",2023
55039,Fond du Lac County,22540,"Fond du Lac, WI",Metropolitan Statistical Area,Central,,,2023
55041,Forest County,,,,,,,2023
55043,Grant County,38420,"Platteville, WI",Micropolitan Statistical Area,Central,,,2023
55045,Green County,31540,"Madison, WI",Metropolitan Statistical Area,Outlying,357,"Madison-Janesville-Beloit, WI",2023
55047,Green Lake County,,,,,,,2023
55049,Iowa County,31540,"Madison, WI",Metropolitan Statistical Area,Outlying,357,"Madison-Janesville-Beloit, WI",2023
55051,Iron County,,,,,,,2023
55053,Jackson County,,,,,,,2023
55055,Jefferson County,48020,"Watertown-Fort Atkinson, WI",Micropolitan Statistical Area,Central,376,"Milwaukee-Racine-Waukesha, WI",2023
55057,Juneau County,,,,,,,2023
55059,Kenosha County,28450,"Kenosha, WI",Metropolitan Statistical Area,Central,176,"Chicago-Naperville, IL-IN-WI",2023
55061,Kewaunee County,24580,"Green Bay, WI",Metropolitan Statistical Area,Outlying,267,"Green Bay-Shawano, WI",2023
55063,La Crosse County,29100,"La Crosse-Onalaska, WI-MN",Metropolitan Statistical Area,Central,317,"La Crosse-Onalaska-Sparta, WI-MN",2023
55065,Lafayette County,,,,,,,2023
55067,Langlade County,,,,,,,2023
55069,Lincoln County,,,,,,,2023
55071,Manitowoc County,31820,"Manitowoc, WI",Micropolitan Statistical Area,Central,,,2023
55073,Marathon County,48140,"Wausau, WI",Metropolitan Statistical Area,Central,554,"Wausau-Stevens Point-Wisconsin Rapids, WI",2023
55075,Marinette County,31940,"Marinette, WI-MI",Micropolitan Statistical Area,Central,361,"Marinette-Iron Mountain, WI-MI",2023
55077,Marquette County,,,,,,,2023
55078,Menominee County,43020,"Shawano, WI",Micropolitan Statistical Area,Outlying,267,"Green Bay-Shawano, WI",2023
55079,Milwaukee County,33340,"Milwaukee-Waukesha, WI",Metropolitan Statistical Area,Central,376,"Milwaukee-Racine-Waukesha, WI",2023
55081,Monroe County,43890,"Sparta, WI",Micropolitan Statistical Area,Central,317,"La Crosse-Onalaska-Sparta, WI-MN",2023
55083,Oconto County,24580,"Green Bay, WI",Metropolitan Statistical Area,Outlying,267,"Green Bay-Shawano, WI",2023
55085,Oneida County,,,,,,,2023
55087,Outagamie County,11540,"Appleton, WI",Metropolitan Statistical Area,Central,118,"Appleton-Oshkosh-Neenah, WI",2023
55089,Ozaukee County,33340,"Milwaukee-Waukesha, WI",Metropolitan Statistical Area,Outlying,376,"Milwaukee-Racine-Waukesha, WI",2023
55091,Pepin County,,,,,,,2023
55093,Pierce County,33460,"Minneapolis-St. Paul-Bloomington, MN-WI",Metropolitan Statistical Area,Outlying,378,"Minneapolis-St. Paul, MN-WI",2023
55095,Polk County,,,,,,,2023
55097,Portage County,44620,"Stevens Point-Plover, WI",Micropolitan Statistical Area,Central,554,"Wausau-Stevens Point-Wisconsin Rapids, WI",2023
55099,Price County,,,,,,,2023
55101,Racine County,39540,"Racine-Mount Pleasant, WI",Metropolitan Statistical Area,Central,376,"Milwaukee-Racine-Waukesha, WI",2023
55103,Richland County,,,,,,,2023
55105,Rock County,27500,"Janesville-Beloit, WI",Metropolitan Statistical Area,Central,357,"Madison-Janesville-Beloit, WI",2023
55107,Rusk County,,,,,,,2023
55109,St. Croix County,33460,"Minneapolis-St. Paul-Bloomington, MN-WI",Metropolitan Statistical Area,Outlying,378,"Minneapolis-St. Paul, MN-WI",2023
55111,Sauk County,12660,"Baraboo, WI",Micropolitan Statistical Area,Central,357,"Madison-Janesville-Beloit, WI",2023
55113,Sawyer County,,,,,,,2023
55115,Shawano County,43020,"Shawano, WI",Micropolitan Statistical Area,Central,267,"Green Bay-Shawano, WI",2023
55117,Sheboygan County,43100,"Sheboygan, WI",Metropolitan Statistical Area,Central,,,2023
55119,Taylor County,,,,,,,2023
55121,Trempealeau County,,,,,,,2023
55123,Vernon County,29100,"La Crosse-Onalaska, WI-MN",Metropolitan Statistical Area,Outlying,317,"La Crosse-Onalaska-Sparta, WI-MN",2023
55125,Vilas County,,,,,,,2023
55127,Walworth County,48580,"Whitewater-Elkhorn, WI",Micropolitan Statistical Area,Central,376,"Milwaukee-Racine-Waukesha, WI",2023
55129,Washburn County,,,,,,,2023
55131,Washington County,33340,"Milwaukee-Waukesha, WI",Metropolitan Statistical Area,Outlying,376,"Milwaukee-Racine-Waukesha, WI",2023
55133,Waukesha County,33340,"Milwaukee-Waukesha, WI",Metropolitan Statistical Area,Central,376,"Milwaukee-Racine-Waukesha, WI",2023
55135,Waupaca County,,,,,,,2023
55137,Waushara County,,,,,,,2023
55139,Winnebago County,36780,"Oshkosh-Neenah, WI",Metropolitan Statistical Area,Central,118,"Appleton-Oshkosh-Neenah, WI",2023
55141,Wood County,49220,"Wisconsin Rapids-Marshfield, WI",Micropolitan Statistical Area,Central,554,"Wausau-Stevens Point-Wisconsin Rapids, WI",2023
56001,Albany County,29660,"Laramie, WY",Micropolitan Statistical Area,Central,,,2023
56003,Big Horn County,,,,,,,2023
56005,Campbell County,23940,"Gillette, WY",Micropolitan Statistical Area,Central,,,2023
56007,Carbon County,,,,,,,2023
56009,Converse County,,,,,,,2023
56011,Crook County,,,,,,,2023
56013,Fremont County,40180,"Riverton, WY",Micropolitan Statistical Area,Central,,,2023
56015,Goshen County,,,,,,,2023
56017,Hot Springs County,,,,,,,2023
56019,Johnson County,,,,,,,2023
56021,Laramie County,16940,"Cheyenne, WY",Metropolitan Statistical Area,Central,,,2023
56023,Lincoln County,,,,,,,2023
56025,Natrona County,16220,"Casper, WY",Metropolitan Statistical Area,Central,,,2023
56027,Niobrara County,,,,,,,2023
56029,Park County,17650,"Cody, WY",Micropolitan Statistical Area,Central,,,2023
56031,Platte County,,,,,,,2023
56033,Sheridan County,43260,"Sheridan, WY",Micropolitan Statistical Area,Central,,,2023
56035,Sublette County,,,,,,,2023
56037,Sweetwater County,40540,"Rock Springs, WY",Micropolitan Statistical Area,Central,,,2023
56039,Teton County,27220,"Jackson, WY-ID",Micropolitan Statistical Area,Central,,,2023
56041,Uinta County,21740,"Evanston, WY-UT",Micropolitan Statistical Area,Central,,,2023
56043,Washakie County,,,,,,,2023
56045,Weston County,,,,,,,2023
60010,Eastern District,,,,,,,2023
60020,Manu'a District,,,,,,,2023
69100,Rota Municipality,,,,,,,2023
69110,Saipan Municipality,,,,,,,2023
69120,Tinian Municipality,,,,,,,2023
72001,Adjuntas Municipio,,,,,,,2023
72003,Aguada Municipio,10380,"Aguadilla, PR",Metropolitan Statistical Area,Central,364,"Mayagüez-Aguadilla, PR",2023
72005,Aguadilla Municipio,10380,"Aguadilla, PR",Metropolitan Statistical Area,Central,364,"Mayagüez-Aguadilla, PR",2023
72007,Aguas Buenas Municipio,41980,"San Juan-Bayamón-Caguas, PR",Metropolitan Statistical Area,Central,490,"San Juan-Bayamón, PR",2023
72009,Aibonito Municipio,41980,"San Juan-Bayamón-Caguas, PR",Metropolitan Statistical Area,Outlying,490,"San Juan-Bayamón, PR",2023
72011,Añasco Municipio,10380,"Aguadilla, PR",Metropolitan Statistical Area,Central,364,"Mayagüez-Aguadilla, PR",2023
72013,Arecibo Municipio,11640,"Arecibo, PR",Metropolitan Statistical Area,Central,490,"San Juan-Bayamón, PR",2023
72015,Arroyo Municipio,25020,"Guayama, PR",Metropolitan Statistical Area,Central,490,"San Juan-Bayamón, PR",2023
72017,Barceloneta Municipio,41980,"San Juan-Bayamón-Caguas, PR",Metropolitan Statistical Area,Outlying,490,"San Juan-Bayamón, PR",2023
72019,Barranquitas Municipio,41980,"San Juan-Bayamón-Caguas, PR",Metropolitan Statistical Area,Central,490,"San Juan-Bayamón, PR",2023
72021,Bayamón Municipio,41980,"San Juan-Bayamón-Caguas, PR",Metropolitan Statistical Area,Central,490,"San Juan-Bayamón, PR",2023
72023,Cabo Rojo Municipio,32420,"Mayagüez, PR",Metropolitan Statistical Area,Central,364,"Mayagüez-Aguadilla, PR",2023
72025,Caguas Municipio,41980,"San Juan-Bayamón-Caguas, PR",Metropolitan Statistical Area,Central,490,"San Juan-Bayamón, PR",2023
72027,Camuy Municipio,11640,"Arecibo, PR",Metropolitan Statistical Area,Central,490,"San Juan-Bayamón, PR",2023
72029,Canóvanas Municipio,41980,"San Juan-Bayamón-Caguas, PR",Metropolitan Statistical Area,Central,490,"San Juan-Bayamón, PR",2023
72031,Carolina Municipio,41980,"San Juan-Bayamón-Caguas, PR",Metropolitan Statistical Area,Central,490,"San Juan-Bayamón, PR",2023
72033,Cataño Municipio,41980,"San Juan-Bayamón-Caguas, PR",Metropolitan Statistical Area,Central,490,"San Juan-Bayamón, PR",2023
72035,Cayey Municipio,41980,"San Juan-Bayamón-Caguas, PR",Metropolitan Statistical Area,Central,490,"San Juan-Bayamón, PR",2023
72037,Ceiba Municipio,41980,"San Juan-Bayamón-Caguas, PR",Metropolitan Statistical Area,Outlying,490,"San Juan-Bayamón, PR",2023
72039,Ciales Municipio,41980,"San Juan-Bayamón-Caguas, PR",Metropolitan Statistical Area,Outlying,490,"San Juan-Bayamón, PR",2023
72041,Cidra Municipio,41980,"San Juan-Bayamón-Caguas, PR",Metropolitan Statistical Area,Central,490,"San Juan-Bayamón, PR",2023
72043,Coamo Municipio,17620,"Coamo, PR",Micropolitan Statistical Area,Central,434,"Ponce-Coamo, PR",2023
72045,Comerío Municipio,41980,"San Juan-Bayamón-Caguas, PR",Metropolitan Statistical Area,Central,490,"San Juan-Bayamón, PR",2023
72047,Corozal Municipio,41980,"San Juan-Bayamón-Caguas, PR",Metropolitan Statistical Area,Central,490,"San Juan-Bayamón, PR",2023
72049,Culebra Municipio,,,,,,,2023
72051,Dorado Municipio,41980,"San Juan-Bayamón-Caguas, PR",Metropolitan Statistical Area,Central,490,"San Juan-Bayamón, PR",2023
72053,Fajardo Municipio,41980,"San Juan-Bayamón-Caguas, PR",Metropolitan Statistical Area,Outlying,490,"San Juan-Bayamón, PR",2023
72054,Florida Municipio,41980,"San Juan-Bayamón-Caguas, PR",Metropolitan Statistical Area,Outlying,490,"San Juan-Bayamón, PR",2023
72055,Guánica Municipio,,,,,,,2023
72057,Guayama Municipio,25020,"Guayama, PR",Metropolitan Statistical Area,Central,490,"San Juan-Bayamón, PR",2023
72059,Guayanilla Municipio,38660,"Ponce, PR",Metropolitan Statistical Area,Outlying,434,"Ponce-Coamo, PR",2023
72061,Guaynabo Municipio,41980,"San Juan-Bayamón-Caguas, PR",Metropolitan Statistical Area,Central,490,"San Juan-Bayamón, PR",2023
72063,Gurabo Municipio,41980,"San Juan-Bayamón-Caguas, PR",Metropolitan Statistical Area,Central,490,"San Juan-Bayamón, PR",2023
72065,Hatillo Municipio,11640,"Arecibo, PR",Metropolitan Statistical Area,Central,490,"San Juan-Bayamón, PR",2023
72067,Hormigueros Municipio,32420,"Mayagüez, PR",Metropolitan Statistical Area,Outlying,364,"Mayagüez-Aguadilla, PR",2023
72069,Humacao Municipio,41980,"San Juan-Bayamón-Caguas, PR",Metropolitan Statistical Area,Central,490,"San Juan-Bayamón, PR",2023
72071,Isabela Municipio,10380,"Aguadilla, PR",Metropolitan Statistical Area,Central,364,"Mayagüez-Aguadilla, PR",2023
72073,Jayuya Municipio,,,,,,,2023
72075,Juana Díaz Municipio,38660,"Ponce, PR",Metropolitan Statistical Area,Outlying,434,"Ponce-Coamo, PR",2023
72077,Juncos Municipio,41980,"San Juan-Bayamón-Caguas, PR",Metropolitan Statistical Area,Central,490,"San Juan-Bayamón, PR",2023
72079,Lajas Municipio,32420,"Mayagüez, PR",Metropolitan Statistical Area,Central,364,"Mayagüez-Aguadilla, PR",2023
72081,Lares Municipio,29720,"Lares, PR",Micropolitan Statistical Area,Central,490,"San Juan-Bayamón, PR",2023
72083,Las Marías Municipio,,,,,,,2023
72085,Las Piedras Municipio,41980,"San Juan-Bayamón-Caguas, PR",Metropolitan Statistical Area,Central,490,"San Juan-Bayamón, PR",2023
72087,Loíza Municipio,41980,"San Juan-Bayamón-Caguas, PR",Metropolitan Statistical Area,Outlying,490,"San Juan-Bayamón, PR",2023
72089,Luquillo Municipio,41980,"San Juan-Bayamón-Caguas, PR",Metropolitan Statistical Area,Outlying,490,"San Juan-Bayamón, PR",2023
72091,Manatí Municipio,41980,"San Juan-Bayamón-Caguas, PR",Metropolitan Statistical Area,Central,490,"San Juan-Bayamón, PR",2023
72093,Maricao Municipio,,,,,,,2023
72095,Maunabo Municipio,41980,"San Juan-Bayamón-Caguas, PR",Metropolitan Statistical Area,Central,490,"San Juan-Bayamón, PR",2023
72097,Mayagüez Municipio,32420,"Mayagüez, PR",Metropolitan Statistical Area,Outlying,364,"Mayagüez-Aguadilla, PR",2023
72099,Moca Municipio,10380,"Aguadilla, PR",Metropolitan Statistical Area,Central,364,"Mayagüez-Aguadilla, PR",2023
72101,Morovis Municipio,41980,"San Juan-Bayamón-Caguas, PR",Metropolitan Statistical Area,Central,490,"San Juan-Bayamón, PR",2023
72103,Naguabo Municipio,41980,"San Juan-Bayamón-Caguas, PR",Metropolitan Statistical Area,Outlying,490,"San Juan-Bayamón, PR",2023
72105,Naranjito Municipio,41980,"San Juan-Bayamón-Caguas, PR",Metropolitan Statistical Area,Central,490,"San Juan-Bayamón, PR",2023
72107,Orocovis Municipio,41980,"San Juan-Bayamón-Caguas, PR",Metropolitan Statistical Area,Central,490,"San Juan-Bayamón, PR",2023
72109,Patillas Municipio,25020,"Guayama, PR",Metropolitan Statistical Area,Central,490,"San Juan-Bayamón, PR",2023
72111,Peñuelas Municipio,38660,"Ponce, PR",Metropolitan Statistical Area,Outlying,434,"Ponce-Coamo, PR",2023
72113,Ponce Municipio,38660,"Ponce, PR",Metropolitan Statistical Area,Central,434,"Ponce-Coamo, PR",2023
72115,Quebradillas Municipio,11640,"Arecibo, PR",Metropolitan Statistical Area,Central,490,"San Juan-Bayamón, PR",2023
72117,Rincón Municipio,10380,"Aguadilla, PR",Metropolitan Statistical Area,Central,364,"Mayagüez-Aguadilla, PR",2023
72119,Río Grande Municipio,41980,"San Juan-Bayamón-Caguas, PR",Metropolitan Statistical Area,Central,490,"San Juan-Bayamón, PR",2023
72121,Sabana Grande Municipio,32420,"Mayagüez, PR",Metropolitan Statistical Area,Central,364,"Mayagüez-Aguadilla, PR",2023
72123,Salinas Municipio,17640,"Coco, PR",Micropolitan Statistical Area,Central,490,"San Juan-Bayamón, PR",2023
72125,San Germán Municipio,32420,"Mayagüez, PR",Metropolitan Statistical Area,Central,364,"Mayagüez-Aguadilla, PR",2023
72127,San Juan Municipio,41980,"San Juan-Bayamón-Caguas, PR",Metropolitan Statistical Area,Central,490,"San Juan-Bayamón, PR",2023
72129,San Lorenzo Municipio,41980,"San Juan-Bayamón-Caguas, PR",Metropolitan Statistical Area,Central,490,"San Juan-Bayamón, PR",2023
72131,San Sebastián Municipio,10380,"Aguadilla, PR",Metropolitan Statistical Area,Central,364,"Mayagüez-Aguadilla, PR",2023
72133,Santa Isabel Municipio,17620,"Coamo, PR",Micropolitan Statistical Area,Central,434,"Ponce-Coamo, PR",2023
72135,Toa Alta Municipio,41980,"San Juan-Bayamón-Caguas, PR",Metropolitan Statistical Area,Central,490,"San Juan-Bayamón, PR",2023
72137,Toa Baja Municipio,41980,"San Juan-Bayamón-Caguas, PR",Metropolitan Statistical Area,Central,490,"San Juan-Bayamón, PR",2023
72139,Trujillo Alto Municipio,41980,"San Juan-Bayamón-Caguas, PR",Metropolitan Statistical Area,Central,490,"San Juan-Bayamón, PR",2023
72141,Utuado Municipio,46580,"Utuado, PR",Micropolitan Statistical Area,Central,490,"San Juan-Bayamón, PR",2023
72143,Vega Alta Municipio,41980,"San Juan-Bayamón-Caguas, PR",Metropolitan Statistical Area,Central,490,"San Juan-Bayamón, PR",2023
72145,Vega Baja Municipio,41980,"San Juan-Bayamón-Caguas, PR",Metropolitan Statistical Area,Central,490,"San Juan-Bayamón, PR",2023
72147,Vieques Municipio,,,,,,,2023
72149,Villalba Municipio,38660,"Ponce, PR",Metropolitan Statistical Area,Outlying,434,"Ponce-Coamo, PR",2023
72151,Yabucoa Municipio,41980,"San Juan-Bayamón-Caguas, PR",Metropolitan Statistical Area,Central,490,"San Juan-Bayamón, PR",2023
72153,Yauco Municipio,38660,"Ponce, PR",Metropolitan Statistical Area,Outlying,434,"Ponce-Coamo, PR",2023
78010,St. Croix Island,,,,,,,2023
78020,St. John Island,,,,,,,2023
78030,St. Thomas Island,,,,,,,2023
