geo_state_abbr,geo_county_raw,geo_county_fips,state_fips,geo_county_canonical,resolution,tiger_year
AK,Aleutians East Borough,02013,02,Aleutians East Borough,resolved,2023
AK,Aleutians West Census Area,02016,02,Aleutians West Census Area,resolved,2023
AK,Anchorage Municipality,02020,02,Anchorage Municipality,resolved,2023
AK,Bethel Census Area,02050,02,Bethel Census Area,resolved,2023
AK,Bristol Bay Borough,02060,02,Bristol Bay Borough,resolved,2023
AK,Chugach Census Area,02063,02,Chugach Census Area,resolved,2023
AK,City and Borough of Juneau,02110,02,Juneau City and Borough,resolved,2023
AK,City and Borough of Sitka,02220,02,Sitka City and Borough,resolved,2023
AK,City and Borough of Wrangell,02275,02,Wrangell City and Borough,resolved,2023
AK,City and Borough of Yakutat,02282,02,Yakutat City and Borough,resolved,2023
AK,Denali Borough,02068,02,Denali Borough,resolved,2023
AK,Dillingham Census Area,02070,02,Dillingham Census Area,resolved,2023
AK,Fairbanks North Star Borough,02090,02,Fairbanks North Star Borough,resolved,2023
AK,Haines Borough,02100,02,Haines Borough,resolved,2023
AK,Hoonah-Angoon Census Area,02105,02,Hoonah-Angoon Census Area,resolved,2023
AK,Juneau City and Borough,02110,02,Juneau City and Borough,resolved,2023
AK,Kenai Peninsula Borough,02122,02,Kenai Peninsula Borough,resolved,2023
AK,Ketchikan Gateway,02130,02,Ketchikan Gateway Borough,resolved,2023
AK,Ketchikan Gateway Borough,02130,02,Ketchikan Gateway Borough,resolved,2023
AK,Kodiak Island Borough,02150,02,Kodiak Island Borough,resolved,2023
AK,Kusilvak Census Area,02158,02,Kusilvak Census Area,resolved,2023
AK,Lake and Peninsula Borough,02164,02,Lake and Peninsula Borough,resolved,2023
AK,Matanuska-Susitna Borough,02170,02,Matanuska-Susitna Borough,resolved,2023
AK,Municipality of Anchorage,02020,02,Anchorage Municipality,resolved,2023
AK,Municipality of Skagway,02230,02,Skagway Municipality,resolved,2023
AK,Nome Census Area,02180,02,Nome Census Area,resolved,2023
AK,North Slope Borough,02185,02,North Slope Borough,resolved,2023
AK,Northwest Arctic Borough,02188,02,Northwest Arctic Borough,resolved,2023
AK,Petersburg Borough,02195,02,Petersburg Borough,resolved,2023
AK,Prince of Wales-Hyder Census Area,02198,02,Prince of Wales-Hyder Census Area,resolved,2023
AK,Sitka City and Borough,02220,02,Sitka City and Borough,resolved,2023
AK,Southeast Fairbanks Census Area,02240,02,Southeast Fairbanks Census Area,resolved,2023
AK,Valdez-Cordova Census Area,,02,,ambiguous,2023
AK,Wrangell City and Borough,02275,02,Wrangell City and Borough,resolved,2023
AK,Yukon-Koyukuk Census Area,02290,02,Yukon-Koyukuk Census Area,resolved,2023
AL,Autauga County,01001,01,Autauga County,resolved,2023
AL,Baldwin County,01003,01,Baldwin County,resolved,2023
AL,Barbour County,01005,01,Barbour County,resolved,2023
AL,Bibb County,01007,01,Bibb County,resolved,2023
AL,Blount County,01009,01,Blount County,resolved,2023
AL,Bullock County,01011,01,Bullock County,resolved,2023
AL,Butler County,01013,01,Butler County,resolved,2023
AL,Calhoun County,01015,01,Calhoun County,resolved,2023
AL,Chambers County,01017,01,Chambers County,resolved,2023
AL,Cherokee County,01019,01,Cherokee County,resolved,2023
AL,Chilton County,01021,01,Chilton County,resolved,2023
AL,Choctaw County,01023,01,Choctaw County,resolved,2023
AL,Clarke County,01025,01,Clarke County,resolved,2023
AL,Clay County,01027,01,Clay County,resolved,2023
AL,Cleburne County,01029,01,Cleburne County,resolved,2023
AL,Coffee County,01031,01,Coffee County,resolved,2023
AL,Colbert County,01033,01,Colbert County,resolved,2023
AL,Conecuh County,01035,01,Conecuh County,resolved,2023
AL,Coosa County,01037,01,Coosa County,resolved,2023
AL,Covington County,01039,01,Covington County,resolved,2023
AL,Crenshaw County,01041,01,Crenshaw County,resolved,2023
AL,Cullman,01043,01,Cullman County,resolved,2023
AL,Cullman County,01043,01,Cullman County,resolved,2023
AL,Dale County,01045,01,Dale County,resolved,2023
AL,Dallas County,01047,01,Dallas County,resolved,2023
AL,DeKalb County,01049,01,DeKalb County,resolved,2023
AL,Elmore,01051,01,Elmore County,resolved,2023
AL,Elmore County,01051,01,Elmore County,resolved,2023
AL,Escambia County,01053,01,Escambia County,resolved,2023
AL,Etowah County,01055,01,Etowah County,resolved,2023
AL,Fayette County,01057,01,Fayette County,resolved,2023
AL,Franklin County,01059,01,Franklin County,resolved,2023
AL,Geneva County,01061,01,Geneva County,resolved,2023
AL,Greene County,01063,01,Greene County,resolved,2023
AL,Hale County,01065,01,Hale County,resolved,2023
AL,Henry County,01067,01,Henry County,resolved,2023
AL,Houston County,01069,01,Houston County,resolved,2023
AL,Jackson County,01071,01,Jackson County,resolved,2023
AL,Jefferson County,01073,01,Jefferson County,resolved,2023
AL,Lamar County,01075,01,Lamar County,resolved,2023
AL,Lauderdale County,01077,01,Lauderdale County,resolved,2023
AL,Lawrence County,01079,01,Lawrence County,resolved,2023
AL,Lee,01081,01,Lee County,resolved,2023
AL,Lee County,01081,01,Lee County,resolved,2023
AL,Limestone County,01083,01,Limestone County,resolved,2023
AL,Lowndes County,01085,01,Lowndes County,resolved,2023
AL,Macon,01087,01,Macon County,resolved,2023
AL,Macon County,01087,01,Macon County,resolved,2023
AL,Madison,01089,01,Madison County,resolved,2023
AL,Madison County,01089,01,Madison County,resolved,2023
AL,Marengo County,01091,01,Marengo County,resolved,2023
AL,Marion County,01093,01,Marion County,resolved,2023
AL,Marshall County,01095,01,Marshall County,resolved,2023
AL,Mobile,01097,01,Mobile County,resolved,2023
AL,Mobile County,01097,01,Mobile County,resolved,2023
AL,Monroe County,01099,01,Monroe County,resolved,2023
AL,Montgomery,01101,01,Montgomery County,resolved,2023
AL,Montgomery County,01101,01,Montgomery County,resolved,2023
AL,Morgan County,01103,01,Morgan County,resolved,2023
AL,Perry County,01105,01,Perry County,resolved,2023
AL,Pickens County,01107,01,Pickens County,resolved,2023
AL,Pike,01109,01,Pike County,resolved,2023
AL,Pike County,01109,01,Pike County,resolved,2023
AL,Randolph County,01111,01,Randolph County,resolved,2023
AL,Russell County,01113,01,Russell County,resolved,2023
AL,Shelby County,01117,01,Shelby County,resolved,2023
AL,St. Clair County,01115,01,St. Clair County,resolved,2023
AL,Sumter County,01119,01,Sumter County,resolved,2023
AL,Talladega,01121,01,Talladega County,resolved,2023
AL,Talladega County,01121,01,Talladega County,resolved,2023
AL,Tallapoosa County,01123,01,Tallapoosa County,resolved,2023
AL,Tuscaloosa County,01125,01,Tuscaloosa County,resolved,2023
AL,Walker County,01127,01,Walker County,resolved,2023
AL,Washington County,01129,01,Washington County,resolved,2023
AL,Wilcox County,01131,01,Wilcox County,resolved,2023
AL,Winston County,01133,01,Winston County,resolved,2023
AR,Arkansas County,05001,05,Arkansas County,resolved,2023
AR,Ashley County,05003,05,Ashley County,resolved,2023
AR,Baxter County,05005,05,Baxter County,resolved,2023
AR,Benton County,05007,05,Benton County,resolved,2023
AR,Boone County,05009,05,Boone County,resolved,2023
AR,Bradley County,05011,05,Bradley County,resolved,2023
AR,Calhoun County,05013,05,Calhoun County,resolved,2023
AR,Carroll,05015,05,Carroll County,resolved,2023
AR,Carroll County,05015,05,Carroll County,resolved,2023
AR,Chicot County,05017,05,Chicot County,resolved,2023
AR,Clark County,05019,05,Clark County,resolved,2023
AR,Clay County,05021,05,Clay County,resolved,2023
AR,Cleburne County,05023,05,Cleburne County,resolved,2023
AR,Cleveland County,05025,05,Cleveland County,resolved,2023
AR,Columbia,05027,05,Columbia County,resolved,2023
AR,Columbia County,05027,05,Columbia County,resolved,2023
AR,Conway County,05029,05,Conway County,resolved,2023
AR,Craighead County,05031,05,Craighead County,resolved,2023
AR,Crawford County,05033,05,Crawford County,resolved,2023
AR,Crittenden County,05035,05,Crittenden County,resolved,2023
AR,Cross County,05037,05,Cross County,resolved,2023
AR,Dallas County,05039,05,Dallas County,resolved,2023
AR,Desha County,05041,05,Desha County,resolved,2023
AR,Drew County,05043,05,Drew County,resolved,2023
AR,Faulkner County,05045,05,Faulkner County,resolved,2023
AR,Franklin County,05047,05,Franklin County,resolved,2023
AR,Fulton County,05049,05,Fulton County,resolved,2023
AR,Garland County,05051,05,Garland County,resolved,2023
AR,Grant,05053,05,Grant County,resolved,2023
AR,Grant County,05053,05,Grant County,resolved,2023
AR,Greene,05055,05,Greene County,resolved,2023
AR,Greene County,05055,05,Greene County,resolved,2023
AR,Hempstead,05057,05,Hempstead County,resolved,2023
AR,Hempstead County,05057,05,Hempstead County,resolved,2023
AR,Hot Spring County,05059,05,Hot Spring County,resolved,2023
AR,Howard County,05061,05,Howard County,resolved,2023
AR,Independence County,05063,05,Independence County,resolved,2023
AR,Izard County,05065,05,Izard County,resolved,2023
AR,Jackson County,05067,05,Jackson County,resolved,2023
AR,Jefferson County,05069,05,Jefferson County,resolved,2023
AR,Johnson County,05071,05,Johnson County,resolved,2023
AR,Lafayette County,05073,05,Lafayette County,resolved,2023
AR,Lawrence County,05075,05,Lawrence County,resolved,2023
AR,Lee County,05077,05,Lee County,resolved,2023
AR,Lincoln County,05079,05,Lincoln County,resolved,2023
AR,Little River County,05081,05,Little River County,resolved,2023
AR,Logan County,05083,05,Logan County,resolved,2023
AR,Lonoke County,05085,05,Lonoke County,resolved,2023
AR,Madison County,05087,05,Madison County,resolved,2023
AR,Marion County,05089,05,Marion County,resolved,2023
AR,Miller County,05091,05,Miller County,resolved,2023
AR,Mississippi County,05093,05,Mississippi County,resolved,2023
AR,Monroe County,05095,05,Monroe County,resolved,2023
AR,Montgomery County,05097,05,Montgomery County,resolved,2023
AR,Nevada County,05099,05,Nevada County,resolved,2023
AR,Newton County,05101,05,Newton County,resolved,2023
AR,Ouachita County,05103,05,Ouachita County,resolved,2023
AR,Perry County,05105,05,Perry County,resolved,2023
AR,Phillips County,05107,05,Phillips County,resolved,2023
AR,Pike County,05109,05,Pike County,resolved,2023
AR,Poinsett County,05111,05,Poinsett County,resolved,2023
AR,Polk,05113,05,Polk County,resolved,2023
AR,Polk County,05113,05,Polk County,resolved,2023
AR,Pope County,05115,05,Pope County,resolved,2023
AR,Prairie County,05117,05,Prairie County,resolved,2023
AR,Pulaski County,05119,05,Pulaski County,resolved,2023
AR,Randolph County,05121,05,Randolph County,resolved,2023
AR,Saline County,05125,05,Saline County,resolved,2023
AR,Scott County,05127,05,Scott County,resolved,2023
AR,Searcy County,05129,05,Searcy County,resolved,2023
AR,Sebastian County,05131,05,Sebastian County,resolved,2023
AR,Sevier County,05133,05,Sevier County,resolved,2023
AR,Sharp County,05135,05,Sharp County,resolved,2023
AR,St. Francis County,05123,05,St. Francis County,resolved,2023
AR,Stone County,05137,05,Stone County,resolved,2023
AR,Union County,05139,05,Union County,resolved,2023
AR,Van Buren County,05141,05,Van Buren County,resolved,2023
AR,Washington County,05143,05,Washington County,resolved,2023
AR,White County,05145,05,White County,resolved,2023
AR,Woodruff County,05147,05,Woodruff County,resolved,2023
AR,Yell County,05149,05,Yell County,resolved,2023
AS,East,60010,60,Eastern District,resolved,2023
AS,Manu'a,60020,60,Manu'a District,resolved,2023
AS,West,,60,,ambiguous,2023
AZ,Apache County,04001,04,Apache County,resolved,2023
AZ,Cochise County,04003,04,Cochise County,resolved,2023
AZ,Coconino County,04005,04,Coconino County,resolved,2023
AZ,Gila County,04007,04,Gila County,resolved,2023
AZ,Graham County,04009,04,Graham County,resolved,2023
AZ,Greenlee County,04011,04,Greenlee County,resolved,2023
AZ,La Paz County,04012,04,La Paz County,resolved,2023
AZ,Maricopa,04013,04,Maricopa County,resolved,2023
AZ,Maricopa County,04013,04,Maricopa County,resolved,2023
AZ,Mohave County,04015,04,Mohave County,resolved,2023
AZ,Navajo County,04017,04,Navajo County,resolved,2023
AZ,Pima County,04019,04,Pima County,resolved,2023
AZ,Pinal County,04021,04,Pinal County,resolved,2023
AZ,Santa Cruz County,04023,04,Santa Cruz County,resolved,2023
AZ,Yavapai County,04025,04,Yavapai County,resolved,2023
AZ,Yuma,04027,04,Yuma County,resolved,2023
AZ,Yuma County,04027,04,Yuma County,resolved,2023
CA,Alameda,06001,06,Alameda County,resolved,2023
CA,Alameda County,06001,06,Alameda County,resolved,2023
CA,Alpine County,06003,06,Alpine County,resolved,2023
CA,Amador County,06005,06,Amador County,resolved,2023
CA,Butte County,06007,06,Butte County,resolved,2023
CA,Calaveras County,06009,06,Calaveras County,resolved,2023
CA,City and County of San Francisco,06075,06,San Francisco County,resolved,2023
CA,Colusa County,06011,06,Colusa County,resolved,2023
CA,Contra Costa County,06013,06,Contra Costa County,resolved,2023
CA,Del Norte County,06015,06,Del Norte County,resolved,2023
CA,El Dorado County,06017,06,El Dorado County,resolved,2023
CA,Fresno,06019,06,Fresno County,resolved,2023
CA,Fresno County,06019,06,Fresno County,resolved,2023
CA,Glenn County,06021,06,Glenn County,resolved,2023
CA,Humboldt County,06023,06,Humboldt County,resolved,2023
CA,Imperial,06025,06,Imperial County,resolved,2023
CA,Imperial County,06025,06,Imperial County,resolved,2023
CA,Inyo County,06027,06,Inyo County,resolved,2023
CA,Kern County,06029,06,Kern County,resolved,2023
CA,Kings County,06031,06,Kings County,resolved,2023
CA,Lake County,06033,06,Lake County,resolved,2023
CA,Lassen County,06035,06,Lassen County,resolved,2023
CA,Los Angeles,06037,06,Los Angeles County,resolved,2023
CA,Los Angeles County,06037,06,Los Angeles County,resolved,2023
CA,Madera,06039,06,Madera County,resolved,2023
CA,Madera County,06039,06,Madera County,resolved,2023
CA,Marin County,06041,06,Marin County,resolved,2023
CA,Mariposa,06043,06,Mariposa County,resolved,2023
CA,Mariposa County,06043,06,Mariposa County,resolved,2023
CA,Mendocino County,06045,06,Mendocino County,resolved,2023
CA,Merced County,06047,06,Merced County,resolved,2023
CA,Modoc County,06049,06,Modoc County,resolved,2023
CA,Mono County,06051,06,Mono County,resolved,2023
CA,Monterey County,06053,06,Monterey County,resolved,2023
CA,Napa County,06055,06,Napa County,resolved,2023
CA,Nevada,06057,06,Nevada County,resolved,2023
CA,Nevada County,06057,06,Nevada County,resolved,2023
CA,Orange,06059,06,Orange County,resolved,2023
CA,Orange County,06059,06,Orange County,resolved,2023
CA,Placer County,06061,06,Placer County,resolved,2023
CA,Plumas County,06063,06,Plumas County,resolved,2023
CA,Riverside,06065,06,Riverside County,resolved,2023
CA,Riverside County,06065,06,Riverside County,resolved,2023
CA,Sacramento,06067,06,Sacramento County,resolved,2023
CA,Sacramento County,06067,06,Sacramento County,resolved,2023
CA,San Benito County,06069,06,San Benito County,resolved,2023
CA,San Bernardino,06071,06,San Bernardino County,resolved,2023
CA,San Bernardino County,06071,06,San Bernardino County,resolved,2023
CA,San Diego,06073,06,San Diego County,resolved,2023
CA,San Diego County,06073,06,San Diego County,resolved,2023
CA,San Francisco,06075,06,San Francisco County,resolved,2023
CA,San Francisco County,06075,06,San Francisco County,resolved,2023
CA,San Joaquin County,06077,06,San Joaquin County,resolved,2023
CA,San Luis Obispo,06079,06,San Luis Obispo County,resolved,2023
CA,San Luis Obispo County,06079,06,San Luis Obispo County,resolved,2023
CA,San Mateo,06081,06,San Mateo County,resolved,2023
CA,San Mateo County,06081,06,San Mateo County,resolved,2023
CA,Santa Barbara,06083,06,Santa Barbara County,resolved,2023
CA,Santa Barbara County,06083,06,Santa Barbara County,resolved,2023
CA,Santa Clara,06085,06,Santa Clara County,resolved,2023
CA,Santa Clara County,06085,06,Santa Clara County,resolved,2023
CA,Santa Cruz,06087,06,Santa Cruz County,resolved,2023
CA,Santa Cruz County,06087,06,Santa Cruz County,resolved,2023
CA,Shasta,06089,06,Shasta County,resolved,2023
CA,Shasta County,06089,06,Shasta County,resolved,2023
CA,Sierra County,06091,06,Sierra County,resolved,2023
CA,Siskiyou County,06093,06,Siskiyou County,resolved,2023
CA,Solano County,06095,06,Solano County,resolved,2023
CA,Sonoma County,06097,06,Sonoma County,resolved,2023
CA,Stanislaus,06099,06,Stanislaus County,resolved,2023
CA,Stanislaus County,06099,06,Stanislaus County,resolved,2023
CA,Sutter County,06101,06,Sutter County,resolved,2023
CA,Tehama County,06103,06,Tehama County,resolved,2023
CA,Trinity County,06105,06,Trinity County,resolved,2023
CA,Tulare County,06107,06,Tulare County,resolved,2023
CA,Tuolumne County,06109,06,Tuolumne County,resolved,2023
CA,Ventura,06111,06,Ventura County,resolved,2023
CA,Ventura County,06111,06,Ventura County,resolved,2023
CA,Yolo County,06113,06,Yolo County,resolved,2023
CA,Yuba County,06115,06,Yuba County,resolved,2023
CO,Adams County,08001,08,Adams County,resolved,2023
CO,Alamosa County,08003,08,Alamosa County,resolved,2023
CO,Arapahoe County,08005,08,Arapahoe County,resolved,2023
CO,Archuleta County,08007,08,Archuleta County,resolved,2023
CO,Baca County,08009,08,Baca County,resolved,2023
CO,Bent County,08011,08,Bent County,resolved,2023
CO,Boulder,08013,08,Boulder County,resolved,2023
CO,Boulder County,08013,08,Boulder County,resolved,2023
CO,Broomfield,08014,08,Broomfield County,resolved,2023
CO,Broomfield County,08014,08,Broomfield County,resolved,2023
CO,Chaffee County,08015,08,Chaffee County,resolved,2023
CO,Cheyenne County,08017,08,Cheyenne County,resolved,2023
CO,City and County of Broomfield,08014,08,Broomfield County,resolved,2023
CO,City and County of Denver,08031,08,Denver County,resolved,2023
CO,Clear Creek County,08019,08,Clear Creek County,resolved,2023
CO,Conejos County,08021,08,Conejos County,resolved,2023
CO,Costilla County,08023,08,Costilla County,resolved,2023
CO,Crowley County,08025,08,Crowley County,resolved,2023
CO,Custer County,08027,08,Custer County,resolved,2023
CO,Delta County,08029,08,Delta County,resolved,2023
CO,Denver,08031,08,Denver County,resolved,2023
CO,Denver County,08031,08,Denver County,resolved,2023
CO,Dolores County,08033,08,Dolores County,resolved,2023
CO,Douglas County,08035,08,Douglas County,resolved,2023
CO,Eagle,08037,08,Eagle County,resolved,2023
CO,Eagle County,08037,08,Eagle County,resolved,2023
CO,El Paso County,08041,08,El Paso County,resolved,2023
CO,Elbert County,08039,08,Elbert County,resolved,2023
CO,Fremont County,08043,08,Fremont County,resolved,2023
CO,Garfield County,08045,08,Garfield County,resolved,2023
CO,Gilpin County,08047,08,Gilpin County,resolved,2023
CO,Grand,08049,08,Grand County,resolved,2023
CO,Grand County,08049,08,Grand County,resolved,2023
CO,Gunnison County,08051,08,Gunnison County,resolved,2023
CO,Hinsdale County,08053,08,Hinsdale County,resolved,2023
CO,Huerfano County,08055,08,Huerfano County,resolved,2023
CO,Jackson County,08057,08,Jackson County,resolved,2023
CO,Jefferson County,08059,08,Jefferson County,resolved,2023
CO,Kiowa County,08061,08,Kiowa County,resolved,2023
CO,Kit Carson County,08063,08,Kit Carson County,resolved,2023
CO,La Plata County,08067,08,La Plata County,resolved,2023
CO,Lake County,08065,08,Lake County,resolved,2023
CO,Larimer County,08069,08,Larimer County,resolved,2023
CO,Las Animas County,08071,08,Las Animas County,resolved,2023
CO,Lincoln County,08073,08,Lincoln County,resolved,2023
CO,Logan County,08075,08,Logan County,resolved,2023
CO,Mesa County,08077,08,Mesa County,resolved,2023
CO,Mineral County,08079,08,Mineral County,resolved,2023
CO,Moffat County,08081,08,Moffat County,resolved,2023
CO,Montezuma County,08083,08,Montezuma County,resolved,2023
CO,Montrose County,08085,08,Montrose County,resolved,2023
CO,Morgan County,08087,08,Morgan County,resolved,2023
CO,Otero County,08089,08,Otero County,resolved,2023
CO,Ouray County,08091,08,Ouray County,resolved,2023
CO,Park County,08093,08,Park County,resolved,2023
CO,Phillips County,08095,08,Phillips County,resolved,2023
CO,Pitkin County,08097,08,Pitkin County,resolved,2023
CO,Prowers County,08099,08,Prowers County,resolved,2023
CO,Pueblo County,08101,08,Pueblo County,resolved,2023
CO,Rio Blanco County,08103,08,Rio Blanco County,resolved,2023
CO,Rio Grande County,08105,08,Rio Grande County,resolved,2023
CO,Routt County,08107,08,Routt County,resolved,2023
CO,Saguache County,08109,08,Saguache County,resolved,2023
CO,San Juan County,08111,08,San Juan County,resolved,2023
CO,San Miguel County,08113,08,San Miguel County,resolved,2023
CO,Sedgwick County,08115,08,Sedgwick County,resolved,2023
CO,Summit County,08117,08,Summit County,resolved,2023
CO,Teller County,08119,08,Teller County,resolved,2023
CO,Washington County,08121,08,Washington County,resolved,2023
CO,Weld,08123,08,Weld County,resolved,2023
CO,Weld County,08123,08,Weld County,resolved,2023
CO,Yuma County,08125,08,Yuma County,resolved,2023
CT,Fairfield,09120,09,Greater Bridgeport Planning Region,resolved,2023
CT,Fairfield County,,09,,ambiguous,2023
CT,Hartford,09110,09,Capitol Planning Region,resolved,2023
CT,Hartford County,09110,09,Capitol Planning Region,resolved,2023
CT,Litchfield County,,09,,ambiguous,2023
CT,Middlesex County,09130,09,Lower Connecticut River Valley Planning Region,resolved,2023
CT,New Haven,09170,09,South Central Connecticut Planning Region,resolved,2023
CT,New Haven County,,09,,ambiguous,2023
CT,New London County,09180,09,Southeastern Connecticut Planning Region,resolved,2023
CT,Tolland County,09110,09,Capitol Planning Region,resolved,2023
CT,Westchester County,,,,unresolved,2023
CT,Windham County,,09,,ambiguous,2023
DC,District of Columbia,11001,11,District of Columbia,resolved,2023
DC,Washington DC,11001,11,District of Columbia,resolved,2023
DE,Dorchester County,,,,unresolved,2023
DE,Kent,10001,10,Kent County,resolved,2023
DE,Kent County,10001,10,Kent County,resolved,2023
DE,New Castle,10003,10,New Castle County,resolved,2023
DE,New Castle County,10003,10,New Castle County,resolved,2023
DE,Sussex County,10005,10,Sussex County,resolved,2023
FL,Alachua,12001,12,Alachua County,resolved,2023
FL,Alachua County,12001,12,Alachua County,resolved,2023
FL,Baker County,12003,12,Baker County,resolved,2023
FL,Bay County,12005,12,Bay County,resolved,2023
FL,Bradford County,12007,12,Bradford County,resolved,2023
FL,Brevard County,12009,12,Brevard County,resolved,2023
FL,Broward County,12011,12,Broward County,resolved,2023
FL,Calhoun County,12013,12,Calhoun County,resolved,2023
FL,Charlotte,12015,12,Charlotte County,resolved,2023
FL,Charlotte County,12015,12,Charlotte County,resolved,2023
FL,Citrus County,12017,12,Citrus County,resolved,2023
FL,Clay County,12019,12,Clay County,resolved,2023
FL,Collier County,12021,12,Collier County,resolved,2023
FL,Columbia County,12023,12,Columbia County,resolved,2023
FL,DeSoto County,12027,12,DeSoto County,resolved,2023
FL,Dixie County,12029,12,Dixie County,resolved,2023
FL,Duval County,12031,12,Duval County,resolved,2023
FL,Escambia County,12033,12,Escambia County,resolved,2023
FL,Flagler County,12035,12,Flagler County,resolved,2023
FL,Franklin County,12037,12,Franklin County,resolved,2023
FL,Gadsden County,12039,12,Gadsden County,resolved,2023
FL,Gilchrist County,12041,12,Gilchrist County,resolved,2023
FL,Glades County,12043,12,Glades County,resolved,2023
FL,Gulf County,12045,12,Gulf County,resolved,2023
FL,Hamilton County,12047,12,Hamilton County,resolved,2023
FL,Hardee County,12049,12,Hardee County,resolved,2023
FL,Hendry County,12051,12,Hendry County,resolved,2023
FL,Hernando County,12053,12,Hernando County,resolved,2023
FL,Highlands County,12055,12,Highlands County,resolved,2023
FL,Hillsborough County,12057,12,Hillsborough County,resolved,2023
FL,Holmes County,12059,12,Holmes County,resolved,2023
FL,Indian River County,12061,12,Indian River County,resolved,2023
FL,Jackson County,12063,12,Jackson County,resolved,2023
FL,Jefferson County,12065,12,Jefferson County,resolved,2023
FL,Lafayette County,12067,12,Lafayette County,resolved,2023
FL,Lake,12069,12,Lake County,resolved,2023
FL,Lake County,12069,12,Lake County,resolved,2023
FL,Lee County,12071,12,Lee County,resolved,2023
FL,Leon County,12073,12,Leon County,resolved,2023
FL,Levy County,12075,12,Levy County,resolved,2023
FL,Liberty County,12077,12,Liberty County,resolved,2023
FL,Madison County,12079,12,Madison County,resolved,2023
FL,Manatee County,12081,12,Manatee County,resolved,2023
FL,Marion,12083,12,Marion County,resolved,2023
FL,Marion County,12083,12,Marion County,resolved,2023
FL,Martin County,12085,12,Martin County,resolved,2023
FL,Miami-Dade,12086,12,Miami-Dade County,resolved,2023
FL,Miami-Dade County,12086,12,Miami-Dade County,resolved,2023
FL,Monroe County,12087,12,Monroe County,resolved,2023
FL,Nassau County,12089,12,Nassau County,resolved,2023
FL,Okaloosa County,12091,12,Okaloosa County,resolved,2023
FL,Okeechobee County,12093,12,Okeechobee County,resolved,2023
FL,Orange County,12095,12,Orange County,resolved,2023
FL,Osceola County,12097,12,Osceola County,resolved,2023
FL,Palm Beach,12099,12,Palm Beach County,resolved,2023
FL,Palm Beach County,12099,12,Palm Beach County,resolved,2023
FL,Pasco,12101,12,Pasco County,resolved,2023
FL,Pasco County,12101,12,Pasco County,resolved,2023
FL,Pinellas,12103,12,Pinellas County,resolved,2023
FL,Pinellas County,12103,12,Pinellas County,resolved,2023
FL,Polk,12105,12,Polk County,resolved,2023
FL,Polk County,12105,12,Polk County,resolved,2023
FL,Putnam County,12107,12,Putnam County,resolved,2023
FL,Santa Rosa County,12113,12,Santa Rosa County,resolved,2023
FL,Sarasota,12115,12,Sarasota County,resolved,2023
FL,Sarasota County,12115,12,Sarasota County,resolved,2023
FL,Seminole,12117,12,Seminole County,resolved,2023
FL,Seminole County,12117,12,Seminole County,resolved,2023
FL,St Johns,12109,12,St. Johns County,resolved,2023
FL,St Lucie,12111,12,St. Lucie County,resolved,2023
FL,St. Johns County,12109,12,St. Johns County,resolved,2023
FL,St. Lucie County,12111,12,St. Lucie County,resolved,2023
FL,Sumter County,12119,12,Sumter County,resolved,2023
FL,Suwannee County,12121,12,Suwannee County,resolved,2023
FL,Taylor County,12123,12,Taylor County,resolved,2023
FL,Union County,12125,12,Union County,resolved,2023
FL,Volusia,12127,12,Volusia County,resolved,2023
FL,Volusia County,12127,12,Volusia County,resolved,2023
FL,Wakulla County,12129,12,Wakulla County,resolved,2023
FL,Walton County,12131,12,Walton County,resolved,2023
FL,Washington County,12133,12,Washington County,resolved,2023
GA,Appling County,13001,13,Appling County,resolved,2023
GA,Atkinson County,13003,13,Atkinson County,resolved,2023
GA,Bacon County,13005,13,Bacon County,resolved,2023
GA,Baker County,13007,13,Baker County,resolved,2023
GA,Baldwin County,13009,13,Baldwin County,resolved,2023
GA,Banks County,13011,13,Banks County,resolved,2023
GA,Barrow County,13013,13,Barrow County,resolved,2023
GA,Bartow County,13015,13,Bartow County,resolved,2023
GA,Ben Hill County,13017,13,Ben Hill County,resolved,2023
GA,Berrien County,13019,13,Berrien County,resolved,2023
GA,Bibb County,13021,13,Bibb County,resolved,2023
GA,Bleckley County,13023,13,Bleckley County,resolved,2023
GA,Brantley County,13025,13,Brantley County,resolved,2023
GA,Brooks County,13027,13,Brooks County,resolved,2023
GA,Bryan County,13029,13,Bryan County,resolved,2023
GA,Bulloch County,13031,13,Bulloch County,resolved,2023
GA,Burke County,13033,13,Burke County,resolved,2023
GA,Butts County,13035,13,Butts County,resolved,2023
GA,Calhoun County,13037,13,Calhoun County,resolved,2023
GA,Camden County,13039,13,Camden County,resolved,2023
GA,Candler County,13043,13,Candler County,resolved,2023
GA,Carroll County,13045,13,Carroll County,resolved,2023
GA,Catoosa County,13047,13,Catoosa County,resolved,2023
GA,Charlton County,13049,13,Charlton County,resolved,2023
GA,Chatham County,13051,13,Chatham County,resolved,2023
GA,Chattahoochee County,13053,13,Chattahoochee County,resolved,2023
GA,Chattooga County,13055,13,Chattooga County,resolved,2023
GA,Cherokee County,13057,13,Cherokee County,resolved,2023
GA,Clarke,13059,13,Clarke County,resolved,2023
GA,Clarke County,13059,13,Clarke County,resolved,2023
GA,Clay County,13061,13,Clay County,resolved,2023
GA,Clayton County,13063,13,Clayton County,resolved,2023
GA,Clinch County,13065,13,Clinch County,resolved,2023
GA,Cobb County,13067,13,Cobb County,resolved,2023
GA,Coffee County,13069,13,Coffee County,resolved,2023
GA,Colquitt County,13071,13,Colquitt County,resolved,2023
GA,Columbia County,13073,13,Columbia County,resolved,2023
GA,Cook County,13075,13,Cook County,resolved,2023
GA,Coweta County,13077,13,Coweta County,resolved,2023
GA,Crawford County,13079,13,Crawford County,resolved,2023
GA,Crisp County,13081,13,Crisp County,resolved,2023
GA,Dade County,13083,13,Dade County,resolved,2023
GA,Dawson County,13085,13,Dawson County,resolved,2023
GA,DeKalb,13089,13,DeKalb County,resolved,2023
GA,DeKalb County,13089,13,DeKalb County,resolved,2023
GA,Decatur County,13087,13,Decatur County,resolved,2023
GA,Dodge County,13091,13,Dodge County,resolved,2023
GA,Dooly County,13093,13,Dooly County,resolved,2023
GA,Dougherty County,13095,13,Dougherty County,resolved,2023
GA,Douglas County,13097,13,Douglas County,resolved,2023
GA,Early County,13099,13,Early County,resolved,2023
GA,Echols County,13101,13,Echols County,resolved,2023
GA,Effingham County,13103,13,Effingham County,resolved,2023
GA,Elbert County,13105,13,Elbert County,resolved,2023
GA,Emanuel County,13107,13,Emanuel County,resolved,2023
GA,Evans County,13109,13,Evans County,resolved,2023
GA,Fannin County,13111,13,Fannin County,resolved,2023
GA,Fayette County,13113,13,Fayette County,resolved,2023
GA,Floyd County,13115,13,Floyd County,resolved,2023
GA,Forsyth County,13117,13,Forsyth County,resolved,2023
GA,Franklin,13119,13,Franklin County,resolved,2023
GA,Franklin County,13119,13,Franklin County,resolved,2023
GA,Fulton,13121,13,Fulton County,resolved,2023
GA,Fulton County,13121,13,Fulton County,resolved,2023
GA,Gilmer County,13123,13,Gilmer County,resolved,2023
GA,Glascock County,13125,13,Glascock County,resolved,2023
GA,Glynn County,13127,13,Glynn County,resolved,2023
GA,Gordon County,13129,13,Gordon County,resolved,2023
GA,Grady County,13131,13,Grady County,resolved,2023
GA,Greene County,13133,13,Greene County,resolved,2023
GA,Gwinnett County,13135,13,Gwinnett County,resolved,2023
GA,Habersham County,13137,13,Habersham County,resolved,2023
GA,Hall,13139,13,Hall County,resolved,2023
GA,Hall County,13139,13,Hall County,resolved,2023
GA,Hancock County,13141,13,Hancock County,resolved,2023
GA,Haralson County,13143,13,Haralson County,resolved,2023
GA,Harris County,13145,13,Harris County,resolved,2023
GA,Hart County,13147,13,Hart County,resolved,2023
GA,Heard County,13149,13,Heard County,resolved,2023
GA,Henry County,13151,13,Henry County,resolved,2023
GA,Houston County,13153,13,Houston County,resolved,2023
GA,Irwin,13155,13,Irwin County,resolved,2023
GA,Irwin County,13155,13,Irwin County,resolved,2023
GA,Jackson County,13157,13,Jackson County,resolved,2023
GA,Jasper County,13159,13,Jasper County,resolved,2023
GA,Jeff Davis County,13161,13,Jeff Davis County,resolved,2023
GA,Jefferson County,13163,13,Jefferson County,resolved,2023
GA,Jenkins County,13165,13,Jenkins County,resolved,2023
GA,Johnson County,13167,13,Johnson County,resolved,2023
GA,Jones County,13169,13,Jones County,resolved,2023
GA,Lamar County,13171,13,Lamar County,resolved,2023
GA,Lanier County,13173,13,Lanier County,resolved,2023
GA,Laurens County,13175,13,Laurens County,resolved,2023
GA,Lee County,13177,13,Lee County,resolved,2023
GA,Liberty,13179,13,Liberty County,resolved,2023
GA,Liberty County,13179,13,Liberty County,resolved,2023
GA,Lincoln County,13181,13,Lincoln County,resolved,2023
GA,Long County,13183,13,Long County,resolved,2023
GA,Lowndes County,13185,13,Lowndes County,resolved,2023
GA,Lumpkin County,13187,13,Lumpkin County,resolved,2023
GA,Macon County,13193,13,Macon County,resolved,2023
GA,Madison County,13195,13,Madison County,resolved,2023
GA,Marion County,13197,13,Marion County,resolved,2023
GA,McDuffie County,13189,13,McDuffie County,resolved,2023
GA,McIntosh County,13191,13,McIntosh County,resolved,2023
GA,Meriwether County,13199,13,Meriwether County,resolved,2023
GA,Miller County,13201,13,Miller County,resolved,2023
GA,Mitchell County,13205,13,Mitchell County,resolved,2023
GA,Monroe County,13207,13,Monroe County,resolved,2023
GA,Montgomery County,13209,13,Montgomery County,resolved,2023
GA,Morgan County,13211,13,Morgan County,resolved,2023
GA,Murray County,13213,13,Murray County,resolved,2023
GA,Muscogee County,13215,13,Muscogee County,resolved,2023
GA,Newton County,13217,13,Newton County,resolved,2023
GA,Oconee County,13219,13,Oconee County,resolved,2023
GA,Oglethorpe County,13221,13,Oglethorpe County,resolved,2023
GA,Paulding County,13223,13,Paulding County,resolved,2023
GA,Peach County,13225,13,Peach County,resolved,2023
GA,Pickens County,13227,13,Pickens County,resolved,2023
GA,Pierce County,13229,13,Pierce County,resolved,2023
GA,Pike County,13231,13,Pike County,resolved,2023
GA,Polk County,13233,13,Polk County,resolved,2023
GA,Pulaski County,13235,13,Pulaski County,resolved,2023
GA,Putnam County,13237,13,Putnam County,resolved,2023
GA,Quitman County,13239,13,Quitman County,resolved,2023
GA,Rabun County,13241,13,Rabun County,resolved,2023
GA,Randolph County,13243,13,Randolph County,resolved,2023
GA,Richmond,13245,13,Richmond County,resolved,2023
GA,Richmond County,13245,13,Richmond County,resolved,2023
GA,Rockdale County,13247,13,Rockdale County,resolved,2023
GA,Schley County,13249,13,Schley County,resolved,2023
GA,Screven County,13251,13,Screven County,resolved,2023
GA,Seminole County,13253,13,Seminole County,resolved,2023
GA,Spalding County,13255,13,Spalding County,resolved,2023
GA,Stephens County,13257,13,Stephens County,resolved,2023
GA,Stewart County,13259,13,Stewart County,resolved,2023
GA,Sumter County,13261,13,Sumter County,resolved,2023
GA,Talbot County,13263,13,Talbot County,resolved,2023
GA,Taliaferro County,13265,13,Taliaferro County,resolved,2023
GA,Tattnall County,13267,13,Tattnall County,resolved,2023
GA,Taylor County,13269,13,Taylor County,resolved,2023
GA,Telfair County,13271,13,Telfair County,resolved,2023
GA,Terrell County,13273,13,Terrell County,resolved,2023
GA,Thomas County,13275,13,Thomas County,resolved,2023
GA,Tift County,13277,13,Tift County,resolved,2023
GA,Toombs County,13279,13,Toombs County,resolved,2023
GA,Towns County,13281,13,Towns County,resolved,2023
GA,Treutlen County,13283,13,Treutlen County,resolved,2023
GA,Troup County,13285,13,Troup County,resolved,2023
GA,Turner County,13287,13,Turner County,resolved,2023
GA,Twiggs County,13289,13,Twiggs County,resolved,2023
GA,Union County,13291,13,Union County,resolved,2023
GA,Upson County,13293,13,Upson County,resolved,2023
GA,Walker County,13295,13,Walker County,resolved,2023
GA,Walton County,13297,13,Walton County,resolved,2023
GA,Ware County,13299,13,Ware County,resolved,2023
GA,Warren County,13301,13,Warren County,resolved,2023
GA,Washington County,13303,13,Washington County,resolved,2023
GA,Wayne County,13305,13,Wayne County,resolved,2023
GA,Webster County,13307,13,Webster County,resolved,2023
GA,Wheeler County,13309,13,Wheeler County,resolved,2023
GA,White County,13311,13,White County,resolved,2023
GA,Whitfield County,13313,13,Whitfield County,resolved,2023
GA,Wilcox County,13315,13,Wilcox County,resolved,2023
GA,Wilkes County,13317,13,Wilkes County,resolved,2023
GA,Wilkinson County,13319,13,Wilkinson County,resolved,2023
GA,Worth County,13321,13,Worth County,resolved,2023
HI,City and County of Honolulu,15003,15,Honolulu County,resolved,2023
HI,Hawaii County,15001,15,Hawaii County,resolved,2023
HI,Honolulu,15003,15,Honolulu County,resolved,2023
HI,Honolulu County,15003,15,Honolulu County,resolved,2023
HI,Kalawao County,15005,15,Kalawao County,resolved,2023
HI,Kauai,15007,15,Kauai County,resolved,2023
HI,Kauai County,15007,15,Kauai County,resolved,2023
HI,Maui,15009,15,Maui County,resolved,2023
HI,Maui County,15009,15,Maui County,resolved,2023
IA,Adair County,19001,19,Adair County,resolved,2023
IA,Adams County,19003,19,Adams County,resolved,2023
IA,Allamakee County,19005,19,Allamakee County,resolved,2023
IA,Appanoose County,19007,19,Appanoose County,resolved,2023
IA,Audubon County,19009,19,Audubon County,resolved,2023
IA,Benton County,19011,19,Benton County,resolved,2023
IA,Black Hawk County,19013,19,Black Hawk County,resolved,2023
IA,Boone County,19015,19,Boone County,resolved,2023
IA,Bremer County,19017,19,Bremer County,resolved,2023
IA,Buchanan County,19019,19,Buchanan County,resolved,2023
IA,Buena Vista County,19021,19,Buena Vista County,resolved,2023
IA,Butler County,19023,19,Butler County,resolved,2023
IA,Calhoun County,19025,19,Calhoun County,resolved,2023
IA,Carroll County,19027,19,Carroll County,resolved,2023
IA,Cass County,19029,19,Cass County,resolved,2023
IA,Cedar,19031,19,Cedar County,resolved,2023
IA,Cedar County,19031,19,Cedar County,resolved,2023
IA,Cerro Gordo County,19033,19,Cerro Gordo County,resolved,2023
IA,Cherokee County,19035,19,Cherokee County,resolved,2023
IA,Chickasaw County,19037,19,Chickasaw County,resolved,2023
IA,Clarke County,19039,19,Clarke County,resolved,2023
IA,Clay County,19041,19,Clay County,resolved,2023
IA,Clayton County,19043,19,Clayton County,resolved,2023
IA,Clinton County,19045,19,Clinton County,resolved,2023
IA,Crawford County,19047,19,Crawford County,resolved,2023
IA,Dallas,19049,19,Dallas County,resolved,2023
IA,Dallas County,19049,19,Dallas County,resolved,2023
IA,Davis County,19051,19,Davis County,resolved,2023
IA,Decatur County,19053,19,Decatur County,resolved,2023
IA,Delaware County,19055,19,Delaware County,resolved,2023
IA,Des Moines County,19057,19,Des Moines County,resolved,2023
IA,Dickinson County,19059,19,Dickinson County,resolved,2023
IA,Dubuque County,19061,19,Dubuque County,resolved,2023
IA,Emmet County,19063,19,Emmet County,resolved,2023
IA,Fayette County,19065,19,Fayette County,resolved,2023
IA,Floyd County,19067,19,Floyd County,resolved,2023
IA,Franklin County,19069,19,Franklin County,resolved,2023
IA,Fremont County,19071,19,Fremont County,resolved,2023
IA,Greene County,19073,19,Greene County,resolved,2023
IA,Grundy County,19075,19,Grundy County,resolved,2023
IA,Guthrie County,19077,19,Guthrie County,resolved,2023
IA,Hamilton County,19079,19,Hamilton County,resolved,2023
IA,Hancock County,19081,19,Hancock County,resolved,2023
IA,Hardin County,19083,19,Hardin County,resolved,2023
IA,Harrison County,19085,19,Harrison County,resolved,2023
IA,Henry County,19087,19,Henry County,resolved,2023
IA,Howard County,19089,19,Howard County,resolved,2023
IA,Humboldt County,19091,19,Humboldt County,resolved,2023
IA,Ida County,19093,19,Ida County,resolved,2023
IA,Iowa County,19095,19,Iowa County,resolved,2023
IA,Jackson County,19097,19,Jackson County,resolved,2023
IA,Jasper County,19099,19,Jasper County,resolved,2023
IA,Jefferson County,19101,19,Jefferson County,resolved,2023
IA,Johnson County,19103,19,Johnson County,resolved,2023
IA,Jones County,19105,19,Jones County,resolved,2023
IA,Keokuk County,19107,19,Keokuk County,resolved,2023
IA,Kossuth County,19109,19,Kossuth County,resolved,2023
IA,Lee County,19111,19,Lee County,resolved,2023
IA,Linn County,19113,19,Linn County,resolved,2023
IA,Louisa County,19115,19,Louisa County,resolved,2023
IA,Lucas County,19117,19,Lucas County,resolved,2023
IA,Lyon County,19119,19,Lyon County,resolved,2023
IA,Madison County,19121,19,Madison County,resolved,2023
IA,Mahaska County,19123,19,Mahaska County,resolved,2023
IA,Marion County,19125,19,Marion County,resolved,2023
IA,Marshall County,19127,19,Marshall County,resolved,2023
IA,Mills County,19129,19,Mills County,resolved,2023
IA,Mitchell County,19131,19,Mitchell County,resolved,2023
IA,Monona County,19133,19,Monona County,resolved,2023
IA,Monroe County,19135,19,Monroe County,resolved,2023
IA,Montgomery County,19137,19,Montgomery County,resolved,2023
IA,Muscatine County,19139,19,Muscatine County,resolved,2023
IA,O'Brien County,19141,19,O'Brien County,resolved,2023
IA,Osceola County,19143,19,Osceola County,resolved,2023
IA,Page County,19145,19,Page County,resolved,2023
IA,Palo Alto County,19147,19,Palo Alto County,resolved,2023
IA,Plymouth County,19149,19,Plymouth County,resolved,2023
IA,Pocahontas County,19151,19,Pocahontas County,resolved,2023
IA,Polk County,19153,19,Polk County,resolved,2023
IA,Pottawattamie County,19155,19,Pottawattamie County,resolved,2023
IA,Poweshiek County,19157,19,Poweshiek County,resolved,2023
IA,Ringgold,19159,19,Ringgold County,resolved,2023
IA,Ringgold County,19159,19,Ringgold County,resolved,2023
IA,Sac County,19161,19,Sac County,resolved,2023
IA,Scott County,19163,19,Scott County,resolved,2023
IA,Shelby County,19165,19,Shelby County,resolved,2023
IA,Sioux County,19167,19,Sioux County,resolved,2023
IA,Story County,19169,19,Story County,resolved,2023
IA,Tama County,19171,19,Tama County,resolved,2023
IA,Taylor County,19173,19,Taylor County,resolved,2023
IA,Union County,19175,19,Union County,resolved,2023
IA,Van Buren County,19177,19,Van Buren County,resolved,2023
IA,Wapello County,19179,19,Wapello County,resolved,2023
IA,Warren County,19181,19,Warren County,resolved,2023
IA,Washington County,19183,19,Washington County,resolved,2023
IA,Wayne County,19185,19,Wayne County,resolved,2023
IA,Webster County,19187,19,Webster County,resolved,2023
IA,Winnebago County,19189,19,Winnebago County,resolved,2023
IA,Winneshiek County,19191,19,Winneshiek County,resolved,2023
IA,Woodbury County,19193,19,Woodbury County,resolved,2023
IA,Worth County,19195,19,Worth County,resolved,2023
IA,Wright County,19197,19,Wright County,resolved,2023
ID,Ada County,16001,16,Ada County,resolved,2023
ID,Adams County,16003,16,Adams County,resolved,2023
ID,Bannock County,16005,16,Bannock County,resolved,2023
ID,Bear Lake County,16007,16,Bear Lake County,resolved,2023
ID,Benewah County,16009,16,Benewah County,resolved,2023
ID,Bingham County,16011,16,Bingham County,resolved,2023
ID,Blaine County,16013,16,Blaine County,resolved,2023
ID,Boise County,16015,16,Boise County,resolved,2023
ID,Bonner,16017,16,Bonner County,resolved,2023
ID,Bonner County,16017,16,Bonner County,resolved,2023
ID,Bonneville County,16019,16,Bonneville County,resolved,2023
ID,Boundary County,16021,16,Boundary County,resolved,2023
ID,Butte County,16023,16,Butte County,resolved,2023
ID,Camas County,16025,16,Camas County,resolved,2023
ID,Canyon County,16027,16,Canyon County,resolved,2023
ID,Caribou County,16029,16,Caribou County,resolved,2023
ID,Cassia County,16031,16,Cassia County,resolved,2023
ID,Clark County,16033,16,Clark County,resolved,2023
ID,Clearwater County,16035,16,Clearwater County,resolved,2023
ID,Custer County,16037,16,Custer County,resolved,2023
ID,Elmore County,16039,16,Elmore County,resolved,2023
ID,Franklin County,16041,16,Franklin County,resolved,2023
ID,Fremont County,16043,16,Fremont County,resolved,2023
ID,Gem County,16045,16,Gem County,resolved,2023
ID,Gooding County,16047,16,Gooding County,resolved,2023
ID,Idaho County,16049,16,Idaho County,resolved,2023
ID,Jefferson County,16051,16,Jefferson County,resolved,2023
ID,Jerome County,16053,16,Jerome County,resolved,2023
ID,Kootenai County,16055,16,Kootenai County,resolved,2023
ID,Latah County,16057,16,Latah County,resolved,2023
ID,Lemhi County,16059,16,Lemhi County,resolved,2023
ID,Lewis County,16061,16,Lewis County,resolved,2023
ID,Lincoln County,16063,16,Lincoln County,resolved,2023
ID,Madison County,16065,16,Madison County,resolved,2023
ID,Minidoka County,16067,16,Minidoka County,resolved,2023
ID,Nez Perce County,16069,16,Nez Perce County,resolved,2023
ID,Oneida County,16071,16,Oneida County,resolved,2023
ID,Owyhee County,16073,16,Owyhee County,resolved,2023
ID,Payette County,16075,16,Payette County,resolved,2023
ID,Power County,16077,16,Power County,resolved,2023
ID,Shoshone County,16079,16,Shoshone County,resolved,2023
ID,Teton County,16081,16,Teton County,resolved,2023
ID,Twin Falls County,16083,16,Twin Falls County,resolved,2023
ID,Valley County,16085,16,Valley County,resolved,2023
ID,Washington County,16087,16,Washington County,resolved,2023
ID,Whitman County,,,,unresolved,2023
IL,Adams County,17001,17,Adams County,resolved,2023
IL,Alexander County,17003,17,Alexander County,resolved,2023
IL,Bond County,17005,17,Bond County,resolved,2023
IL,Boone County,17007,17,Boone County,resolved,2023
IL,Brown County,17009,17,Brown County,resolved,2023
IL,Bureau,17011,17,Bureau County,resolved,2023
IL,Bureau County,17011,17,Bureau County,resolved,2023
IL,Calhoun County,17013,17,Calhoun County,resolved,2023
IL,Carroll County,17015,17,Carroll County,resolved,2023
IL,Cass County,17017,17,Cass County,resolved,2023
IL,Champaign,17019,17,Champaign County,resolved,2023
IL,Champaign County,17019,17,Champaign County,resolved,2023
IL,Christian County,17021,17,Christian County,resolved,2023
IL,Clark County,17023,17,Clark County,resolved,2023
IL,Clay County,17025,17,Clay County,resolved,2023
IL,Clinton County,17027,17,Clinton County,resolved,2023
IL,Coles County,17029,17,Coles County,resolved,2023
IL,Cook County,17031,17,Cook County,resolved,2023
IL,Crawford County,17033,17,Crawford County,resolved,2023
IL,Cumberland County,17035,17,Cumberland County,resolved,2023
IL,De Witt County,17039,17,De Witt County,resolved,2023
IL,DeKalb County,17037,17,DeKalb County,resolved,2023
IL,Dekalb,17037,17,DeKalb County,resolved,2023
IL,Douglas County,17041,17,Douglas County,resolved,2023
IL,DuPage County,17043,17,DuPage County,resolved,2023
IL,Edgar County,17045,17,Edgar County,resolved,2023
IL,Edwards County,17047,17,Edwards County,resolved,2023
IL,Effingham County,17049,17,Effingham County,resolved,2023
IL,Fayette County,17051,17,Fayette County,resolved,2023
IL,Ford County,17053,17,Ford County,resolved,2023
IL,Franklin County,17055,17,Franklin County,resolved,2023
IL,Fulton County,17057,17,Fulton County,resolved,2023
IL,Gallatin County,17059,17,Gallatin County,resolved,2023
IL,Greene County,17061,17,Greene County,resolved,2023
IL,Grundy County,17063,17,Grundy County,resolved,2023
IL,Hamilton County,17065,17,Hamilton County,resolved,2023
IL,Hancock County,17067,17,Hancock County,resolved,2023
IL,Hardin County,17069,17,Hardin County,resolved,2023
IL,Henderson County,17071,17,Henderson County,resolved,2023
IL,Henry County,17073,17,Henry County,resolved,2023
IL,Iroquois County,17075,17,Iroquois County,resolved,2023
IL,Jackson County,17077,17,Jackson County,resolved,2023
IL,Jasper County,17079,17,Jasper County,resolved,2023
IL,Jefferson County,17081,17,Jefferson County,resolved,2023
IL,Jersey County,17083,17,Jersey County,resolved,2023
IL,Jo Daviess County,17085,17,Jo Daviess County,resolved,2023
IL,Johnson County,17087,17,Johnson County,resolved,2023
IL,Kane County,17089,17,Kane County,resolved,2023
IL,Kankakee,17091,17,Kankakee County,resolved,2023
IL,Kankakee County,17091,17,Kankakee County,resolved,2023
IL,Kendall County,17093,17,Kendall County,resolved,2023
IL,Knox,17095,17,Knox County,resolved,2023
IL,Knox County,17095,17,Knox County,resolved,2023
IL,LaSalle County,17099,17,LaSalle County,resolved,2023
IL,Lake,17097,17,Lake County,resolved,2023
IL,Lake County,17097,17,Lake County,resolved,2023
IL,Lawrence County,17101,17,Lawrence County,resolved,2023
IL,Lee County,17103,17,Lee County,resolved,2023
IL,Livingston County,17105,17,Livingston County,resolved,2023
IL,Logan County,17107,17,Logan County,resolved,2023
IL,Macon County,17115,17,Macon County,resolved,2023
IL,Macoupin County,17117,17,Macoupin County,resolved,2023
IL,Madison County,17119,17,Madison County,resolved,2023
IL,Marion County,17121,17,Marion County,resolved,2023
IL,Marshall County,17123,17,Marshall County,resolved,2023
IL,Mason County,17125,17,Mason County,resolved,2023
IL,Massac County,17127,17,Massac County,resolved,2023
IL,McDonough County,17109,17,McDonough County,resolved,2023
IL,McHenry County,17111,17,McHenry County,resolved,2023
IL,McLean,17113,17,McLean County,resolved,2023
IL,McLean County,17113,17,McLean County,resolved,2023
IL,Menard County,17129,17,Menard County,resolved,2023
IL,Mercer County,17131,17,Mercer County,resolved,2023
IL,Monroe County,17133,17,Monroe County,resolved,2023
IL,Montgomery County,17135,17,Montgomery County,resolved,2023
IL,Morgan County,17137,17,Morgan County,resolved,2023
IL,Moultrie County,17139,17,Moultrie County,resolved,2023
IL,Ogle County,17141,17,Ogle County,resolved,2023
IL,Peoria,17143,17,Peoria County,resolved,2023
IL,Peoria County,17143,17,Peoria County,resolved,2023
IL,Perry,17145,17,Perry County,resolved,2023
IL,Perry County,17145,17,Perry County,resolved,2023
IL,Piatt County,17147,17,Piatt County,resolved,2023
IL,Pike County,17149,17,Pike County,resolved,2023
IL,Pope County,17151,17,Pope County,resolved,2023
IL,Pulaski County,17153,17,Pulaski County,resolved,2023
IL,Putnam County,17155,17,Putnam County,resolved,2023
IL,Randolph County,17157,17,Randolph County,resolved,2023
IL,Richland County,17159,17,Richland County,resolved,2023
IL,Rock Island County,17161,17,Rock Island County,resolved,2023
IL,Saline,17165,17,Saline County,resolved,2023
IL,Saline County,17165,17,Saline County,resolved,2023
IL,Sangamon County,17167,17,Sangamon County,resolved,2023
IL,Schuyler County,17169,17,Schuyler County,resolved,2023
IL,Scott County,17171,17,Scott County,resolved,2023
IL,Shelby County,17173,17,Shelby County,resolved,2023
IL,St. Clair County,17163,17,St. Clair County,resolved,2023
IL,Stark County,17175,17,Stark County,resolved,2023
IL,Stephenson County,17177,17,Stephenson County,resolved,2023
IL,Tazewell County,17179,17,Tazewell County,resolved,2023
IL,Union County,17181,17,Union County,resolved,2023
IL,Vermilion County,17183,17,Vermilion County,resolved,2023
IL,Wabash County,17185,17,Wabash County,resolved,2023
IL,Warren County,17187,17,Warren County,resolved,2023
IL,Washington County,17189,17,Washington County,resolved,2023
IL,Wayne County,17191,17,Wayne County,resolved,2023
IL,White County,17193,17,White County,resolved,2023
IL,Whiteside County,17195,17,Whiteside County,resolved,2023
IL,Will County,17197,17,Will County,resolved,2023
IL,Williamson County,17199,17,Williamson County,resolved,2023
IL,Winnebago County,17201,17,Winnebago County,resolved,2023
IL,Woodford County,17203,17,Woodford County,resolved,2023
IN,Adams County,18001,18,Adams County,resolved,2023
IN,Allen County,18003,18,Allen County,resolved,2023
IN,Bartholomew County,18005,18,Bartholomew County,resolved,2023
IN,Benton County,18007,18,Benton County,resolved,2023
IN,Blackford County,18009,18,Blackford County,resolved,2023
IN,Boone County,18011,18,Boone County,resolved,2023
IN,Brown County,18013,18,Brown County,resolved,2023
IN,Carroll County,18015,18,Carroll County,resolved,2023
IN,Cass County,18017,18,Cass County,resolved,2023
IN,Clark,18019,18,Clark County,resolved,2023
IN,Clark County,18019,18,Clark County,resolved,2023
IN,Clay County,18021,18,Clay County,resolved,2023
IN,Clinton County,18023,18,Clinton County,resolved,2023
IN,Crawford County,18025,18,Crawford County,resolved,2023
IN,Daviess County,18027,18,Daviess County,resolved,2023
IN,DeKalb County,18033,18,DeKalb County,resolved,2023
IN,Dearborn County,18029,18,Dearborn County,resolved,2023
IN,Decatur County,18031,18,Decatur County,resolved,2023
IN,Delaware County,18035,18,Delaware County,resolved,2023
IN,Dubois County,18037,18,Dubois County,resolved,2023
IN,Elkhart County,18039,18,Elkhart County,resolved,2023
IN,Fayette County,18041,18,Fayette County,resolved,2023
IN,Floyd County,18043,18,Floyd County,resolved,2023
IN,Fountain County,18045,18,Fountain County,resolved,2023
IN,Franklin County,18047,18,Franklin County,resolved,2023
IN,Fulton County,18049,18,Fulton County,resolved,2023
IN,Gibson County,18051,18,Gibson County,resolved,2023
IN,Grant County,18053,18,Grant County,resolved,2023
IN,Greene County,18055,18,Greene County,resolved,2023
IN,Hamilton County,18057,18,Hamilton County,resolved,2023
IN,Hancock County,18059,18,Hancock County,resolved,2023
IN,Harrison County,18061,18,Harrison County,resolved,2023
IN,Hendricks County,18063,18,Hendricks County,resolved,2023
IN,Henry County,18065,18,Henry County,resolved,2023
IN,Howard County,18067,18,Howard County,resolved,2023
IN,Huntington County,18069,18,Huntington County,resolved,2023
IN,Jackson County,18071,18,Jackson County,resolved,2023
IN,Jasper County,18073,18,Jasper County,resolved,2023
IN,Jay County,18075,18,Jay County,resolved,2023
IN,Jefferson County,18077,18,Jefferson County,resolved,2023
IN,Jennings County,18079,18,Jennings County,resolved,2023
IN,Johnson County,18081,18,Johnson County,resolved,2023
IN,Knox County,18083,18,Knox County,resolved,2023
IN,Kosciusko County,18085,18,Kosciusko County,resolved,2023
IN,LaGrange County,18087,18,LaGrange County,resolved,2023
IN,LaPorte County,18091,18,LaPorte County,resolved,2023
IN,Lagrange,18087,18,LaGrange County,resolved,2023
IN,Lake County,18089,18,Lake County,resolved,2023
IN,Laporte,18091,18,LaPorte County,resolved,2023
IN,Lawrence County,18093,18,Lawrence County,resolved,2023
IN,Madison County,18095,18,Madison County,resolved,2023
IN,Marion County,18097,18,Marion County,resolved,2023
IN,Marshall County,18099,18,Marshall County,resolved,2023
IN,Martin County,18101,18,Martin County,resolved,2023
IN,Miami County,18103,18,Miami County,resolved,2023
IN,Monroe County,18105,18,Monroe County,resolved,2023
IN,Montgomery County,18107,18,Montgomery County,resolved,2023
IN,Morgan County,18109,18,Morgan County,resolved,2023
IN,Newton County,18111,18,Newton County,resolved,2023
IN,Noble County,18113,18,Noble County,resolved,2023
IN,Ohio County,18115,18,Ohio County,resolved,2023
IN,Orange County,18117,18,Orange County,resolved,2023
IN,Owen County,18119,18,Owen County,resolved,2023
IN,Parke County,18121,18,Parke County,resolved,2023
IN,Perry County,18123,18,Perry County,resolved,2023
IN,Pike County,18125,18,Pike County,resolved,2023
IN,Porter County,18127,18,Porter County,resolved,2023
IN,Posey County,18129,18,Posey County,resolved,2023
IN,Pulaski County,18131,18,Pulaski County,resolved,2023
IN,Putnam County,18133,18,Putnam County,resolved,2023
IN,Randolph County,18135,18,Randolph County,resolved,2023
IN,Ripley County,18137,18,Ripley County,resolved,2023
IN,Rush County,18139,18,Rush County,resolved,2023
IN,Scott County,18143,18,Scott County,resolved,2023
IN,Shelby County,18145,18,Shelby County,resolved,2023
IN,Spencer County,18147,18,Spencer County,resolved,2023
IN,St. Joseph County,18141,18,St. Joseph County,resolved,2023
IN,Starke County,18149,18,Starke County,resolved,2023
IN,Steuben County,18151,18,Steuben County,resolved,2023
IN,Sullivan,18153,18,Sullivan County,resolved,2023
IN,Sullivan County,18153,18,Sullivan County,resolved,2023
IN,Switzerland County,18155,18,Switzerland County,resolved,2023
IN,Tippecanoe County,18157,18,Tippecanoe County,resolved,2023
IN,Tipton County,18159,18,Tipton County,resolved,2023
IN,Union County,18161,18,Union County,resolved,2023
IN,Vanderburgh County,18163,18,Vanderburgh County,resolved,2023
IN,Vermillion County,18165,18,Vermillion County,resolved,2023
IN,Vigo County,18167,18,Vigo County,resolved,2023
IN,Wabash County,18169,18,Wabash County,resolved,2023
IN,Warren County,18171,18,Warren County,resolved,2023
IN,Warrick County,18173,18,Warrick County,resolved,2023
IN,Washington County,18175,18,Washington County,resolved,2023
IN,Wayne County,18177,18,Wayne County,resolved,2023
IN,Wells County,18179,18,Wells County,resolved,2023
IN,White County,18181,18,White County,resolved,2023
IN,Whitley,18183,18,Whitley County,resolved,2023
IN,Whitley County,18183,18,Whitley County,resolved,2023
KS,Allen County,20001,20,Allen County,resolved,2023
KS,Anderson County,20003,20,Anderson County,resolved,2023
KS,Atchison County,20005,20,Atchison County,resolved,2023
KS,Barber County,20007,20,Barber County,resolved,2023
KS,Barton County,20009,20,Barton County,resolved,2023
KS,Bourbon County,20011,20,Bourbon County,resolved,2023
KS,Brown County,20013,20,Brown County,resolved,2023
KS,Butler County,20015,20,Butler County,resolved,2023
KS,Chase County,20017,20,Chase County,resolved,2023
KS,Chautauqua County,20019,20,Chautauqua County,resolved,2023
KS,Cherokee County,20021,20,Cherokee County,resolved,2023
KS,Cheyenne County,20023,20,Cheyenne County,resolved,2023
KS,Clark County,20025,20,Clark County,resolved,2023
KS,Clay County,20027,20,Clay County,resolved,2023
KS,Cloud County,20029,20,Cloud County,resolved,2023
KS,Coffey County,20031,20,Coffey County,resolved,2023
KS,Comanche County,20033,20,Comanche County,resolved,2023
KS,Cowley County,20035,20,Cowley County,resolved,2023
KS,Crawford County,20037,20,Crawford County,resolved,2023
KS,Decatur County,20039,20,Decatur County,resolved,2023
KS,Dickinson County,20041,20,Dickinson County,resolved,2023
KS,Doniphan County,20043,20,Doniphan County,resolved,2023
KS,Douglas County,20045,20,Douglas County,resolved,2023
KS,Edwards County,20047,20,Edwards County,resolved,2023
KS,Elk County,20049,20,Elk County,resolved,2023
KS,Ellis County,20051,20,Ellis County,resolved,2023
KS,Ellsworth County,20053,20,Ellsworth County,resolved,2023
KS,Finney County,20055,20,Finney County,resolved,2023
KS,Ford County,20057,20,Ford County,resolved,2023
KS,Franklin County,20059,20,Franklin County,resolved,2023
KS,Geary County,20061,20,Geary County,resolved,2023
KS,Gove County,20063,20,Gove County,resolved,2023
KS,Graham County,20065,20,Graham County,resolved,2023
KS,Grant County,20067,20,Grant County,resolved,2023
KS,Gray County,20069,20,Gray County,resolved,2023
KS,Greeley County,20071,20,Greeley County,resolved,2023
KS,Greenwood County,20073,20,Greenwood County,resolved,2023
KS,Hamilton County,20075,20,Hamilton County,resolved,2023
KS,Harper County,20077,20,Harper County,resolved,2023
KS,Harvey County,20079,20,Harvey County,resolved,2023
KS,Haskell County,20081,20,Haskell County,resolved,2023
KS,Hodgeman County,20083,20,Hodgeman County,resolved,2023
KS,Jackson County,20085,20,Jackson County,resolved,2023
KS,Jefferson County,20087,20,Jefferson County,resolved,2023
KS,Jewell County,20089,20,Jewell County,resolved,2023
KS,Johnson County,20091,20,Johnson County,resolved,2023
KS,Kearny County,20093,20,Kearny County,resolved,2023
KS,Kingman County,20095,20,Kingman County,resolved,2023
KS,Kiowa County,20097,20,Kiowa County,resolved,2023
KS,Labette County,20099,20,Labette County,resolved,2023
KS,Lane County,20101,20,Lane County,resolved,2023
KS,Leavenworth County,20103,20,Leavenworth County,resolved,2023
KS,Lincoln County,20105,20,Lincoln County,resolved,2023
KS,Linn County,20107,20,Linn County,resolved,2023
KS,Logan County,20109,20,Logan County,resolved,2023
KS,Lyon County,20111,20,Lyon County,resolved,2023
KS,Marion County,20115,20,Marion County,resolved,2023
KS,Marshall County,20117,20,Marshall County,resolved,2023
KS,McPherson County,20113,20,McPherson County,resolved,2023
KS,Meade County,20119,20,Meade County,resolved,2023
KS,Miami County,20121,20,Miami County,resolved,2023
KS,Mitchell County,20123,20,Mitchell County,resolved,2023
KS,Montgomery County,20125,20,Montgomery County,resolved,2023
KS,Morris County,20127,20,Morris County,resolved,2023
KS,Morton County,20129,20,Morton County,resolved,2023
KS,Nemaha County,20131,20,Nemaha County,resolved,2023
KS,Neosho County,20133,20,Neosho County,resolved,2023
KS,Ness County,20135,20,Ness County,resolved,2023
KS,Norton,20137,20,Norton County,resolved,2023
KS,Norton County,20137,20,Norton County,resolved,2023
KS,Osage County,20139,20,Osage County,resolved,2023
KS,Osborne County,20141,20,Osborne County,resolved,2023
KS,Ottawa County,20143,20,Ottawa County,resolved,2023
KS,Pawnee County,20145,20,Pawnee County,resolved,2023
KS,Phillips County,20147,20,Phillips County,resolved,2023
KS,Pottawatomie County,20149,20,Pottawatomie County,resolved,2023
KS,Pratt County,20151,20,Pratt County,resolved,2023
KS,Rawlins County,20153,20,Rawlins County,resolved,2023
KS,Reno County,20155,20,Reno County,resolved,2023
KS,Republic County,20157,20,Republic County,resolved,2023
KS,Rice County,20159,20,Rice County,resolved,2023
KS,Riley County,20161,20,Riley County,resolved,2023
KS,Rooks County,20163,20,Rooks County,resolved,2023
KS,Rush County,20165,20,Rush County,resolved,2023
KS,Russell County,20167,20,Russell County,resolved,2023
KS,Saline County,20169,20,Saline County,resolved,2023
KS,Scott County,20171,20,Scott County,resolved,2023
KS,Sedgwick,20173,20,Sedgwick County,resolved,2023
KS,Sedgwick County,20173,20,Sedgwick County,resolved,2023
KS,Seward County,20175,20,Seward County,resolved,2023
KS,Shawnee County,20177,20,Shawnee County,resolved,2023
KS,Sheridan County,20179,20,Sheridan County,resolved,2023
KS,Sherman County,20181,20,Sherman County,resolved,2023
KS,Smith County,20183,20,Smith County,resolved,2023
KS,Stafford County,20185,20,Stafford County,resolved,2023
KS,Stanton County,20187,20,Stanton County,resolved,2023
KS,Stevens County,20189,20,Stevens County,resolved,2023
KS,Sumner County,20191,20,Sumner County,resolved,2023
KS,Thomas County,20193,20,Thomas County,resolved,2023
KS,Trego County,20195,20,Trego County,resolved,2023
KS,Wabaunsee County,20197,20,Wabaunsee County,resolved,2023
KS,Wallace County,20199,20,Wallace County,resolved,2023
KS,Washington County,20201,20,Washington County,resolved,2023
KS,Wichita,20203,20,Wichita County,resolved,2023
KS,Wichita County,20203,20,Wichita County,resolved,2023
KS,Wilson County,20205,20,Wilson County,resolved,2023
KS,Woodson County,20207,20,Woodson County,resolved,2023
KS,Wyandotte,20209,20,Wyandotte County,resolved,2023
KS,Wyandotte County,20209,20,Wyandotte County,resolved,2023
KY,Adair County,21001,21,Adair County,resolved,2023
KY,Allen County,21003,21,Allen County,resolved,2023
KY,Anderson County,21005,21,Anderson County,resolved,2023
KY,Ballard County,21007,21,Ballard County,resolved,2023
KY,Barren County,21009,21,Barren County,resolved,2023
KY,Bath County,21011,21,Bath County,resolved,2023
KY,Bell County,21013,21,Bell County,resolved,2023
KY,Boone,21015,21,Boone County,resolved,2023
KY,Boone County,21015,21,Boone County,resolved,2023
KY,Bourbon County,21017,21,Bourbon County,resolved,2023
KY,Boyd County,21019,21,Boyd County,resolved,2023
KY,Boyle County,21021,21,Boyle County,resolved,2023
KY,Bracken County,21023,21,Bracken County,resolved,2023
KY,Breathitt County,21025,21,Breathitt County,resolved,2023
KY,Breckinridge County,21027,21,Breckinridge County,resolved,2023
KY,Bullitt County,21029,21,Bullitt County,resolved,2023
KY,Butler County,21031,21,Butler County,resolved,2023
KY,Caldwell County,21033,21,Caldwell County,resolved,2023
KY,Calloway County,21035,21,Calloway County,resolved,2023
KY,Campbell County,21037,21,Campbell County,resolved,2023
KY,Carlisle County,21039,21,Carlisle County,resolved,2023
KY,Carroll County,21041,21,Carroll County,resolved,2023
KY,Carter,21043,21,Carter County,resolved,2023
KY,Carter County,21043,21,Carter County,resolved,2023
KY,Casey County,21045,21,Casey County,resolved,2023
KY,Christian County,21047,21,Christian County,resolved,2023
KY,Clark County,21049,21,Clark County,resolved,2023
KY,Clay County,21051,21,Clay County,resolved,2023
KY,Clinton County,21053,21,Clinton County,resolved,2023
KY,Crittenden County,21055,21,Crittenden County,resolved,2023
KY,Cumberland County,21057,21,Cumberland County,resolved,2023
KY,Daviess County,21059,21,Daviess County,resolved,2023
KY,Edmonson County,21061,21,Edmonson County,resolved,2023
KY,Elliott County,21063,21,Elliott County,resolved,2023
KY,Estill County,21065,21,Estill County,resolved,2023
KY,Fayette County,21067,21,Fayette County,resolved,2023
KY,Fleming County,21069,21,Fleming County,resolved,2023
KY,Floyd County,21071,21,Floyd County,resolved,2023
KY,Franklin County,21073,21,Franklin County,resolved,2023
KY,Fulton County,21075,21,Fulton County,resolved,2023
KY,Gallatin County,21077,21,Gallatin County,resolved,2023
KY,Garrard County,21079,21,Garrard County,resolved,2023
KY,Grant County,21081,21,Grant County,resolved,2023
KY,Graves County,21083,21,Graves County,resolved,2023
KY,Grayson County,21085,21,Grayson County,resolved,2023
KY,Green County,21087,21,Green County,resolved,2023
KY,Greenup,21089,21,Greenup County,resolved,2023
KY,Greenup County,21089,21,Greenup County,resolved,2023
KY,Hancock County,21091,21,Hancock County,resolved,2023
KY,Hardin County,21093,21,Hardin County,resolved,2023
KY,Harlan County,21095,21,Harlan County,resolved,2023
KY,Harrison County,21097,21,Harrison County,resolved,2023
KY,Hart County,21099,21,Hart County,resolved,2023
KY,Henderson County,21101,21,Henderson County,resolved,2023
KY,Henry County,21103,21,Henry County,resolved,2023
KY,Hickman County,21105,21,Hickman County,resolved,2023
KY,Hopkins County,21107,21,Hopkins County,resolved,2023
KY,Jackson County,21109,21,Jackson County,resolved,2023
KY,Jefferson County,21111,21,Jefferson County,resolved,2023
KY,Jessamine County,21113,21,Jessamine County,resolved,2023
KY,Johnson County,21115,21,Johnson County,resolved,2023
KY,Kenton County,21117,21,Kenton County,resolved,2023
KY,Knott County,21119,21,Knott County,resolved,2023
KY,Knox County,21121,21,Knox County,resolved,2023
KY,LaRue County,21123,21,Larue County,resolved,2023
KY,Larue County,21123,21,Larue County,resolved,2023
KY,Laurel County,21125,21,Laurel County,resolved,2023
KY,Lawrence County,21127,21,Lawrence County,resolved,2023
KY,Lee County,21129,21,Lee County,resolved,2023
KY,Leslie County,21131,21,Leslie County,resolved,2023
KY,Letcher,21133,21,Letcher County,resolved,2023
KY,Letcher County,21133,21,Letcher County,resolved,2023
KY,Lewis County,21135,21,Lewis County,resolved,2023
KY,Lincoln County,21137,21,Lincoln County,resolved,2023
KY,Livingston County,21139,21,Livingston County,resolved,2023
KY,Logan County,21141,21,Logan County,resolved,2023
KY,Lyon County,21143,21,Lyon County,resolved,2023
KY,Madison,21151,21,Madison County,resolved,2023
KY,Madison County,21151,21,Madison County,resolved,2023
KY,Magoffin County,21153,21,Magoffin County,resolved,2023
KY,Marion County,21155,21,Marion County,resolved,2023
KY,Marshall County,21157,21,Marshall County,resolved,2023
KY,Martin County,21159,21,Martin County,resolved,2023
KY,Mason County,21161,21,Mason County,resolved,2023
KY,McCracken County,21145,21,McCracken County,resolved,2023
KY,McCreary County,21147,21,McCreary County,resolved,2023
KY,McLean County,21149,21,McLean County,resolved,2023
KY,Meade County,21163,21,Meade County,resolved,2023
KY,Menifee County,21165,21,Menifee County,resolved,2023
KY,Mercer County,21167,21,Mercer County,resolved,2023
KY,Metcalfe County,21169,21,Metcalfe County,resolved,2023
KY,Monroe County,21171,21,Monroe County,resolved,2023
KY,Montgomery County,21173,21,Montgomery County,resolved,2023
KY,Morgan County,21175,21,Morgan County,resolved,2023
KY,Muhlenberg County,21177,21,Muhlenberg County,resolved,2023
KY,Nelson,21179,21,Nelson County,resolved,2023
KY,Nelson County,21179,21,Nelson County,resolved,2023
KY,Nicholas County,21181,21,Nicholas County,resolved,2023
KY,Ohio County,21183,21,Ohio County,resolved,2023
KY,Oldham County,21185,21,Oldham County,resolved,2023
KY,Owen County,21187,21,Owen County,resolved,2023
KY,Owsley County,21189,21,Owsley County,resolved,2023
KY,Pendleton County,21191,21,Pendleton County,resolved,2023
KY,Perry County,21193,21,Perry County,resolved,2023
KY,Pike County,21195,21,Pike County,resolved,2023
KY,Powell County,21197,21,Powell County,resolved,2023
KY,Pulaski County,21199,21,Pulaski County,resolved,2023
KY,Robertson County,21201,21,Robertson County,resolved,2023
KY,Rockcastle County,21203,21,Rockcastle County,resolved,2023
KY,Rowan County,21205,21,Rowan County,resolved,2023
KY,Russell County,21207,21,Russell County,resolved,2023
KY,Scott County,21209,21,Scott County,resolved,2023
KY,Shelby County,21211,21,Shelby County,resolved,2023
KY,Simpson County,21213,21,Simpson County,resolved,2023
KY,Spencer County,21215,21,Spencer County,resolved,2023
KY,Taylor County,21217,21,Taylor County,resolved,2023
KY,Todd County,21219,21,Todd County,resolved,2023
KY,Trigg County,21221,21,Trigg County,resolved,2023
KY,Trimble County,21223,21,Trimble County,resolved,2023
KY,Union County,21225,21,Union County,resolved,2023
KY,Warren,21227,21,Warren County,resolved,2023
KY,Warren County,21227,21,Warren County,resolved,2023
KY,Washington County,21229,21,Washington County,resolved,2023
KY,Wayne County,21231,21,Wayne County,resolved,2023
KY,Webster County,21233,21,Webster County,resolved,2023
KY,Whitley County,21235,21,Whitley County,resolved,2023
KY,Wolfe County,21237,21,Wolfe County,resolved,2023
KY,Woodford County,21239,21,Woodford County,resolved,2023
LA,Acadia Parish,22001,22,Acadia Parish,resolved,2023
LA,Allen Parish,22003,22,Allen Parish,resolved,2023
LA,Ascension,22005,22,Ascension Parish,resolved,2023
LA,Ascension Parish,22005,22,Ascension Parish,resolved,2023
LA,Assumption Parish,22007,22,Assumption Parish,resolved,2023
LA,Avoyelles Parish,22009,22,Avoyelles Parish,resolved,2023
LA,Beauregard Parish,22011,22,Beauregard Parish,resolved,2023
LA,Bienville Parish,22013,22,Bienville Parish,resolved,2023
LA,Bossier,22015,22,Bossier Parish,resolved,2023
LA,Bossier Parish,22015,22,Bossier Parish,resolved,2023
LA,Caddo Parish,22017,22,Caddo Parish,resolved,2023
LA,Calcasieu Parish,22019,22,Calcasieu Parish,resolved,2023
LA,Caldwell Parish,22021,22,Caldwell Parish,resolved,2023
LA,Cameron,22023,22,Cameron Parish,resolved,2023
LA,Cameron Parish,22023,22,Cameron Parish,resolved,2023
LA,Catahoula Parish,22025,22,Catahoula Parish,resolved,2023
LA,Claiborne Parish,22027,22,Claiborne Parish,resolved,2023
LA,Concordia Parish,22029,22,Concordia Parish,resolved,2023
LA,De Soto Parish,22031,22,De Soto Parish,resolved,2023
LA,East Baton Rouge,22033,22,East Baton Rouge Parish,resolved,2023
LA,East Baton Rouge Parish,22033,22,East Baton Rouge Parish,resolved,2023
LA,East Carroll Parish,22035,22,East Carroll Parish,resolved,2023
LA,East Feliciana Parish,22037,22,East Feliciana Parish,resolved,2023
LA,Evangeline Parish,22039,22,Evangeline Parish,resolved,2023
LA,Franklin Parish,22041,22,Franklin Parish,resolved,2023
LA,Grant Parish,22043,22,Grant Parish,resolved,2023
LA,Iberia Parish,22045,22,Iberia Parish,resolved,2023
LA,Iberville Parish,22047,22,Iberville Parish,resolved,2023
LA,Jackson Parish,22049,22,Jackson Parish,resolved,2023
LA,Jefferson,22051,22,Jefferson Parish,resolved,2023
LA,Jefferson Davis Parish,22053,22,Jefferson Davis Parish,resolved,2023
LA,Jefferson Parish,22051,22,Jefferson Parish,resolved,2023
LA,LaSalle Parish,22059,22,LaSalle Parish,resolved,2023
LA,Lafayette,22055,22,Lafayette Parish,resolved,2023
LA,Lafayette Parish,22055,22,Lafayette Parish,resolved,2023
LA,Lafourche Parish,22057,22,Lafourche Parish,resolved,2023
LA,Lincoln Parish,22061,22,Lincoln Parish,resolved,2023
LA,Livingston Parish,22063,22,Livingston Parish,resolved,2023
LA,Madison Parish,22065,22,Madison Parish,resolved,2023
LA,Morehouse Parish,22067,22,Morehouse Parish,resolved,2023
LA,Natchitoches,22069,22,Natchitoches Parish,resolved,2023
LA,Natchitoches Parish,22069,22,Natchitoches Parish,resolved,2023
LA,Orleans,22071,22,Orleans Parish,resolved,2023
LA,Orleans Parish,22071,22,Orleans Parish,resolved,2023
LA,Ouachita Parish,22073,22,Ouachita Parish,resolved,2023
LA,Plaquemines Parish,22075,22,Plaquemines Parish,resolved,2023
LA,Pointe Coupee Parish,22077,22,Pointe Coupee Parish,resolved,2023
LA,Rapides Parish,22079,22,Rapides Parish,resolved,2023
LA,Red River Parish,22081,22,Red River Parish,resolved,2023
LA,Richland Parish,22083,22,Richland Parish,resolved,2023
LA,Sabine Parish,22085,22,Sabine Parish,resolved,2023
LA,St. Bernard Parish,22087,22,St. Bernard Parish,resolved,2023
LA,St. Charles Parish,22089,22,St. Charles Parish,resolved,2023
LA,St. Helena Parish,22091,22,St. Helena Parish,resolved,2023
LA,St. James Parish,22093,22,St. James Parish,resolved,2023
LA,St. John the Baptist Parish,22095,22,St. John the Baptist Parish,resolved,2023
LA,St. Landry Parish,22097,22,St. Landry Parish,resolved,2023
LA,St. Martin Parish,22099,22,St. Martin Parish,resolved,2023
LA,St. Mary Parish,22101,22,St. Mary Parish,resolved,2023
LA,St. Tammany Parish,22103,22,St. Tammany Parish,resolved,2023
LA,Tangipahoa,22105,22,Tangipahoa Parish,resolved,2023
LA,Tangipahoa Parish,22105,22,Tangipahoa Parish,resolved,2023
LA,Tensas Parish,22107,22,Tensas Parish,resolved,2023
LA,Terrebonne,22109,22,Terrebonne Parish,resolved,2023
LA,Terrebonne Parish,22109,22,Terrebonne Parish,resolved,2023
LA,Union Parish,22111,22,Union Parish,resolved,2023
LA,Vermilion Parish,22113,22,Vermilion Parish,resolved,2023
LA,Vernon Parish,22115,22,Vernon Parish,resolved,2023
LA,Washington Parish,22117,22,Washington Parish,resolved,2023
LA,Webster Parish,22119,22,Webster Parish,resolved,2023
LA,West Baton Rouge Parish,22121,22,West Baton Rouge Parish,resolved,2023
LA,West Carroll Parish,22123,22,West Carroll Parish,resolved,2023
LA,West Feliciana Parish,22125,22,West Feliciana Parish,resolved,2023
LA,Winn,22127,22,Winn Parish,resolved,2023
LA,Winn Parish,22127,22,Winn Parish,resolved,2023
MA,Barnstable County,25001,25,Barnstable County,resolved,2023
MA,Berkshire County,25003,25,Berkshire County,resolved,2023
MA,Bristol County,25005,25,Bristol County,resolved,2023
MA,Dukes County,25007,25,Dukes County,resolved,2023
MA,Essex County,25009,25,Essex County,resolved,2023
MA,Franklin County,25011,25,Franklin County,resolved,2023
MA,Hampden County,25013,25,Hampden County,resolved,2023
MA,Hampshire,25015,25,Hampshire County,resolved,2023
MA,Hampshire County,25015,25,Hampshire County,resolved,2023
MA,Middlesex,25017,25,Middlesex County,resolved,2023
MA,Middlesex County,25017,25,Middlesex County,resolved,2023
MA,Nantucket County,25019,25,Nantucket County,resolved,2023
MA,Norfolk,25021,25,Norfolk County,resolved,2023
MA,Norfolk County,25021,25,Norfolk County,resolved,2023
MA,Plymouth County,25023,25,Plymouth County,resolved,2023
MA,Suffolk County,25025,25,Suffolk County,resolved,2023
MA,Town and County of Nantucket,25019,25,Nantucket County,resolved,2023
MA,Worcester,25027,25,Worcester County,resolved,2023
MA,Worcester County,25027,25,Worcester County,resolved,2023
MD,Allegany County,24001,24,Allegany County,resolved,2023
MD,Anne Arundel County,24003,24,Anne Arundel County,resolved,2023
MD,Baltimore,,24,,ambiguous,2023
MD,Baltimore (City),24510,24,Baltimore city,resolved,2023
MD,Baltimore County,24005,24,Baltimore County,resolved,2023
MD,Baltimore city,24510,24,Baltimore city,resolved,2023
MD,Calvert County,24009,24,Calvert County,resolved,2023
MD,Caroline County,24011,24,Caroline County,resolved,2023
MD,Carroll County,24013,24,Carroll County,resolved,2023
MD,Cecil County,24015,24,Cecil County,resolved,2023
MD,Charles County,24017,24,Charles County,resolved,2023
MD,City of Baltimore,24510,24,Baltimore city,resolved,2023
MD,Dorchester County,24019,24,Dorchester County,resolved,2023
MD,Frederick,24021,24,Frederick County,resolved,2023
MD,Frederick County,24021,24,Frederick County,resolved,2023
MD,Garrett County,24023,24,Garrett County,resolved,2023
MD,Harford County,24025,24,Harford County,resolved,2023
MD,Howard County,24027,24,Howard County,resolved,2023
MD,Kent County,24029,24,Kent County,resolved,2023
MD,Montgomery,24031,24,Montgomery County,resolved,2023
MD,Montgomery County,24031,24,Montgomery County,resolved,2023
MD,Prince George's County,24033,24,Prince George's County,resolved,2023
MD,Queen Anne's County,24035,24,Queen Anne's County,resolved,2023
MD,Somerset County,24039,24,Somerset County,resolved,2023
MD,St. Mary's County,24037,24,St. Mary's County,resolved,2023
MD,Talbot County,24041,24,Talbot County,resolved,2023
MD,Washington County,24043,24,Washington County,resolved,2023
MD,Wicomico County,24045,24,Wicomico County,resolved,2023
MD,Worcester County,24047,24,Worcester County,resolved,2023
ME,Androscoggin County,23001,23,Androscoggin County,resolved,2023
ME,Aroostook County,23003,23,Aroostook County,resolved,2023
ME,Cumberland,23005,23,Cumberland County,resolved,2023
ME,Cumberland County,23005,23,Cumberland County,resolved,2023
ME,Franklin County,23007,23,Franklin County,resolved,2023
ME,Hancock County,23009,23,Hancock County,resolved,2023
ME,Kennebec,23011,23,Kennebec County,resolved,2023
ME,Kennebec County,23011,23,Kennebec County,resolved,2023
ME,Knox County,23013,23,Knox County,resolved,2023
ME,Lincoln County,23015,23,Lincoln County,resolved,2023
ME,Oxford County,23017,23,Oxford County,resolved,2023
ME,Penobscot County,23019,23,Penobscot County,resolved,2023
ME,Piscataquis County,23021,23,Piscataquis County,resolved,2023
ME,Sagadahoc County,23023,23,Sagadahoc County,resolved,2023
ME,Somerset County,23025,23,Somerset County,resolved,2023
ME,Waldo,23027,23,Waldo County,resolved,2023
ME,Waldo County,23027,23,Waldo County,resolved,2023
ME,Washington County,23029,23,Washington County,resolved,2023
ME,York County,23031,23,York County,resolved,2023
MI,Alcona County,26001,26,Alcona County,resolved,2023
MI,Alger County,26003,26,Alger County,resolved,2023
MI,Allegan County,26005,26,Allegan County,resolved,2023
MI,Alpena,26007,26,Alpena County,resolved,2023
MI,Alpena County,26007,26,Alpena County,resolved,2023
MI,Antrim County,26009,26,Antrim County,resolved,2023
MI,Arenac County,26011,26,Arenac County,resolved,2023
MI,Baraga County,26013,26,Baraga County,resolved,2023
MI,Barry County,26015,26,Barry County,resolved,2023
MI,Bay County,26017,26,Bay County,resolved,2023
MI,Benzie County,26019,26,Benzie County,resolved,2023
MI,Berrien County,26021,26,Berrien County,resolved,2023
MI,Branch County,26023,26,Branch County,resolved,2023
MI,Calhoun County,26025,26,Calhoun County,resolved,2023
MI,Cass County,26027,26,Cass County,resolved,2023
MI,Charlevoix County,26029,26,Charlevoix County,resolved,2023
MI,Cheboygan,26031,26,Cheboygan County,resolved,2023
MI,Cheboygan County,26031,26,Cheboygan County,resolved,2023
MI,Chippewa County,26033,26,Chippewa County,resolved,2023
MI,Clare County,26035,26,Clare County,resolved,2023
MI,Clinton County,26037,26,Clinton County,resolved,2023
MI,Crawford County,26039,26,Crawford County,resolved,2023
MI,Delta County,26041,26,Delta County,resolved,2023
MI,Dickinson County,26043,26,Dickinson County,resolved,2023
MI,Eaton County,26045,26,Eaton County,resolved,2023
MI,Emmet County,26047,26,Emmet County,resolved,2023
MI,Genesee,26049,26,Genesee County,resolved,2023
MI,Genesee County,26049,26,Genesee County,resolved,2023
MI,Gladwin County,26051,26,Gladwin County,resolved,2023
MI,Gogebic County,26053,26,Gogebic County,resolved,2023
MI,Grand Traverse County,26055,26,Grand Traverse County,resolved,2023
MI,Gratiot County,26057,26,Gratiot County,resolved,2023
MI,Hillsdale County,26059,26,Hillsdale County,resolved,2023
MI,Houghton,26061,26,Houghton County,resolved,2023
MI,Houghton County,26061,26,Houghton County,resolved,2023
MI,Huron County,26063,26,Huron County,resolved,2023
MI,Ingham County,26065,26,Ingham County,resolved,2023
MI,Ionia County,26067,26,Ionia County,resolved,2023
MI,Iosco County,26069,26,Iosco County,resolved,2023
MI,Iron,26071,26,Iron County,resolved,2023
MI,Iron County,26071,26,Iron County,resolved,2023
MI,Isabella County,26073,26,Isabella County,resolved,2023
MI,Jackson,26075,26,Jackson County,resolved,2023
MI,Jackson County,26075,26,Jackson County,resolved,2023
MI,Kalamazoo,26077,26,Kalamazoo County,resolved,2023
MI,Kalamazoo County,26077,26,Kalamazoo County,resolved,2023
MI,Kalkaska County,26079,26,Kalkaska County,resolved,2023
MI,Kent County,26081,26,Kent County,resolved,2023
MI,Keweenaw County,26083,26,Keweenaw County,resolved,2023
MI,Lake County,26085,26,Lake County,resolved,2023
MI,Lapeer,26087,26,Lapeer County,resolved,2023
MI,Lapeer County,26087,26,Lapeer County,resolved,2023
MI,Leelanau County,26089,26,Leelanau County,resolved,2023
MI,Lenawee County,26091,26,Lenawee County,resolved,2023
MI,Livingston County,26093,26,Livingston County,resolved,2023
MI,Luce County,26095,26,Luce County,resolved,2023
MI,Mackinac,26097,26,Mackinac County,resolved,2023
MI,Mackinac County,26097,26,Mackinac County,resolved,2023
MI,Macomb County,26099,26,Macomb County,resolved,2023
MI,Manistee County,26101,26,Manistee County,resolved,2023
MI,Marquette County,26103,26,Marquette County,resolved,2023
MI,Mason County,26105,26,Mason County,resolved,2023
MI,Mecosta County,26107,26,Mecosta County,resolved,2023
MI,Menominee,26109,26,Menominee County,resolved,2023
MI,Menominee County,26109,26,Menominee County,resolved,2023
MI,Midland,26111,26,Midland County,resolved,2023
MI,Midland County,26111,26,Midland County,resolved,2023
MI,Missaukee County,26113,26,Missaukee County,resolved,2023
MI,Monroe County,26115,26,Monroe County,resolved,2023
MI,Montcalm County,26117,26,Montcalm County,resolved,2023
MI,Montmorency County,26119,26,Montmorency County,resolved,2023
MI,Muskegon,26121,26,Muskegon County,resolved,2023
MI,Muskegon County,26121,26,Muskegon County,resolved,2023
MI,Newaygo,26123,26,Newaygo County,resolved,2023
MI,Newaygo County,26123,26,Newaygo County,resolved,2023
MI,Oakland,26125,26,Oakland County,resolved,2023
MI,Oakland County,26125,26,Oakland County,resolved,2023
MI,Oceana County,26127,26,Oceana County,resolved,2023
MI,Ogemaw County,26129,26,Ogemaw County,resolved,2023
MI,Ontonagon County,26131,26,Ontonagon County,resolved,2023
MI,Osceola County,26133,26,Osceola County,resolved,2023
MI,Oscoda County,26135,26,Oscoda County,resolved,2023
MI,Otsego County,26137,26,Otsego County,resolved,2023
MI,Ottawa County,26139,26,Ottawa County,resolved,2023
MI,Presque Isle County,26141,26,Presque Isle County,resolved,2023
MI,Roscommon County,26143,26,Roscommon County,resolved,2023
MI,Saginaw,26145,26,Saginaw County,resolved,2023
MI,Saginaw County,26145,26,Saginaw County,resolved,2023
MI,Sanilac County,26151,26,Sanilac County,resolved,2023
MI,Schoolcraft County,26153,26,Schoolcraft County,resolved,2023
MI,Shiawassee County,26155,26,Shiawassee County,resolved,2023
MI,St. Clair County,26147,26,St. Clair County,resolved,2023
MI,St. Joseph County,26149,26,St. Joseph County,resolved,2023
MI,Tuscola County,26157,26,Tuscola County,resolved,2023
MI,Van Buren County,26159,26,Van Buren County,resolved,2023
MI,Washtenaw County,26161,26,Washtenaw County,resolved,2023
MI,Wayne,26163,26,Wayne County,resolved,2023
MI,Wayne County,26163,26,Wayne County,resolved,2023
MI,Wexford County,26165,26,Wexford County,resolved,2023
MN,Aitkin County,27001,27,Aitkin County,resolved,2023
MN,Anoka County,27003,27,Anoka County,resolved,2023
MN,Becker County,27005,27,Becker County,resolved,2023
MN,Beltrami County,27007,27,Beltrami County,resolved,2023
MN,Benton County,27009,27,Benton County,resolved,2023
MN,Big Stone County,27011,27,Big Stone County,resolved,2023
MN,Blue Earth County,27013,27,Blue Earth County,resolved,2023
MN,Brown County,27015,27,Brown County,resolved,2023
MN,Carlton County,27017,27,Carlton County,resolved,2023
MN,Carver,27019,27,Carver County,resolved,2023
MN,Carver County,27019,27,Carver County,resolved,2023
MN,Cass County,27021,27,Cass County,resolved,2023
MN,Chippewa County,27023,27,Chippewa County,resolved,2023
MN,Chisago County,27025,27,Chisago County,resolved,2023
MN,Clay County,27027,27,Clay County,resolved,2023
MN,Clearwater County,27029,27,Clearwater County,resolved,2023
MN,Cook County,27031,27,Cook County,resolved,2023
MN,Cottonwood County,27033,27,Cottonwood County,resolved,2023
MN,Crow Wing County,27035,27,Crow Wing County,resolved,2023
MN,Dakota County,27037,27,Dakota County,resolved,2023
MN,Dodge County,27039,27,Dodge County,resolved,2023
MN,Douglas County,27041,27,Douglas County,resolved,2023
MN,Faribault County,27043,27,Faribault County,resolved,2023
MN,Fillmore County,27045,27,Fillmore County,resolved,2023
MN,Freeborn County,27047,27,Freeborn County,resolved,2023
MN,Goodhue County,27049,27,Goodhue County,resolved,2023
MN,Grant County,27051,27,Grant County,resolved,2023
MN,Hennepin County,27053,27,Hennepin County,resolved,2023
MN,Houston County,27055,27,Houston County,resolved,2023
MN,Hubbard County,27057,27,Hubbard County,resolved,2023
MN,Isanti County,27059,27,Isanti County,resolved,2023
MN,Itasca County,27061,27,Itasca County,resolved,2023
MN,Jackson County,27063,27,Jackson County,resolved,2023
MN,Kanabec County,27065,27,Kanabec County,resolved,2023
MN,Kandiyohi County,27067,27,Kandiyohi County,resolved,2023
MN,Kittson County,27069,27,Kittson County,resolved,2023
MN,Koochiching County,27071,27,Koochiching County,resolved,2023
MN,Lac qui Parle County,27073,27,Lac qui Parle County,resolved,2023
MN,Lake County,27075,27,Lake County,resolved,2023
MN,Lake of the Woods County,27077,27,Lake of the Woods County,resolved,2023
MN,Le Sueur County,27079,27,Le Sueur County,resolved,2023
MN,Lincoln County,27081,27,Lincoln County,resolved,2023
MN,Lyon County,27083,27,Lyon County,resolved,2023
MN,Mahnomen County,27087,27,Mahnomen County,resolved,2023
MN,Marshall County,27089,27,Marshall County,resolved,2023
MN,Martin County,27091,27,Martin County,resolved,2023
MN,McLeod County,27085,27,McLeod County,resolved,2023
MN,Meeker County,27093,27,Meeker County,resolved,2023
MN,Mille Lacs County,27095,27,Mille Lacs County,resolved,2023
MN,Morrison County,27097,27,Morrison County,resolved,2023
MN,Mower County,27099,27,Mower County,resolved,2023
MN,Murray County,27101,27,Murray County,resolved,2023
MN,Nicollet County,27103,27,Nicollet County,resolved,2023
MN,Nobles County,27105,27,Nobles County,resolved,2023
MN,Norman County,27107,27,Norman County,resolved,2023
MN,Olmsted County,27109,27,Olmsted County,resolved,2023
MN,Otter Tail County,27111,27,Otter Tail County,resolved,2023
MN,Pennington County,27113,27,Pennington County,resolved,2023
MN,Pine,27115,27,Pine County,resolved,2023
MN,Pine County,27115,27,Pine County,resolved,2023
MN,Pipestone County,27117,27,Pipestone County,resolved,2023
MN,Polk County,27119,27,Polk County,resolved,2023
MN,Pope County,27121,27,Pope County,resolved,2023
MN,Ramsey County,27123,27,Ramsey County,resolved,2023
MN,Red Lake County,27125,27,Red Lake County,resolved,2023
MN,Redwood County,27127,27,Redwood County,resolved,2023
MN,Renville County,27129,27,Renville County,resolved,2023
MN,Rice County,27131,27,Rice County,resolved,2023
MN,Rock County,27133,27,Rock County,resolved,2023
MN,Roseau County,27135,27,Roseau County,resolved,2023
MN,Scott County,27139,27,Scott County,resolved,2023
MN,Sherburne County,27141,27,Sherburne County,resolved,2023
MN,Sibley County,27143,27,Sibley County,resolved,2023
MN,St. Louis County,27137,27,St. Louis County,resolved,2023
MN,Stearns County,27145,27,Stearns County,resolved,2023
MN,Steele County,27147,27,Steele County,resolved,2023
MN,Stevens County,27149,27,Stevens County,resolved,2023
MN,Swift County,27151,27,Swift County,resolved,2023
MN,Todd County,27153,27,Todd County,resolved,2023
MN,Traverse County,27155,27,Traverse County,resolved,2023
MN,Wabasha County,27157,27,Wabasha County,resolved,2023
MN,Wadena County,27159,27,Wadena County,resolved,2023
MN,Waseca County,27161,27,Waseca County,resolved,2023
MN,Washington County,27163,27,Washington County,resolved,2023
MN,Watonwan County,27165,27,Watonwan County,resolved,2023
MN,Wilkin County,27167,27,Wilkin County,resolved,2023
MN,Winona County,27169,27,Winona County,resolved,2023
MN,Wright County,27171,27,Wright County,resolved,2023
MN,Yellow Medicine County,27173,27,Yellow Medicine County,resolved,2023
MO,Adair County,29001,29,Adair County,resolved,2023
MO,Andrew County,29003,29,Andrew County,resolved,2023
MO,Atchison County,29005,29,Atchison County,resolved,2023
MO,Audrain County,29007,29,Audrain County,resolved,2023
MO,Barry County,29009,29,Barry County,resolved,2023
MO,Barton County,29011,29,Barton County,resolved,2023
MO,Bates County,29013,29,Bates County,resolved,2023
MO,Benton County,29015,29,Benton County,resolved,2023
MO,Bollinger County,29017,29,Bollinger County,resolved,2023
MO,Boone County,29019,29,Boone County,resolved,2023
MO,Buchanan County,29021,29,Buchanan County,resolved,2023
MO,Butler County,29023,29,Butler County,resolved,2023
MO,Caldwell County,29025,29,Caldwell County,resolved,2023
MO,Callaway County,29027,29,Callaway County,resolved,2023
MO,Camden County,29029,29,Camden County,resolved,2023
MO,Cape Girardeau,29031,29,Cape Girardeau County,resolved,2023
MO,Cape Girardeau County,29031,29,Cape Girardeau County,resolved,2023
MO,Carroll County,29033,29,Carroll County,resolved,2023
MO,Carter,29035,29,Carter County,resolved,2023
MO,Carter County,29035,29,Carter County,resolved,2023
MO,Cass County,29037,29,Cass County,resolved,2023
MO,Cedar County,29039,29,Cedar County,resolved,2023
MO,Chariton County,29041,29,Chariton County,resolved,2023
MO,Christian County,29043,29,Christian County,resolved,2023
MO,City of St. Louis,29510,29,St. Louis city,resolved,2023
MO,Clark County,29045,29,Clark County,resolved,2023
MO,Clay County,29047,29,Clay County,resolved,2023
MO,Clinton County,29049,29,Clinton County,resolved,2023
MO,Cole County,29051,29,Cole County,resolved,2023
MO,Cooper County,29053,29,Cooper County,resolved,2023
MO,Crawford County,29055,29,Crawford County,resolved,2023
MO,Dade County,29057,29,Dade County,resolved,2023
MO,Dallas County,29059,29,Dallas County,resolved,2023
MO,Daviess County,29061,29,Daviess County,resolved,2023
MO,DeKalb County,29063,29,DeKalb County,resolved,2023
MO,Dent County,29065,29,Dent County,resolved,2023
MO,Douglas County,29067,29,Douglas County,resolved,2023
MO,Dunklin County,29069,29,Dunklin County,resolved,2023
MO,Franklin County,29071,29,Franklin County,resolved,2023
MO,Gasconade County,29073,29,Gasconade County,resolved,2023
MO,Gentry County,29075,29,Gentry County,resolved,2023
MO,Greene County,29077,29,Greene County,resolved,2023
MO,Grundy County,29079,29,Grundy County,resolved,2023
MO,Harrison County,29081,29,Harrison County,resolved,2023
MO,Henry County,29083,29,Henry County,resolved,2023
MO,Hickory County,29085,29,Hickory County,resolved,2023
MO,Holt County,29087,29,Holt County,resolved,2023
MO,Howard County,29089,29,Howard County,resolved,2023
MO,Howell County,29091,29,Howell County,resolved,2023
MO,Iron County,29093,29,Iron County,resolved,2023
MO,Jackson County,29095,29,Jackson County,resolved,2023
MO,Jasper County,29097,29,Jasper County,resolved,2023
MO,Jefferson,29099,29,Jefferson County,resolved,2023
MO,Jefferson County,29099,29,Jefferson County,resolved,2023
MO,Johnson County,29101,29,Johnson County,resolved,2023
MO,Knox County,29103,29,Knox County,resolved,2023
MO,Laclede County,29105,29,Laclede County,resolved,2023
MO,Lafayette County,29107,29,Lafayette County,resolved,2023
MO,Lawrence County,29109,29,Lawrence County,resolved,2023
MO,Lewis County,29111,29,Lewis County,resolved,2023
MO,Lincoln County,29113,29,Lincoln County,resolved,2023
MO,Linn County,29115,29,Linn County,resolved,2023
MO,Livingston County,29117,29,Livingston County,resolved,2023
MO,Macon County,29121,29,Macon County,resolved,2023
MO,Madison,29123,29,Madison County,resolved,2023
MO,Madison County,29123,29,Madison County,resolved,2023
MO,Maries County,29125,29,Maries County,resolved,2023
MO,Marion County,29127,29,Marion County,resolved,2023
MO,McDonald County,29119,29,McDonald County,resolved,2023
MO,Mercer County,29129,29,Mercer County,resolved,2023
MO,Miller County,29131,29,Miller County,resolved,2023
MO,Mississippi County,29133,29,Mississippi County,resolved,2023
MO,Moniteau County,29135,29,Moniteau County,resolved,2023
MO,Monroe County,29137,29,Monroe County,resolved,2023
MO,Montgomery,29139,29,Montgomery County,resolved,2023
MO,Montgomery County,29139,29,Montgomery County,resolved,2023
MO,Morgan County,29141,29,Morgan County,resolved,2023
MO,New Madrid County,29143,29,New Madrid County,resolved,2023
MO,Newton County,29145,29,Newton County,resolved,2023
MO,Nodaway County,29147,29,Nodaway County,resolved,2023
MO,Oregon County,29149,29,Oregon County,resolved,2023
MO,Osage County,29151,29,Osage County,resolved,2023
MO,Ozark County,29153,29,Ozark County,resolved,2023
MO,Pemiscot County,29155,29,Pemiscot County,resolved,2023
MO,Perry County,29157,29,Perry County,resolved,2023
MO,Pettis County,29159,29,Pettis County,resolved,2023
MO,Phelps County,29161,29,Phelps County,resolved,2023
MO,Pike County,29163,29,Pike County,resolved,2023
MO,Platte County,29165,29,Platte County,resolved,2023
MO,Polk County,29167,29,Polk County,resolved,2023
MO,Pulaski County,29169,29,Pulaski County,resolved,2023
MO,Putnam County,29171,29,Putnam County,resolved,2023
MO,Ralls County,29173,29,Ralls County,resolved,2023
MO,Randolph County,29175,29,Randolph County,resolved,2023
MO,Ray County,29177,29,Ray County,resolved,2023
MO,Reynolds County,29179,29,Reynolds County,resolved,2023
MO,Ripley,29181,29,Ripley County,resolved,2023
MO,Ripley County,29181,29,Ripley County,resolved,2023
MO,Saline County,29195,29,Saline County,resolved,2023
MO,Schuyler County,29197,29,Schuyler County,resolved,2023
MO,Scotland County,29199,29,Scotland County,resolved,2023
MO,Scott County,29201,29,Scott County,resolved,2023
MO,Shannon County,29203,29,Shannon County,resolved,2023
MO,Shelby,29205,29,Shelby County,resolved,2023
MO,Shelby County,29205,29,Shelby County,resolved,2023
MO,St Charles,29183,29,St. Charles County,resolved,2023
MO,St Louis,,29,,ambiguous,2023
MO,St. Charles,29183,29,St. Charles County,resolved,2023
MO,St. Charles County,29183,29,St. Charles County,resolved,2023
MO,St. Clair County,29185,29,St. Clair County,resolved,2023
MO,St. Francois County,29187,29,St. Francois County,resolved,2023
MO,St. Louis,,29,,ambiguous,2023
MO,St. Louis County,29189,29,St. Louis County,resolved,2023
MO,St. Louis city,29510,29,St. Louis city,resolved,2023
MO,Ste Genevieve,29186,29,Ste. Genevieve County,resolved,2023
MO,Ste. Genevieve,29186,29,Ste. Genevieve County,resolved,2023
MO,Ste. Genevieve County,29186,29,Ste. Genevieve County,resolved,2023
MO,Stoddard County,29207,29,Stoddard County,resolved,2023
MO,Stone County,29209,29,Stone County,resolved,2023
MO,Sullivan County,29211,29,Sullivan County,resolved,2023
MO,Taney County,29213,29,Taney County,resolved,2023
MO,Texas County,29215,29,Texas County,resolved,2023
MO,Vernon County,29217,29,Vernon County,resolved,2023
MO,Warren County,29219,29,Warren County,resolved,2023
MO,Washington County,29221,29,Washington County,resolved,2023
MO,Wayne,29223,29,Wayne County,resolved,2023
MO,Wayne County,29223,29,Wayne County,resolved,2023
MO,Webster County,29225,29,Webster County,resolved,2023
MO,Worth County,29227,29,Worth County,resolved,2023
MO,Wright County,29229,29,Wright County,resolved,2023
MP,Rota,69100,69,Rota Municipality,resolved,2023
MP,Saipan,69110,69,Saipan Municipality,resolved,2023
MP,Tinian,69120,69,Tinian Municipality,resolved,2023
MS,Adams County,28001,28,Adams County,resolved,2023
MS,Alcorn County,28003,28,Alcorn County,resolved,2023
MS,Amite County,28005,28,Amite County,resolved,2023
MS,Attala County,28007,28,Attala County,resolved,2023
MS,Benton County,28009,28,Benton County,resolved,2023
MS,Bolivar County,28011,28,Bolivar County,resolved,2023
MS,Calhoun County,28013,28,Calhoun County,resolved,2023
MS,Carroll County,28015,28,Carroll County,resolved,2023
MS,Chickasaw County,28017,28,Chickasaw County,resolved,2023
MS,Choctaw County,28019,28,Choctaw County,resolved,2023
MS,Claiborne County,28021,28,Claiborne County,resolved,2023
MS,Clarke County,28023,28,Clarke County,resolved,2023
MS,Clay County,28025,28,Clay County,resolved,2023
MS,Coahoma County,28027,28,Coahoma County,resolved,2023
MS,Copiah County,28029,28,Copiah County,resolved,2023
MS,Covington County,28031,28,Covington County,resolved,2023
MS,DeSoto County,28033,28,DeSoto County,resolved,2023
MS,Forrest County,28035,28,Forrest County,resolved,2023
MS,Franklin County,28037,28,Franklin County,resolved,2023
MS,George County,28039,28,George County,resolved,2023
MS,Greene County,28041,28,Greene County,resolved,2023
MS,Grenada County,28043,28,Grenada County,resolved,2023
MS,Hancock County,28045,28,Hancock County,resolved,2023
MS,Harrison County,28047,28,Harrison County,resolved,2023
MS,Hinds County,28049,28,Hinds County,resolved,2023
MS,Holmes County,28051,28,Holmes County,resolved,2023
MS,Humphreys County,28053,28,Humphreys County,resolved,2023
MS,Issaquena County,28055,28,Issaquena County,resolved,2023
MS,Itawamba County,28057,28,Itawamba County,resolved,2023
MS,Jackson County,28059,28,Jackson County,resolved,2023
MS,Jasper County,28061,28,Jasper County,resolved,2023
MS,Jefferson County,28063,28,Jefferson County,resolved,2023
MS,Jefferson Davis County,28065,28,Jefferson Davis County,resolved,2023
MS,Jones County,28067,28,Jones County,resolved,2023
MS,Kemper County,28069,28,Kemper County,resolved,2023
MS,Lafayette County,28071,28,Lafayette County,resolved,2023
MS,Lamar County,28073,28,Lamar County,resolved,2023
MS,Lauderdale County,28075,28,Lauderdale County,resolved,2023
MS,Lawrence County,28077,28,Lawrence County,resolved,2023
MS,Leake County,28079,28,Leake County,resolved,2023
MS,Lee County,28081,28,Lee County,resolved,2023
MS,Leflore County,28083,28,Leflore County,resolved,2023
MS,Lincoln County,28085,28,Lincoln County,resolved,2023
MS,Lowndes County,28087,28,Lowndes County,resolved,2023
MS,Madison County,28089,28,Madison County,resolved,2023
MS,Marion County,28091,28,Marion County,resolved,2023
MS,Marshall County,28093,28,Marshall County,resolved,2023
MS,Monroe County,28095,28,Monroe County,resolved,2023
MS,Montgomery County,28097,28,Montgomery County,resolved,2023
MS,Neshoba County,28099,28,Neshoba County,resolved,2023
MS,Newton County,28101,28,Newton County,resolved,2023
MS,Noxubee County,28103,28,Noxubee County,resolved,2023
MS,Oktibbeha County,28105,28,Oktibbeha County,resolved,2023
MS,Panola County,28107,28,Panola County,resolved,2023
MS,Pearl River County,28109,28,Pearl River County,resolved,2023
MS,Perry County,28111,28,Perry County,resolved,2023
MS,Pike County,28113,28,Pike County,resolved,2023
MS,Pontotoc,28115,28,Pontotoc County,resolved,2023
MS,Pontotoc County,28115,28,Pontotoc County,resolved,2023
MS,Prentiss County,28117,28,Prentiss County,resolved,2023
MS,Quitman County,28119,28,Quitman County,resolved,2023
MS,Rankin County,28121,28,Rankin County,resolved,2023
MS,Scott County,28123,28,Scott County,resolved,2023
MS,Sharkey County,28125,28,Sharkey County,resolved,2023
MS,Simpson County,28127,28,Simpson County,resolved,2023
MS,Smith County,28129,28,Smith County,resolved,2023
MS,Stone County,28131,28,Stone County,resolved,2023
MS,Sunflower County,28133,28,Sunflower County,resolved,2023
MS,Tallahatchie County,28135,28,Tallahatchie County,resolved,2023
MS,Tate County,28137,28,Tate County,resolved,2023
MS,Tippah County,28139,28,Tippah County,resolved,2023
MS,Tishomingo County,28141,28,Tishomingo County,resolved,2023
MS,Tunica County,28143,28,Tunica County,resolved,2023
MS,Union County,28145,28,Union County,resolved,2023
MS,Walthall County,28147,28,Walthall County,resolved,2023
MS,Warren County,28149,28,Warren County,resolved,2023
MS,Washington County,28151,28,Washington County,resolved,2023
MS,Wayne County,28153,28,Wayne County,resolved,2023
MS,Webster County,28155,28,Webster County,resolved,2023
MS,Wilkinson County,28157,28,Wilkinson County,resolved,2023
MS,Winston County,28159,28,Winston County,resolved,2023
MS,Yalobusha County,28161,28,Yalobusha County,resolved,2023
MS,Yazoo,28163,28,Yazoo County,resolved,2023
MS,Yazoo County,28163,28,Yazoo County,resolved,2023
MT,Beaverhead County,30001,30,Beaverhead County,resolved,2023
MT,Big Horn County,30003,30,Big Horn County,resolved,2023
MT,Blaine County,30005,30,Blaine County,resolved,2023
MT,Broadwater County,30007,30,Broadwater County,resolved,2023
MT,Carbon County,30009,30,Carbon County,resolved,2023
MT,Carter County,30011,30,Carter County,resolved,2023
MT,Cascade County,30013,30,Cascade County,resolved,2023
MT,Chouteau County,30015,30,Chouteau County,resolved,2023
MT,Custer County,30017,30,Custer County,resolved,2023
MT,Daniels County,30019,30,Daniels County,resolved,2023
MT,Dawson County,30021,30,Dawson County,resolved,2023
MT,Deer Lodge County,30023,30,Deer Lodge County,resolved,2023
MT,Fallon County,30025,30,Fallon County,resolved,2023
MT,Fergus County,30027,30,Fergus County,resolved,2023
MT,Flathead County,30029,30,Flathead County,resolved,2023
MT,Gallatin County,30031,30,Gallatin County,resolved,2023
MT,Garfield County,30033,30,Garfield County,resolved,2023
MT,Glacier,30035,30,Glacier County,resolved,2023
MT,Glacier County,30035,30,Glacier County,resolved,2023
MT,Golden Valley County,30037,30,Golden Valley County,resolved,2023
MT,Granite County,30039,30,Granite County,resolved,2023
MT,Hill County,30041,30,Hill County,resolved,2023
MT,Jefferson County,30043,30,Jefferson County,resolved,2023
MT,Judith Basin County,30045,30,Judith Basin County,resolved,2023
MT,Lake County,30047,30,Lake County,resolved,2023
MT,Lewis and Clark County,30049,30,Lewis and Clark County,resolved,2023
MT,Liberty County,30051,30,Liberty County,resolved,2023
MT,Lincoln County,30053,30,Lincoln County,resolved,2023
MT,Madison County,30057,30,Madison County,resolved,2023
MT,McCone County,30055,30,McCone County,resolved,2023
MT,Meagher County,30059,30,Meagher County,resolved,2023
MT,Mineral County,30061,30,Mineral County,resolved,2023
MT,Missoula,30063,30,Missoula County,resolved,2023
MT,Missoula County,30063,30,Missoula County,resolved,2023
MT,Musselshell County,30065,30,Musselshell County,resolved,2023
MT,Park County,30067,30,Park County,resolved,2023
MT,Petroleum County,30069,30,Petroleum County,resolved,2023
MT,Phillips County,30071,30,Phillips County,resolved,2023
MT,Pondera County,30073,30,Pondera County,resolved,2023
MT,Powder River County,30075,30,Powder River County,resolved,2023
MT,Powell County,30077,30,Powell County,resolved,2023
MT,Prairie County,30079,30,Prairie County,resolved,2023
MT,Ravalli County,30081,30,Ravalli County,resolved,2023
MT,Richland County,30083,30,Richland County,resolved,2023
MT,Roosevelt County,30085,30,Roosevelt County,resolved,2023
MT,Rosebud County,30087,30,Rosebud County,resolved,2023
MT,Sanders County,30089,30,Sanders County,resolved,2023
MT,Sheridan County,30091,30,Sheridan County,resolved,2023
MT,Silver Bow County,30093,30,Silver Bow County,resolved,2023
MT,Stillwater County,30095,30,Stillwater County,resolved,2023
MT,Sweet Grass County,30097,30,Sweet Grass County,resolved,2023
MT,Teton County,30099,30,Teton County,resolved,2023
MT,Toole County,30101,30,Toole County,resolved,2023
MT,Treasure County,30103,30,Treasure County,resolved,2023
MT,Valley County,30105,30,Valley County,resolved,2023
MT,Wheatland County,30107,30,Wheatland County,resolved,2023
MT,Wibaux County,30109,30,Wibaux County,resolved,2023
MT,Yellowstone County,30111,30,Yellowstone County,resolved,2023
NC,Alamance County,37001,37,Alamance County,resolved,2023
NC,Alexander County,37003,37,Alexander County,resolved,2023
NC,Alleghany County,37005,37,Alleghany County,resolved,2023
NC,Anson County,37007,37,Anson County,resolved,2023
NC,Ashe County,37009,37,Ashe County,resolved,2023
NC,Avery County,37011,37,Avery County,resolved,2023
NC,Beaufort County,37013,37,Beaufort County,resolved,2023
NC,Bertie County,37015,37,Bertie County,resolved,2023
NC,Bladen County,37017,37,Bladen County,resolved,2023
NC,Brunswick County,37019,37,Brunswick County,resolved,2023
NC,Buncombe County,37021,37,Buncombe County,resolved,2023
NC,Burke County,37023,37,Burke County,resolved,2023
NC,Cabarrus County,37025,37,Cabarrus County,resolved,2023
NC,Caldwell County,37027,37,Caldwell County,resolved,2023
NC,Camden County,37029,37,Camden County,resolved,2023
NC,Carteret County,37031,37,Carteret County,resolved,2023
NC,Caswell County,37033,37,Caswell County,resolved,2023
NC,Catawba County,37035,37,Catawba County,resolved,2023
NC,Chatham County,37037,37,Chatham County,resolved,2023
NC,Cherokee County,37039,37,Cherokee County,resolved,2023
NC,Chowan County,37041,37,Chowan County,resolved,2023
NC,Clay County,37043,37,Clay County,resolved,2023
NC,Cleveland County,37045,37,Cleveland County,resolved,2023
NC,Columbus County,37047,37,Columbus County,resolved,2023
NC,Craven County,37049,37,Craven County,resolved,2023
NC,Cumberland County,37051,37,Cumberland County,resolved,2023
NC,Currituck County,37053,37,Currituck County,resolved,2023
NC,Dare County,37055,37,Dare County,resolved,2023
NC,Davidson County,37057,37,Davidson County,resolved,2023
NC,Davie County,37059,37,Davie County,resolved,2023
NC,Duplin County,37061,37,Duplin County,resolved,2023
NC,Durham,37063,37,Durham County,resolved,2023
NC,Durham County,37063,37,Durham County,resolved,2023
NC,Edgecombe County,37065,37,Edgecombe County,resolved,2023
NC,Forsyth County,37067,37,Forsyth County,resolved,2023
NC,Franklin County,37069,37,Franklin County,resolved,2023
NC,Gaston County,37071,37,Gaston County,resolved,2023
NC,Gates County,37073,37,Gates County,resolved,2023
NC,Graham County,37075,37,Graham County,resolved,2023
NC,Granville County,37077,37,Granville County,resolved,2023
NC,Greene County,37079,37,Greene County,resolved,2023
NC,Guilford County,37081,37,Guilford County,resolved,2023
NC,Halifax County,37083,37,Halifax County,resolved,2023
NC,Harnett County,37085,37,Harnett County,resolved,2023
NC,Haywood County,37087,37,Haywood County,resolved,2023
NC,Henderson,37089,37,Henderson County,resolved,2023
NC,Henderson County,37089,37,Henderson County,resolved,2023
NC,Hertford County,37091,37,Hertford County,resolved,2023
NC,Hoke County,37093,37,Hoke County,resolved,2023
NC,Hyde County,37095,37,Hyde County,resolved,2023
NC,Iredell County,37097,37,Iredell County,resolved,2023
NC,Jackson County,37099,37,Jackson County,resolved,2023
NC,Johnston County,37101,37,Johnston County,resolved,2023
NC,Jones County,37103,37,Jones County,resolved,2023
NC,Lee County,37105,37,Lee County,resolved,2023
NC,Lenoir County,37107,37,Lenoir County,resolved,2023
NC,Lincoln County,37109,37,Lincoln County,resolved,2023
NC,Macon County,37113,37,Macon County,resolved,2023
NC,Madison County,37115,37,Madison County,resolved,2023
NC,Martin County,37117,37,Martin County,resolved,2023
NC,McDowell County,37111,37,McDowell County,resolved,2023
NC,Mecklenburg County,37119,37,Mecklenburg County,resolved,2023
NC,Mitchell County,37121,37,Mitchell County,resolved,2023
NC,Montgomery County,37123,37,Montgomery County,resolved,2023
NC,Moore County,37125,37,Moore County,resolved,2023
NC,Nash County,37127,37,Nash County,resolved,2023
NC,New Hanover County,37129,37,New Hanover County,resolved,2023
NC,Northampton County,37131,37,Northampton County,resolved,2023
NC,Onslow County,37133,37,Onslow County,resolved,2023
NC,Orange,37135,37,Orange County,resolved,2023
NC,Orange County,37135,37,Orange County,resolved,2023
NC,Pamlico County,37137,37,Pamlico County,resolved,2023
NC,Pasquotank County,37139,37,Pasquotank County,resolved,2023
NC,Pender County,37141,37,Pender County,resolved,2023
NC,Perquimans County,37143,37,Perquimans County,resolved,2023
NC,Person County,37145,37,Person County,resolved,2023
NC,Pitt County,37147,37,Pitt County,resolved,2023
NC,Polk County,37149,37,Polk County,resolved,2023
NC,Randolph County,37151,37,Randolph County,resolved,2023
NC,Richmond County,37153,37,Richmond County,resolved,2023
NC,Robeson County,37155,37,Robeson County,resolved,2023
NC,Rockingham County,37157,37,Rockingham County,resolved,2023
NC,Rowan County,37159,37,Rowan County,resolved,2023
NC,Rutherford County,37161,37,Rutherford County,resolved,2023
NC,Sampson County,37163,37,Sampson County,resolved,2023
NC,Scotland County,37165,37,Scotland County,resolved,2023
NC,Stanly County,37167,37,Stanly County,resolved,2023
NC,Stokes County,37169,37,Stokes County,resolved,2023
NC,Surry County,37171,37,Surry County,resolved,2023
NC,Swain County,37173,37,Swain County,resolved,2023
NC,Transylvania County,37175,37,Transylvania County,resolved,2023
NC,Tyrrell County,37177,37,Tyrrell County,resolved,2023
NC,Union County,37179,37,Union County,resolved,2023
NC,Vance County,37181,37,Vance County,resolved,2023
NC,Wake,37183,37,Wake County,resolved,2023
NC,Wake County,37183,37,Wake County,resolved,2023
NC,Warren County,37185,37,Warren County,resolved,2023
NC,Washington County,37187,37,Washington County,resolved,2023
NC,Watauga County,37189,37,Watauga County,resolved,2023
NC,Wayne County,37191,37,Wayne County,resolved,2023
NC,Wilkes,37193,37,Wilkes County,resolved,2023
NC,Wilkes County,37193,37,Wilkes County,resolved,2023
NC,Wilson County,37195,37,Wilson County,resolved,2023
NC,Yadkin County,37197,37,Yadkin County,resolved,2023
NC,Yancey County,37199,37,Yancey County,resolved,2023
ND,Adams County,38001,38,Adams County,resolved,2023
ND,Barnes County,38003,38,Barnes County,resolved,2023
ND,Benson County,38005,38,Benson County,resolved,2023
ND,Billings County,38007,38,Billings County,resolved,2023
ND,Bottineau County,38009,38,Bottineau County,resolved,2023
ND,Bowman County,38011,38,Bowman County,resolved,2023
ND,Burke County,38013,38,Burke County,resolved,2023
ND,Burleigh County,38015,38,Burleigh County,resolved,2023
ND,Cass County,38017,38,Cass County,resolved,2023
ND,Cavalier County,38019,38,Cavalier County,resolved,2023
ND,Dickey County,38021,38,Dickey County,resolved,2023
ND,Divide County,38023,38,Divide County,resolved,2023
ND,Dunn County,38025,38,Dunn County,resolved,2023
ND,Eddy County,38027,38,Eddy County,resolved,2023
ND,Emmons County,38029,38,Emmons County,resolved,2023
ND,Foster County,38031,38,Foster County,resolved,2023
ND,Golden Valley County,38033,38,Golden Valley County,resolved,2023
ND,Grand Forks,38035,38,Grand Forks County,resolved,2023
ND,Grand Forks County,38035,38,Grand Forks County,resolved,2023
ND,Grant County,38037,38,Grant County,resolved,2023
ND,Griggs County,38039,38,Griggs County,resolved,2023
ND,Hettinger County,38041,38,Hettinger County,resolved,2023
ND,Kidder County,38043,38,Kidder County,resolved,2023
ND,LaMoure County,38045,38,LaMoure County,resolved,2023
ND,Logan County,38047,38,Logan County,resolved,2023
ND,McHenry County,38049,38,McHenry County,resolved,2023
ND,McIntosh County,38051,38,McIntosh County,resolved,2023
ND,McKenzie County,38053,38,McKenzie County,resolved,2023
ND,McLean County,38055,38,McLean County,resolved,2023
ND,Mercer County,38057,38,Mercer County,resolved,2023
ND,Morton County,38059,38,Morton County,resolved,2023
ND,Mountrail County,38061,38,Mountrail County,resolved,2023
ND,Nelson County,38063,38,Nelson County,resolved,2023
ND,Oliver County,38065,38,Oliver County,resolved,2023
ND,Pembina County,38067,38,Pembina County,resolved,2023
ND,Pierce County,38069,38,Pierce County,resolved,2023
ND,Ramsey County,38071,38,Ramsey County,resolved,2023
ND,Ransom County,38073,38,Ransom County,resolved,2023
ND,Renville County,38075,38,Renville County,resolved,2023
ND,Richland County,38077,38,Richland County,resolved,2023
ND,Rolette County,38079,38,Rolette County,resolved,2023
ND,Sargent County,38081,38,Sargent County,resolved,2023
ND,Sheridan County,38083,38,Sheridan County,resolved,2023
ND,Sioux County,38085,38,Sioux County,resolved,2023
ND,Slope County,38087,38,Slope County,resolved,2023
ND,Stark County,38089,38,Stark County,resolved,2023
ND,Steele County,38091,38,Steele County,resolved,2023
ND,Stutsman County,38093,38,Stutsman County,resolved,2023
ND,Towner County,38095,38,Towner County,resolved,2023
ND,Traill County,38097,38,Traill County,resolved,2023
ND,Walsh County,38099,38,Walsh County,resolved,2023
ND,Ward County,38101,38,Ward County,resolved,2023
ND,Wells County,38103,38,Wells County,resolved,2023
ND,Williams County,38105,38,Williams County,resolved,2023
NE,Adams County,31001,31,Adams County,resolved,2023
NE,Antelope County,31003,31,Antelope County,resolved,2023
NE,Arthur County,31005,31,Arthur County,resolved,2023
NE,Banner County,31007,31,Banner County,resolved,2023
NE,Blaine County,31009,31,Blaine County,resolved,2023
NE,Boone County,31011,31,Boone County,resolved,2023
NE,Box Butte County,31013,31,Box Butte County,resolved,2023
NE,Boyd County,31015,31,Boyd County,resolved,2023
NE,Brown County,31017,31,Brown County,resolved,2023
NE,Buffalo County,31019,31,Buffalo County,resolved,2023
NE,Burt County,31021,31,Burt County,resolved,2023
NE,Butler County,31023,31,Butler County,resolved,2023
NE,Cass County,31025,31,Cass County,resolved,2023
NE,Cedar County,31027,31,Cedar County,resolved,2023
NE,Chase County,31029,31,Chase County,resolved,2023
NE,Cherry County,31031,31,Cherry County,resolved,2023
NE,Cheyenne County,31033,31,Cheyenne County,resolved,2023
NE,Clay County,31035,31,Clay County,resolved,2023
NE,Colfax County,31037,31,Colfax County,resolved,2023
NE,Cuming County,31039,31,Cuming County,resolved,2023
NE,Custer County,31041,31,Custer County,resolved,2023
NE,Dakota County,31043,31,Dakota County,resolved,2023
NE,Dawes County,31045,31,Dawes County,resolved,2023
NE,Dawson County,31047,31,Dawson County,resolved,2023
NE,Deuel County,31049,31,Deuel County,resolved,2023
NE,Dixon County,31051,31,Dixon County,resolved,2023
NE,Dodge County,31053,31,Dodge County,resolved,2023
NE,Douglas County,31055,31,Douglas County,resolved,2023
NE,Dundy County,31057,31,Dundy County,resolved,2023
NE,Fillmore County,31059,31,Fillmore County,resolved,2023
NE,Franklin County,31061,31,Franklin County,resolved,2023
NE,Frontier County,31063,31,Frontier County,resolved,2023
NE,Furnas County,31065,31,Furnas County,resolved,2023
NE,Gage County,31067,31,Gage County,resolved,2023
NE,Garden County,31069,31,Garden County,resolved,2023
NE,Garfield County,31071,31,Garfield County,resolved,2023
NE,Gosper County,31073,31,Gosper County,resolved,2023
NE,Grant County,31075,31,Grant County,resolved,2023
NE,Greeley County,31077,31,Greeley County,resolved,2023
NE,Hall County,31079,31,Hall County,resolved,2023
NE,Hamilton County,31081,31,Hamilton County,resolved,2023
NE,Harlan County,31083,31,Harlan County,resolved,2023
NE,Hayes County,31085,31,Hayes County,resolved,2023
NE,Hitchcock County,31087,31,Hitchcock County,resolved,2023
NE,Holt County,31089,31,Holt County,resolved,2023
NE,Hooker County,31091,31,Hooker County,resolved,2023
NE,Howard County,31093,31,Howard County,resolved,2023
NE,Jefferson County,31095,31,Jefferson County,resolved,2023
NE,Johnson County,31097,31,Johnson County,resolved,2023
NE,Kearney County,31099,31,Kearney County,resolved,2023
NE,Keith County,31101,31,Keith County,resolved,2023
NE,Keya Paha County,31103,31,Keya Paha County,resolved,2023
NE,Kimball County,31105,31,Kimball County,resolved,2023
NE,Knox County,31107,31,Knox County,resolved,2023
NE,Lancaster County,31109,31,Lancaster County,resolved,2023
NE,Lincoln,31111,31,Lincoln County,resolved,2023
NE,Lincoln County,31111,31,Lincoln County,resolved,2023
NE,Logan County,31113,31,Logan County,resolved,2023
NE,Loup County,31115,31,Loup County,resolved,2023
NE,Madison County,31119,31,Madison County,resolved,2023
NE,McPherson County,31117,31,McPherson County,resolved,2023
NE,Merrick County,31121,31,Merrick County,resolved,2023
NE,Morrill County,31123,31,Morrill County,resolved,2023
NE,Nance County,31125,31,Nance County,resolved,2023
NE,Nemaha County,31127,31,Nemaha County,resolved,2023
NE,Nuckolls County,31129,31,Nuckolls County,resolved,2023
NE,Otoe County,31131,31,Otoe County,resolved,2023
NE,Pawnee County,31133,31,Pawnee County,resolved,2023
NE,Perkins County,31135,31,Perkins County,resolved,2023
NE,Phelps County,31137,31,Phelps County,resolved,2023
NE,Pierce County,31139,31,Pierce County,resolved,2023
NE,Platte County,31141,31,Platte County,resolved,2023
NE,Polk County,31143,31,Polk County,resolved,2023
NE,Red Willow County,31145,31,Red Willow County,resolved,2023
NE,Richardson County,31147,31,Richardson County,resolved,2023
NE,Rock County,31149,31,Rock County,resolved,2023
NE,Saline County,31151,31,Saline County,resolved,2023
NE,Sarpy County,31153,31,Sarpy County,resolved,2023
NE,Saunders County,31155,31,Saunders County,resolved,2023
NE,Scotts Bluff County,31157,31,Scotts Bluff County,resolved,2023
NE,Seward County,31159,31,Seward County,resolved,2023
NE,Sheridan County,31161,31,Sheridan County,resolved,2023
NE,Sherman County,31163,31,Sherman County,resolved,2023
NE,Sioux County,31165,31,Sioux County,resolved,2023
NE,Stanton County,31167,31,Stanton County,resolved,2023
NE,Thayer County,31169,31,Thayer County,resolved,2023
NE,Thomas County,31171,31,Thomas County,resolved,2023
NE,Thurston County,31173,31,Thurston County,resolved,2023
NE,Valley County,31175,31,Valley County,resolved,2023
NE,Washington,31177,31,Washington County,resolved,2023
NE,Washington County,31177,31,Washington County,resolved,2023
NE,Wayne County,31179,31,Wayne County,resolved,2023
NE,Webster County,31181,31,Webster County,resolved,2023
NE,Wheeler County,31183,31,Wheeler County,resolved,2023
NE,York County,31185,31,York County,resolved,2023
NH,Belknap County,33001,33,Belknap County,resolved,2023
NH,Carroll County,33003,33,Carroll County,resolved,2023
NH,Cheshire County,33005,33,Cheshire County,resolved,2023
NH,Coos County,33007,33,Coos County,resolved,2023
NH,Grafton County,33009,33,Grafton County,resolved,2023
NH,Hillsborough County,33011,33,Hillsborough County,resolved,2023
NH,Merrimack County,33013,33,Merrimack County,resolved,2023
NH,Rockingham County,33015,33,Rockingham County,resolved,2023
NH,Strafford,33017,33,Strafford County,resolved,2023
NH,Strafford County,33017,33,Strafford County,resolved,2023
NH,Sullivan County,33019,33,Sullivan County,resolved,2023
NJ,Atlantic,34001,34,Atlantic County,resolved,2023
NJ,Atlantic County,34001,34,Atlantic County,resolved,2023
NJ,Bergen County,34003,34,Bergen County,resolved,2023
NJ,Burlington,34005,34,Burlington County,resolved,2023
NJ,Burlington County,34005,34,Burlington County,resolved,2023
NJ,Camden,34007,34,Camden County,resolved,2023
NJ,Camden County,34007,34,Camden County,resolved,2023
NJ,Cape May,34009,34,Cape May County,resolved,2023
NJ,Cape May County,34009,34,Cape May County,resolved,2023
NJ,Cumberland County,34011,34,Cumberland County,resolved,2023
NJ,Essex County,34013,34,Essex County,resolved,2023
NJ,Gloucester,34015,34,Gloucester County,resolved,2023
NJ,Gloucester County,34015,34,Gloucester County,resolved,2023
NJ,Hudson,34017,34,Hudson County,resolved,2023
NJ,Hudson County,34017,34,Hudson County,resolved,2023
NJ,Hunterdon County,34019,34,Hunterdon County,resolved,2023
NJ,Mercer County,34021,34,Mercer County,resolved,2023
NJ,Middlesex,34023,34,Middlesex County,resolved,2023
NJ,Middlesex County,34023,34,Middlesex County,resolved,2023
NJ,Monmouth,34025,34,Monmouth County,resolved,2023
NJ,Monmouth County,34025,34,Monmouth County,resolved,2023
NJ,Morris County,34027,34,Morris County,resolved,2023
NJ,Ocean County,34029,34,Ocean County,resolved,2023
NJ,Passaic County,34031,34,Passaic County,resolved,2023
NJ,Salem,34033,34,Salem County,resolved,2023
NJ,Salem County,34033,34,Salem County,resolved,2023
NJ,Somerset,34035,34,Somerset County,resolved,2023
NJ,Somerset County,34035,34,Somerset County,resolved,2023
NJ,Sussex County,34037,34,Sussex County,resolved,2023
NJ,Union,34039,34,Union County,resolved,2023
NJ,Union County,34039,34,Union County,resolved,2023
NJ,Warren County,34041,34,Warren County,resolved,2023
NM,Bernalillo County,35001,35,Bernalillo County,resolved,2023
NM,Catron County,35003,35,Catron County,resolved,2023
NM,Chaves County,35005,35,Chaves County,resolved,2023
NM,Cibola County,35006,35,Cibola County,resolved,2023
NM,Colfax County,35007,35,Colfax County,resolved,2023
NM,Curry County,35009,35,Curry County,resolved,2023
NM,De Baca County,35011,35,De Baca County,resolved,2023
NM,Doña Ana County,35013,35,Doña Ana County,resolved,2023
NM,Eddy County,35015,35,Eddy County,resolved,2023
NM,Grant County,35017,35,Grant County,resolved,2023
NM,Guadalupe County,35019,35,Guadalupe County,resolved,2023
NM,Harding County,35021,35,Harding County,resolved,2023
NM,Hidalgo County,35023,35,Hidalgo County,resolved,2023
NM,Lea County,35025,35,Lea County,resolved,2023
NM,Lincoln County,35027,35,Lincoln County,resolved,2023
NM,Los Alamos,35028,35,Los Alamos County,resolved,2023
NM,Los Alamos County,35028,35,Los Alamos County,resolved,2023
NM,Luna County,35029,35,Luna County,resolved,2023
NM,McKinley County,35031,35,McKinley County,resolved,2023
NM,Mora County,35033,35,Mora County,resolved,2023
NM,Otero County,35035,35,Otero County,resolved,2023
NM,Quay,35037,35,Quay County,resolved,2023
NM,Quay County,35037,35,Quay County,resolved,2023
NM,Rio Arriba County,35039,35,Rio Arriba County,resolved,2023
NM,Roosevelt County,35041,35,Roosevelt County,resolved,2023
NM,San Juan County,35045,35,San Juan County,resolved,2023
NM,San Miguel County,35047,35,San Miguel County,resolved,2023
NM,Sandoval County,35043,35,Sandoval County,resolved,2023
NM,Santa Fe,35049,35,Santa Fe County,resolved,2023
NM,Santa Fe County,35049,35,Santa Fe County,resolved,2023
NM,Sierra County,35051,35,Sierra County,resolved,2023
NM,Socorro County,35053,35,Socorro County,resolved,2023
NM,Taos,35055,35,Taos County,resolved,2023
NM,Taos County,35055,35,Taos County,resolved,2023
NM,Torrance County,35057,35,Torrance County,resolved,2023
NM,Union County,35059,35,Union County,resolved,2023
NM,Valencia County,35061,35,Valencia County,resolved,2023
NV,Churchill County,32001,32,Churchill County,resolved,2023
NV,Clark County,32003,32,Clark County,resolved,2023
NV,Consolidated Municipality of Carson City,32510,32,Carson City,resolved,2023
NV,Douglas County,32005,32,Douglas County,resolved,2023
NV,Elko County,32007,32,Elko County,resolved,2023
NV,Esmeralda County,32009,32,Esmeralda County,resolved,2023
NV,Eureka County,32011,32,Eureka County,resolved,2023
NV,Humboldt County,32013,32,Humboldt County,resolved,2023
NV,Lander County,32015,32,Lander County,resolved,2023
NV,Lincoln County,32017,32,Lincoln County,resolved,2023
NV,Lyon County,32019,32,Lyon County,resolved,2023
NV,Mineral County,32021,32,Mineral County,resolved,2023
NV,Nye County,32023,32,Nye County,resolved,2023
NV,Pershing County,32027,32,Pershing County,resolved,2023
NV,Storey County,32029,32,Storey County,resolved,2023
NV,Washoe County,32031,32,Washoe County,resolved,2023
NV,White Pine County,32033,32,White Pine County,resolved,2023
NY,Albany,36001,36,Albany County,resolved,2023
NY,Albany County,36001,36,Albany County,resolved,2023
NY,Allegany County,36003,36,Allegany County,resolved,2023
NY,Bronx,36005,36,Bronx County,resolved,2023
NY,Bronx County,36005,36,Bronx County,resolved,2023
NY,Broome County,36007,36,Broome County,resolved,2023
NY,Cattaraugus County,36009,36,Cattaraugus County,resolved,2023
NY,Cayuga County,36011,36,Cayuga County,resolved,2023
NY,Chautauqua County,36013,36,Chautauqua County,resolved,2023
NY,Chemung County,36015,36,Chemung County,resolved,2023
NY,Chenango County,36017,36,Chenango County,resolved,2023
NY,Clinton County,36019,36,Clinton County,resolved,2023
NY,Columbia County,36021,36,Columbia County,resolved,2023
NY,Cortland,36023,36,Cortland County,resolved,2023
NY,Cortland County,36023,36,Cortland County,resolved,2023
NY,Delaware County,36025,36,Delaware County,resolved,2023
NY,Dutchess County,36027,36,Dutchess County,resolved,2023
NY,Erie County,36029,36,Erie County,resolved,2023
NY,Essex County,36031,36,Essex County,resolved,2023
NY,Franklin County,36033,36,Franklin County,resolved,2023
NY,Fulton County,36035,36,Fulton County,resolved,2023
NY,Genesee County,36037,36,Genesee County,resolved,2023
NY,Greene,36039,36,Greene County,resolved,2023
NY,Greene County,36039,36,Greene County,resolved,2023
NY,Hamilton County,36041,36,Hamilton County,resolved,2023
NY,Herkimer,36043,36,Herkimer County,resolved,2023
NY,Herkimer County,36043,36,Herkimer County,resolved,2023
NY,Jefferson County,36045,36,Jefferson County,resolved,2023
NY,Kings County,36047,36,Kings County,resolved,2023
NY,Lewis County,36049,36,Lewis County,resolved,2023
NY,Livingston County,36051,36,Livingston County,resolved,2023
NY,Madison County,36053,36,Madison County,resolved,2023
NY,Monroe County,36055,36,Monroe County,resolved,2023
NY,Montgomery County,36057,36,Montgomery County,resolved,2023
NY,Nassau County,36059,36,Nassau County,resolved,2023
NY,New York,36061,36,New York County,resolved,2023
NY,New York County,36061,36,New York County,resolved,2023
NY,Niagara,36063,36,Niagara County,resolved,2023
NY,Niagara County,36063,36,Niagara County,resolved,2023
NY,Oneida,36065,36,Oneida County,resolved,2023
NY,Oneida County,36065,36,Oneida County,resolved,2023
NY,Onondaga County,36067,36,Onondaga County,resolved,2023
NY,Ontario,36069,36,Ontario County,resolved,2023
NY,Ontario County,36069,36,Ontario County,resolved,2023
NY,Orange,36071,36,Orange County,resolved,2023
NY,Orange County,36071,36,Orange County,resolved,2023
NY,Orleans County,36073,36,Orleans County,resolved,2023
NY,Oswego County,36075,36,Oswego County,resolved,2023
NY,Otsego County,36077,36,Otsego County,resolved,2023
NY,Putnam County,36079,36,Putnam County,resolved,2023
NY,Queens,36081,36,Queens County,resolved,2023
NY,Queens County,36081,36,Queens County,resolved,2023
NY,Rensselaer,36083,36,Rensselaer County,resolved,2023
NY,Rensselaer County,36083,36,Rensselaer County,resolved,2023
NY,Richmond,36085,36,Richmond County,resolved,2023
NY,Richmond County,36085,36,Richmond County,resolved,2023
NY,Rockland County,36087,36,Rockland County,resolved,2023
NY,Saratoga County,36091,36,Saratoga County,resolved,2023
NY,Schenectady,36093,36,Schenectady County,resolved,2023
NY,Schenectady County,36093,36,Schenectady County,resolved,2023
NY,Schoharie,36095,36,Schoharie County,resolved,2023
NY,Schoharie County,36095,36,Schoharie County,resolved,2023
NY,Schuyler County,36097,36,Schuyler County,resolved,2023
NY,Seneca,36099,36,Seneca County,resolved,2023
NY,Seneca County,36099,36,Seneca County,resolved,2023
NY,St. Lawrence County,36089,36,St. Lawrence County,resolved,2023
NY,Steuben County,36101,36,Steuben County,resolved,2023
NY,Suffolk,36103,36,Suffolk County,resolved,2023
NY,Suffolk County,36103,36,Suffolk County,resolved,2023
NY,Sullivan County,36105,36,Sullivan County,resolved,2023
NY,Tioga County,36107,36,Tioga County,resolved,2023
NY,Tompkins County,36109,36,Tompkins County,resolved,2023
NY,Ulster,36111,36,Ulster County,resolved,2023
NY,Ulster County,36111,36,Ulster County,resolved,2023
NY,Warren County,36113,36,Warren County,resolved,2023
NY,Washington County,36115,36,Washington County,resolved,2023
NY,Wayne County,36117,36,Wayne County,resolved,2023
NY,Westchester,36119,36,Westchester County,resolved,2023
NY,Westchester County,36119,36,Westchester County,resolved,2023
NY,Wyoming County,36121,36,Wyoming County,resolved,2023
NY,Yates County,36123,36,Yates County,resolved,2023
OH,Adams County,39001,39,Adams County,resolved,2023
OH,Allen County,39003,39,Allen County,resolved,2023
OH,Ashland County,39005,39,Ashland County,resolved,2023
OH,Ashtabula,39007,39,Ashtabula County,resolved,2023
OH,Ashtabula County,39007,39,Ashtabula County,resolved,2023
OH,Athens,39009,39,Athens County,resolved,2023
OH,Athens County,39009,39,Athens County,resolved,2023
OH,Auglaize County,39011,39,Auglaize County,resolved,2023
OH,Belmont,39013,39,Belmont County,resolved,2023
OH,Belmont County,39013,39,Belmont County,resolved,2023
OH,Brown County,39015,39,Brown County,resolved,2023
OH,Butler County,39017,39,Butler County,resolved,2023
OH,Carroll County,39019,39,Carroll County,resolved,2023
OH,Champaign County,39021,39,Champaign County,resolved,2023
OH,Clark County,39023,39,Clark County,resolved,2023
OH,Clermont County,39025,39,Clermont County,resolved,2023
OH,Clinton County,39027,39,Clinton County,resolved,2023
OH,Columbiana County,39029,39,Columbiana County,resolved,2023
OH,Coshocton County,39031,39,Coshocton County,resolved,2023
OH,Crawford County,39033,39,Crawford County,resolved,2023
OH,Cuyahoga County,39035,39,Cuyahoga County,resolved,2023
OH,Darke County,39037,39,Darke County,resolved,2023
OH,Defiance County,39039,39,Defiance County,resolved,2023
OH,Delaware,39041,39,Delaware County,resolved,2023
OH,Delaware County,39041,39,Delaware County,resolved,2023
OH,Erie County,39043,39,Erie County,resolved,2023
OH,Fairfield County,39045,39,Fairfield County,resolved,2023
OH,Fayette County,39047,39,Fayette County,resolved,2023
OH,Franklin County,39049,39,Franklin County,resolved,2023
OH,Fulton County,39051,39,Fulton County,resolved,2023
OH,Gallia County,39053,39,Gallia County,resolved,2023
OH,Geauga County,39055,39,Geauga County,resolved,2023
OH,Greene County,39057,39,Greene County,resolved,2023
OH,Guernsey County,39059,39,Guernsey County,resolved,2023
OH,Hamilton,39061,39,Hamilton County,resolved,2023
OH,Hamilton County,39061,39,Hamilton County,resolved,2023
OH,Hancock County,39063,39,Hancock County,resolved,2023
OH,Hardin County,39065,39,Hardin County,resolved,2023
OH,Harrison County,39067,39,Harrison County,resolved,2023
OH,Henry County,39069,39,Henry County,resolved,2023
OH,Highland,39071,39,Highland County,resolved,2023
OH,Highland County,39071,39,Highland County,resolved,2023
OH,Hocking County,39073,39,Hocking County,resolved,2023
OH,Holmes County,39075,39,Holmes County,resolved,2023
OH,Huron County,39077,39,Huron County,resolved,2023
OH,Jackson,39079,39,Jackson County,resolved,2023
OH,Jackson County,39079,39,Jackson County,resolved,2023
OH,Jefferson County,39081,39,Jefferson County,resolved,2023
OH,Knox County,39083,39,Knox County,resolved,2023
OH,Lake County,39085,39,Lake County,resolved,2023
OH,Lawrence County,39087,39,Lawrence County,resolved,2023
OH,Licking County,39089,39,Licking County,resolved,2023
OH,Logan County,39091,39,Logan County,resolved,2023
OH,Lorain,39093,39,Lorain County,resolved,2023
OH,Lorain County,39093,39,Lorain County,resolved,2023
OH,Lucas County,39095,39,Lucas County,resolved,2023
OH,Madison County,39097,39,Madison County,resolved,2023
OH,Mahoning County,39099,39,Mahoning County,resolved,2023
OH,Marion County,39101,39,Marion County,resolved,2023
OH,Medina County,39103,39,Medina County,resolved,2023
OH,Meigs County,39105,39,Meigs County,resolved,2023
OH,Mercer County,39107,39,Mercer County,resolved,2023
OH,Miami County,39109,39,Miami County,resolved,2023
OH,Monroe County,39111,39,Monroe County,resolved,2023
OH,Montgomery County,39113,39,Montgomery County,resolved,2023
OH,Morgan County,39115,39,Morgan County,resolved,2023
OH,Morrow County,39117,39,Morrow County,resolved,2023
OH,Muskingum County,39119,39,Muskingum County,resolved,2023
OH,Noble County,39121,39,Noble County,resolved,2023
OH,Ottawa County,39123,39,Ottawa County,resolved,2023
OH,Paulding County,39125,39,Paulding County,resolved,2023
OH,Perry County,39127,39,Perry County,resolved,2023
OH,Pickaway County,39129,39,Pickaway County,resolved,2023
OH,Pike County,39131,39,Pike County,resolved,2023
OH,Portage County,39133,39,Portage County,resolved,2023
OH,Preble County,39135,39,Preble County,resolved,2023
OH,Putnam County,39137,39,Putnam County,resolved,2023
OH,Richland County,39139,39,Richland County,resolved,2023
OH,Ross County,39141,39,Ross County,resolved,2023
OH,Sandusky County,39143,39,Sandusky County,resolved,2023
OH,Scioto County,39145,39,Scioto County,resolved,2023
OH,Seneca County,39147,39,Seneca County,resolved,2023
OH,Shelby,39149,39,Shelby County,resolved,2023
OH,Shelby County,39149,39,Shelby County,resolved,2023
OH,Stark,39151,39,Stark County,resolved,2023
OH,Stark County,39151,39,Stark County,resolved,2023
OH,Summit County,39153,39,Summit County,resolved,2023
OH,Trumbull County,39155,39,Trumbull County,resolved,2023
OH,Tuscarawas County,39157,39,Tuscarawas County,resolved,2023
OH,Union County,39159,39,Union County,resolved,2023
OH,Van Wert,39161,39,Van Wert County,resolved,2023
OH,Van Wert County,39161,39,Van Wert County,resolved,2023
OH,Vinton County,39163,39,Vinton County,resolved,2023
OH,Warren County,39165,39,Warren County,resolved,2023
OH,Washington County,39167,39,Washington County,resolved,2023
OH,Wayne County,39169,39,Wayne County,resolved,2023
OH,Williams County,39171,39,Williams County,resolved,2023
OH,Wood County,39173,39,Wood County,resolved,2023
OH,Wyandot County,39175,39,Wyandot County,resolved,2023
OK,Adair County,40001,40,Adair County,resolved,2023
OK,Alfalfa County,40003,40,Alfalfa County,resolved,2023
OK,Atoka County,40005,40,Atoka County,resolved,2023
OK,Beaver County,40007,40,Beaver County,resolved,2023
OK,Beckham County,40009,40,Beckham County,resolved,2023
OK,Blaine County,40011,40,Blaine County,resolved,2023
OK,Bryan County,40013,40,Bryan County,resolved,2023
OK,Caddo County,40015,40,Caddo County,resolved,2023
OK,Canadian County,40017,40,Canadian County,resolved,2023
OK,Carter County,40019,40,Carter County,resolved,2023
OK,Cherokee County,40021,40,Cherokee County,resolved,2023
OK,Choctaw County,40023,40,Choctaw County,resolved,2023
OK,Cimarron County,40025,40,Cimarron County,resolved,2023
OK,Cleveland County,40027,40,Cleveland County,resolved,2023
OK,Coal County,40029,40,Coal County,resolved,2023
OK,Comanche County,40031,40,Comanche County,resolved,2023
OK,Cotton County,40033,40,Cotton County,resolved,2023
OK,Craig County,40035,40,Craig County,resolved,2023
OK,Creek County,40037,40,Creek County,resolved,2023
OK,Custer County,40039,40,Custer County,resolved,2023
OK,Delaware,40041,40,Delaware County,resolved,2023
OK,Delaware County,40041,40,Delaware County,resolved,2023
OK,Dewey County,40043,40,Dewey County,resolved,2023
OK,Ellis County,40045,40,Ellis County,resolved,2023
OK,Garfield County,40047,40,Garfield County,resolved,2023
OK,Garvin County,40049,40,Garvin County,resolved,2023
OK,Grady County,40051,40,Grady County,resolved,2023
OK,Grant County,40053,40,Grant County,resolved,2023
OK,Greer County,40055,40,Greer County,resolved,2023
OK,Harmon County,40057,40,Harmon County,resolved,2023
OK,Harper County,40059,40,Harper County,resolved,2023
OK,Haskell County,40061,40,Haskell County,resolved,2023
OK,Hughes County,40063,40,Hughes County,resolved,2023
OK,Jackson County,40065,40,Jackson County,resolved,2023
OK,Jefferson County,40067,40,Jefferson County,resolved,2023
OK,Johnston County,40069,40,Johnston County,resolved,2023
OK,Kay County,40071,40,Kay County,resolved,2023
OK,Kingfisher,40073,40,Kingfisher County,resolved,2023
OK,Kingfisher County,40073,40,Kingfisher County,resolved,2023
OK,Kiowa County,40075,40,Kiowa County,resolved,2023
OK,Latimer County,40077,40,Latimer County,resolved,2023
OK,Le Flore County,40079,40,Le Flore County,resolved,2023
OK,Lincoln County,40081,40,Lincoln County,resolved,2023
OK,Logan County,40083,40,Logan County,resolved,2023
OK,Love County,40085,40,Love County,resolved,2023
OK,Major County,40093,40,Major County,resolved,2023
OK,Marshall County,40095,40,Marshall County,resolved,2023
OK,Mayes County,40097,40,Mayes County,resolved,2023
OK,McClain County,40087,40,McClain County,resolved,2023
OK,McCurtain County,40089,40,McCurtain County,resolved,2023
OK,McIntosh County,40091,40,McIntosh County,resolved,2023
OK,Murray County,40099,40,Murray County,resolved,2023
OK,Muskogee County,40101,40,Muskogee County,resolved,2023
OK,Noble County,40103,40,Noble County,resolved,2023
OK,Nowata County,40105,40,Nowata County,resolved,2023
OK,Okfuskee County,40107,40,Okfuskee County,resolved,2023
OK,Oklahoma,40109,40,Oklahoma County,resolved,2023
OK,Oklahoma County,40109,40,Oklahoma County,resolved,2023
OK,Okmulgee County,40111,40,Okmulgee County,resolved,2023
OK,Osage County,40113,40,Osage County,resolved,2023
OK,Ottawa,40115,40,Ottawa County,resolved,2023
OK,Ottawa County,40115,40,Ottawa County,resolved,2023
OK,Pawnee,40117,40,Pawnee County,resolved,2023
OK,Pawnee County,40117,40,Pawnee County,resolved,2023
OK,Payne County,40119,40,Payne County,resolved,2023
OK,Pittsburg County,40121,40,Pittsburg County,resolved,2023
OK,Pontotoc County,40123,40,Pontotoc County,resolved,2023
OK,Pottawatomie County,40125,40,Pottawatomie County,resolved,2023
OK,Pushmataha County,40127,40,Pushmataha County,resolved,2023
OK,Roger Mills County,40129,40,Roger Mills County,resolved,2023
OK,Rogers County,40131,40,Rogers County,resolved,2023
OK,Seminole County,40133,40,Seminole County,resolved,2023
OK,Sequoyah County,40135,40,Sequoyah County,resolved,2023
OK,Stephens,40137,40,Stephens County,resolved,2023
OK,Stephens County,40137,40,Stephens County,resolved,2023
OK,Texas County,40139,40,Texas County,resolved,2023
OK,Tillman County,40141,40,Tillman County,resolved,2023
OK,Tulsa,40143,40,Tulsa County,resolved,2023
OK,Tulsa County,40143,40,Tulsa County,resolved,2023
OK,Wagoner County,40145,40,Wagoner County,resolved,2023
OK,Washington County,40147,40,Washington County,resolved,2023
OK,Washita County,40149,40,Washita County,resolved,2023
OK,Woods County,40151,40,Woods County,resolved,2023
OK,Woodward County,40153,40,Woodward County,resolved,2023
OR,Baker County,41001,41,Baker County,resolved,2023
OR,Benton County,41003,41,Benton County,resolved,2023
OR,Clackamas,41005,41,Clackamas County,resolved,2023
OR,Clackamas County,41005,41,Clackamas County,resolved,2023
OR,Clatsop County,41007,41,Clatsop County,resolved,2023
OR,Columbia County,41009,41,Columbia County,resolved,2023
OR,Coos County,41011,41,Coos County,resolved,2023
OR,Crook County,41013,41,Crook County,resolved,2023
OR,Curry County,41015,41,Curry County,resolved,2023
OR,Deschutes County,41017,41,Deschutes County,resolved,2023
OR,Douglas County,41019,41,Douglas County,resolved,2023
OR,Gilliam County,41021,41,Gilliam County,resolved,2023
OR,Grant County,41023,41,Grant County,resolved,2023
OR,Harney County,41025,41,Harney County,resolved,2023
OR,Hood River County,41027,41,Hood River County,resolved,2023
OR,Jackson County,41029,41,Jackson County,resolved,2023
OR,Jefferson County,41031,41,Jefferson County,resolved,2023
OR,Josephine County,41033,41,Josephine County,resolved,2023
OR,Klamath County,41035,41,Klamath County,resolved,2023
OR,Lake County,41037,41,Lake County,resolved,2023
OR,Lane County,41039,41,Lane County,resolved,2023
OR,Lincoln County,41041,41,Lincoln County,resolved,2023
OR,Linn County,41043,41,Linn County,resolved,2023
OR,Malheur County,41045,41,Malheur County,resolved,2023
OR,Marion County,41047,41,Marion County,resolved,2023
OR,Morrow County,41049,41,Morrow County,resolved,2023
OR,Multnomah County,41051,41,Multnomah County,resolved,2023
OR,Polk County,41053,41,Polk County,resolved,2023
OR,Sherman County,41055,41,Sherman County,resolved,2023
OR,Tillamook County,41057,41,Tillamook County,resolved,2023
OR,Umatilla County,41059,41,Umatilla County,resolved,2023
OR,Union County,41061,41,Union County,resolved,2023
OR,Wallowa County,41063,41,Wallowa County,resolved,2023
OR,Wasco County,41065,41,Wasco County,resolved,2023
OR,Washington County,41067,41,Washington County,resolved,2023
OR,Wheeler County,41069,41,Wheeler County,resolved,2023
OR,Yamhill County,41071,41,Yamhill County,resolved,2023
PA,Adams County,42001,42,Adams County,resolved,2023
PA,Allegheny County,42003,42,Allegheny County,resolved,2023
PA,Armstrong County,42005,42,Armstrong County,resolved,2023
PA,Beaver County,42007,42,Beaver County,resolved,2023
PA,Bedford,42009,42,Bedford County,resolved,2023
PA,Bedford County,42009,42,Bedford County,resolved,2023
PA,Berks County,42011,42,Berks County,resolved,2023
PA,Blair County,42013,42,Blair County,resolved,2023
PA,Bradford County,42015,42,Bradford County,resolved,2023
PA,Bucks County,42017,42,Bucks County,resolved,2023
PA,Butler County,42019,42,Butler County,resolved,2023
PA,Cambria County,42021,42,Cambria County,resolved,2023
PA,Cameron County,42023,42,Cameron County,resolved,2023
PA,Carbon County,42025,42,Carbon County,resolved,2023
PA,Centre County,42027,42,Centre County,resolved,2023
PA,Chester,42029,42,Chester County,resolved,2023
PA,Chester County,42029,42,Chester County,resolved,2023
PA,Clarion County,42031,42,Clarion County,resolved,2023
PA,Clearfield County,42033,42,Clearfield County,resolved,2023
PA,Clinton County,42035,42,Clinton County,resolved,2023
PA,Columbia County,42037,42,Columbia County,resolved,2023
PA,Crawford County,42039,42,Crawford County,resolved,2023
PA,Cumberland County,42041,42,Cumberland County,resolved,2023
PA,Dauphin County,42043,42,Dauphin County,resolved,2023
PA,Delaware,42045,42,Delaware County,resolved,2023
PA,Delaware County,42045,42,Delaware County,resolved,2023
PA,Elk County,42047,42,Elk County,resolved,2023
PA,Erie,42049,42,Erie County,resolved,2023
PA,Erie County,42049,42,Erie County,resolved,2023
PA,Fayette County,42051,42,Fayette County,resolved,2023
PA,Forest County,42053,42,Forest County,resolved,2023
PA,Franklin,42055,42,Franklin County,resolved,2023
PA,Franklin County,42055,42,Franklin County,resolved,2023
PA,Frederick County,42001,42,Adams County,resolved,2023
PA,Fulton County,42057,42,Fulton County,resolved,2023
PA,Garrett County,,,,unresolved,2023
PA,Greene,42059,42,Greene County,resolved,2023
PA,Greene County,42059,42,Greene County,resolved,2023
PA,Huntingdon County,42061,42,Huntingdon County,resolved,2023
PA,Indiana County,42063,42,Indiana County,resolved,2023
PA,Jefferson County,42065,42,Jefferson County,resolved,2023
PA,Juniata County,42067,42,Juniata County,resolved,2023
PA,Lackawanna County,42069,42,Lackawanna County,resolved,2023
PA,Lancaster,42071,42,Lancaster County,resolved,2023
PA,Lancaster County,42071,42,Lancaster County,resolved,2023
PA,Lawrence County,42073,42,Lawrence County,resolved,2023
PA,Lebanon County,42075,42,Lebanon County,resolved,2023
PA,Lehigh,42077,42,Lehigh County,resolved,2023
PA,Lehigh County,42077,42,Lehigh County,resolved,2023
PA,Luzerne County,42079,42,Luzerne County,resolved,2023
PA,Lycoming County,42081,42,Lycoming County,resolved,2023
PA,McKean County,42083,42,McKean County,resolved,2023
PA,Mercer,42085,42,Mercer County,resolved,2023
PA,Mercer County,42085,42,Mercer County,resolved,2023
PA,Mifflin,42087,42,Mifflin County,resolved,2023
PA,Mifflin County,42087,42,Mifflin County,resolved,2023
PA,Monroe County,42089,42,Monroe County,resolved,2023
PA,Montgomery,42091,42,Montgomery County,resolved,2023
PA,Montgomery County,42091,42,Montgomery County,resolved,2023
PA,Montour County,42093,42,Montour County,resolved,2023
PA,Northampton,42095,42,Northampton County,resolved,2023
PA,Northampton County,42095,42,Northampton County,resolved,2023
PA,Northumberland County,42097,42,Northumberland County,resolved,2023
PA,Perry County,42099,42,Perry County,resolved,2023
PA,Philadelphia,42101,42,Philadelphia County,resolved,2023
PA,Philadelphia County,42101,42,Philadelphia County,resolved,2023
PA,Pike County,42103,42,Pike County,resolved,2023
PA,Potter County,42105,42,Potter County,resolved,2023
PA,Schuylkill County,42107,42,Schuylkill County,resolved,2023
PA,Snyder County,42109,42,Snyder County,resolved,2023
PA,Somerset,42111,42,Somerset County,resolved,2023
PA,Somerset County,42111,42,Somerset County,resolved,2023
PA,Sullivan County,42113,42,Sullivan County,resolved,2023
PA,Susquehanna,42115,42,Susquehanna County,resolved,2023
PA,Susquehanna County,42115,42,Susquehanna County,resolved,2023
PA,Tioga County,42117,42,Tioga County,resolved,2023
PA,Union County,42119,42,Union County,resolved,2023
PA,Venango County,42121,42,Venango County,resolved,2023
PA,Warren,42123,42,Warren County,resolved,2023
PA,Warren County,42123,42,Warren County,resolved,2023
PA,Washington,42125,42,Washington County,resolved,2023
PA,Washington County,42125,42,Washington County,resolved,2023
PA,Wayne County,42127,42,Wayne County,resolved,2023
PA,Westmoreland County,42129,42,Westmoreland County,resolved,2023
PA,Wyoming County,42131,42,Wyoming County,resolved,2023
PA,York County,42133,42,York County,resolved,2023
PR,Adjuntas,72001,72,Adjuntas Municipio,resolved,2023
PR,Aguada,72003,72,Aguada Municipio,resolved,2023
PR,Aguadilla,72005,72,Aguadilla Municipio,resolved,2023
PR,Aguas Buenas,72007,72,Aguas Buenas Municipio,resolved,2023
PR,Aibonito,72009,72,Aibonito Municipio,resolved,2023
PR,Arecibo,72013,72,Arecibo Municipio,resolved,2023
PR,Arroyo,72015,72,Arroyo Municipio,resolved,2023
PR,Añasco,72011,72,Añasco Municipio,resolved,2023
PR,Barceloneta,72017,72,Barceloneta Municipio,resolved,2023
PR,Barranquitas,72019,72,Barranquitas Municipio,resolved,2023
PR,Barranquitas Municipio,72019,72,Barranquitas Municipio,resolved,2023
PR,Bayamón,72021,72,Bayamón Municipio,resolved,2023
PR,Cabo Rojo,72023,72,Cabo Rojo Municipio,resolved,2023
PR,Caguas,72025,72,Caguas Municipio,resolved,2023
PR,Camuy,72027,72,Camuy Municipio,resolved,2023
PR,Canóvanas,72029,72,Canóvanas Municipio,resolved,2023
PR,Canóvanas Municipio,72029,72,Canóvanas Municipio,resolved,2023
PR,Carolina,72031,72,Carolina Municipio,resolved,2023
PR,Cataño,72033,72,Cataño Municipio,resolved,2023
PR,Cayey,72035,72,Cayey Municipio,resolved,2023
PR,Ceiba,72037,72,Ceiba Municipio,resolved,2023
PR,Ciales,72039,72,Ciales Municipio,resolved,2023
PR,Ciales Municipio,72039,72,Ciales Municipio,resolved,2023
PR,Cidra,72041,72,Cidra Municipio,resolved,2023
PR,Coamo,72043,72,Coamo Municipio,resolved,2023
PR,Comerío,72045,72,Comerío Municipio,resolved,2023
PR,Corozal,72047,72,Corozal Municipio,resolved,2023
PR,Culebra,72049,72,Culebra Municipio,resolved,2023
PR,Dorado,72051,72,Dorado Municipio,resolved,2023
PR,Fajardo,72053,72,Fajardo Municipio,resolved,2023
PR,Florida,72054,72,Florida Municipio,resolved,2023
PR,Guayama,72057,72,Guayama Municipio,resolved,2023
PR,Guayanilla,72059,72,Guayanilla Municipio,resolved,2023
PR,Guaynabo,72061,72,Guaynabo Municipio,resolved,2023
PR,Gurabo,72063,72,Gurabo Municipio,resolved,2023
PR,Guánica,72055,72,Guánica Municipio,resolved,2023
PR,Hatillo,72065,72,Hatillo Municipio,resolved,2023
PR,Hormigueros,72067,72,Hormigueros Municipio,resolved,2023
PR,Humacao,72069,72,Humacao Municipio,resolved,2023
PR,Isabela,72071,72,Isabela Municipio,resolved,2023
PR,Jayuya,72073,72,Jayuya Municipio,resolved,2023
PR,Juana Díaz,72075,72,Juana Díaz Municipio,resolved,2023
PR,Juncos,72077,72,Juncos Municipio,resolved,2023
PR,Lajas,72079,72,Lajas Municipio,resolved,2023
PR,Lares,72081,72,Lares Municipio,resolved,2023
PR,Las Marías,72083,72,Las Marías Municipio,resolved,2023
PR,Las Piedras,72085,72,Las Piedras Municipio,resolved,2023
PR,Loíza,72087,72,Loíza Municipio,resolved,2023
PR,Luquillo,72089,72,Luquillo Municipio,resolved,2023
PR,Manatí,72091,72,Manatí Municipio,resolved,2023
PR,Maricao,72093,72,Maricao Municipio,resolved,2023
PR,Maunabo,72095,72,Maunabo Municipio,resolved,2023
PR,Mayagüez,72097,72,Mayagüez Municipio,resolved,2023
PR,Moca,72099,72,Moca Municipio,resolved,2023
PR,Morovis,72101,72,Morovis Municipio,resolved,2023
PR,Naguabo,72103,72,Naguabo Municipio,resolved,2023
PR,Naranjito,72105,72,Naranjito Municipio,resolved,2023
PR,Orocovis,72107,72,Orocovis Municipio,resolved,2023
PR,Patillas,72109,72,Patillas Municipio,resolved,2023
PR,Peñuelas,72111,72,Peñuelas Municipio,resolved,2023
PR,Ponce,72113,72,Ponce Municipio,resolved,2023
PR,Quebradillas,72115,72,Quebradillas Municipio,resolved,2023
PR,Rincón,72117,72,Rincón Municipio,resolved,2023
PR,Río Grande,72119,72,Río Grande Municipio,resolved,2023
PR,Sabana Grande,72121,72,Sabana Grande Municipio,resolved,2023
PR,Salinas,72123,72,Salinas Municipio,resolved,2023
PR,San Germán,72125,72,San Germán Municipio,resolved,2023
PR,San Juan,72127,72,San Juan Municipio,resolved,2023
PR,San Juan Municipio,72127,72,San Juan Municipio,resolved,2023
PR,San Lorenzo,72129,72,San Lorenzo Municipio,resolved,2023
PR,San Sebastián,72131,72,San Sebastián Municipio,resolved,2023
PR,Santa Isabel,72133,72,Santa Isabel Municipio,resolved,2023
PR,Toa Alta,72135,72,Toa Alta Municipio,resolved,2023
PR,Toa Baja,72137,72,Toa Baja Municipio,resolved,2023
PR,Trujillo Alto,72139,72,Trujillo Alto Municipio,resolved,2023
PR,Utuado,72141,72,Utuado Municipio,resolved,2023
PR,Vega Alta,72143,72,Vega Alta Municipio,resolved,2023
PR,Vega Baja,72145,72,Vega Baja Municipio,resolved,2023
PR,Vieques,72147,72,Vieques Municipio,resolved,2023
PR,Villalba,72149,72,Villalba Municipio,resolved,2023
PR,Yabucoa,72151,72,Yabucoa Municipio,resolved,2023
PR,Yauco,72153,72,Yauco Municipio,resolved,2023
RI,Bristol County,44001,44,Bristol County,resolved,2023
RI,Kent County,44003,44,Kent County,resolved,2023
RI,Newport County,44005,44,Newport County,resolved,2023
RI,Providence,44007,44,Providence County,resolved,2023
RI,Providence County,44007,44,Providence County,resolved,2023
RI,Washington County,44009,44,Washington County,resolved,2023
SC,Abbeville County,45001,45,Abbeville County,resolved,2023
SC,Aiken County,45003,45,Aiken County,resolved,2023
SC,Allendale County,45005,45,Allendale County,resolved,2023
SC,Anderson,45007,45,Anderson County,resolved,2023
SC,Anderson County,45007,45,Anderson County,resolved,2023
SC,Bamberg County,45009,45,Bamberg County,resolved,2023
SC,Barnwell County,45011,45,Barnwell County,resolved,2023
SC,Beaufort,45013,45,Beaufort County,resolved,2023
SC,Beaufort County,45013,45,Beaufort County,resolved,2023
SC,Berkeley County,45015,45,Berkeley County,resolved,2023
SC,Calhoun County,45017,45,Calhoun County,resolved,2023
SC,Charleston,45019,45,Charleston County,resolved,2023
SC,Charleston County,45019,45,Charleston County,resolved,2023
SC,Cherokee County,45021,45,Cherokee County,resolved,2023
SC,Chester County,45023,45,Chester County,resolved,2023
SC,Chesterfield County,45025,45,Chesterfield County,resolved,2023
SC,Clarendon County,45027,45,Clarendon County,resolved,2023
SC,Colleton County,45029,45,Colleton County,resolved,2023
SC,Darlington,45031,45,Darlington County,resolved,2023
SC,Darlington County,45031,45,Darlington County,resolved,2023
SC,Dillon,45033,45,Dillon County,resolved,2023
SC,Dillon County,45033,45,Dillon County,resolved,2023
SC,Dorchester County,45035,45,Dorchester County,resolved,2023
SC,Edgefield,45037,45,Edgefield County,resolved,2023
SC,Edgefield County,45037,45,Edgefield County,resolved,2023
SC,Fairfield County,45039,45,Fairfield County,resolved,2023
SC,Florence,45041,45,Florence County,resolved,2023
SC,Florence County,45041,45,Florence County,resolved,2023
SC,Georgetown,45043,45,Georgetown County,resolved,2023
SC,Georgetown County,45043,45,Georgetown County,resolved,2023
SC,Greenville,45045,45,Greenville County,resolved,2023
SC,Greenville County,45045,45,Greenville County,resolved,2023
SC,Greenwood County,45047,45,Greenwood County,resolved,2023
SC,Hampton,45049,45,Hampton County,resolved,2023
SC,Hampton County,45049,45,Hampton County,resolved,2023
SC,Horry County,45051,45,Horry County,resolved,2023
SC,Jasper,45053,45,Jasper County,resolved,2023
SC,Jasper County,45053,45,Jasper County,resolved,2023
SC,Kershaw County,45055,45,Kershaw County,resolved,2023
SC,Lancaster County,45057,45,Lancaster County,resolved,2023
SC,Laurens County,45059,45,Laurens County,resolved,2023
SC,Lee County,45061,45,Lee County,resolved,2023
SC,Lexington,45063,45,Lexington County,resolved,2023
SC,Lexington County,45063,45,Lexington County,resolved,2023
SC,Marion County,45067,45,Marion County,resolved,2023
SC,Marlboro County,45069,45,Marlboro County,resolved,2023
SC,McCormick,45065,45,McCormick County,resolved,2023
SC,McCormick County,45065,45,McCormick County,resolved,2023
SC,Newberry County,45071,45,Newberry County,resolved,2023
SC,Oconee County,45073,45,Oconee County,resolved,2023
SC,Orangeburg,45075,45,Orangeburg County,resolved,2023
SC,Orangeburg County,45075,45,Orangeburg County,resolved,2023
SC,Pickens County,45077,45,Pickens County,resolved,2023
SC,Richland County,45079,45,Richland County,resolved,2023
SC,Saluda County,45081,45,Saluda County,resolved,2023
SC,Spartanburg,45083,45,Spartanburg County,resolved,2023
SC,Spartanburg County,45083,45,Spartanburg County,resolved,2023
SC,Sumter,45085,45,Sumter County,resolved,2023
SC,Sumter County,45085,45,Sumter County,resolved,2023
SC,Union County,45087,45,Union County,resolved,2023
SC,Williamsburg County,45089,45,Williamsburg County,resolved,2023
SC,York County,45091,45,York County,resolved,2023
SD,Aurora County,46003,46,Aurora County,resolved,2023
SD,Beadle County,46005,46,Beadle County,resolved,2023
SD,Bennett County,46007,46,Bennett County,resolved,2023
SD,Bon Homme County,46009,46,Bon Homme County,resolved,2023
SD,Brookings County,46011,46,Brookings County,resolved,2023
SD,Brown County,46013,46,Brown County,resolved,2023
SD,Brule County,46015,46,Brule County,resolved,2023
SD,Buffalo County,46017,46,Buffalo County,resolved,2023
SD,Butte County,46019,46,Butte County,resolved,2023
SD,Campbell County,46021,46,Campbell County,resolved,2023
SD,Charles Mix County,46023,46,Charles Mix County,resolved,2023
SD,Clark County,46025,46,Clark County,resolved,2023
SD,Clay County,46027,46,Clay County,resolved,2023
SD,Codington County,46029,46,Codington County,resolved,2023
SD,Corson County,46031,46,Corson County,resolved,2023
SD,Custer County,46033,46,Custer County,resolved,2023
SD,Davison County,46035,46,Davison County,resolved,2023
SD,Day County,46037,46,Day County,resolved,2023
SD,Deuel County,46039,46,Deuel County,resolved,2023
SD,Dewey County,46041,46,Dewey County,resolved,2023
SD,Douglas County,46043,46,Douglas County,resolved,2023
SD,Edmunds County,46045,46,Edmunds County,resolved,2023
SD,Fall River County,46047,46,Fall River County,resolved,2023
SD,Faulk County,46049,46,Faulk County,resolved,2023
SD,Grant County,46051,46,Grant County,resolved,2023
SD,Gregory County,46053,46,Gregory County,resolved,2023
SD,Haakon County,46055,46,Haakon County,resolved,2023
SD,Hamlin County,46057,46,Hamlin County,resolved,2023
SD,Hand County,46059,46,Hand County,resolved,2023
SD,Hanson County,46061,46,Hanson County,resolved,2023
SD,Harding County,46063,46,Harding County,resolved,2023
SD,Hughes County,46065,46,Hughes County,resolved,2023
SD,Hutchinson County,46067,46,Hutchinson County,resolved,2023
SD,Hyde County,46069,46,Hyde County,resolved,2023
SD,Jackson County,46071,46,Jackson County,resolved,2023
SD,Jerauld County,46073,46,Jerauld County,resolved,2023
SD,Jones County,46075,46,Jones County,resolved,2023
SD,Kingsbury County,46077,46,Kingsbury County,resolved,2023
SD,Lake County,46079,46,Lake County,resolved,2023
SD,Lawrence County,46081,46,Lawrence County,resolved,2023
SD,Lincoln County,46083,46,Lincoln County,resolved,2023
SD,Lyman County,46085,46,Lyman County,resolved,2023
SD,Marshall County,46091,46,Marshall County,resolved,2023
SD,McCook County,46087,46,McCook County,resolved,2023
SD,McPherson County,46089,46,McPherson County,resolved,2023
SD,Meade County,46093,46,Meade County,resolved,2023
SD,Mellette County,46095,46,Mellette County,resolved,2023
SD,Miner County,46097,46,Miner County,resolved,2023
SD,Minnehaha County,46099,46,Minnehaha County,resolved,2023
SD,Moody County,46101,46,Moody County,resolved,2023
SD,Oglala Lakota County,46102,46,Oglala Lakota County,resolved,2023
SD,Pennington County,46103,46,Pennington County,resolved,2023
SD,Perkins County,46105,46,Perkins County,resolved,2023
SD,Potter County,46107,46,Potter County,resolved,2023
SD,Roberts County,46109,46,Roberts County,resolved,2023
SD,Sanborn County,46111,46,Sanborn County,resolved,2023
SD,Spink County,46115,46,Spink County,resolved,2023
SD,Stanley County,46117,46,Stanley County,resolved,2023
SD,Sully County,46119,46,Sully County,resolved,2023
SD,Todd County,46121,46,Todd County,resolved,2023
SD,Tripp County,46123,46,Tripp County,resolved,2023
SD,Turner County,46125,46,Turner County,resolved,2023
SD,Union County,46127,46,Union County,resolved,2023
SD,Walworth County,46129,46,Walworth County,resolved,2023
SD,Yankton,46135,46,Yankton County,resolved,2023
SD,Yankton County,46135,46,Yankton County,resolved,2023
SD,Ziebach County,46137,46,Ziebach County,resolved,2023
TN,Anderson County,47001,47,Anderson County,resolved,2023
TN,Bedford County,47003,47,Bedford County,resolved,2023
TN,Benton County,47005,47,Benton County,resolved,2023
TN,Bledsoe County,47007,47,Bledsoe County,resolved,2023
TN,Blount County,47009,47,Blount County,resolved,2023
TN,Bradley County,47011,47,Bradley County,resolved,2023
TN,Campbell County,47013,47,Campbell County,resolved,2023
TN,Cannon County,47015,47,Cannon County,resolved,2023
TN,Carroll County,47017,47,Carroll County,resolved,2023
TN,Carter County,47019,47,Carter County,resolved,2023
TN,Cheatham County,47021,47,Cheatham County,resolved,2023
TN,Chester County,47023,47,Chester County,resolved,2023
TN,Claiborne County,47025,47,Claiborne County,resolved,2023
TN,Clay County,47027,47,Clay County,resolved,2023
TN,Cocke County,47029,47,Cocke County,resolved,2023
TN,Coffee County,47031,47,Coffee County,resolved,2023
TN,Crockett County,47033,47,Crockett County,resolved,2023
TN,Cumberland County,47035,47,Cumberland County,resolved,2023
TN,Davidson,47037,47,Davidson County,resolved,2023
TN,Davidson County,47037,47,Davidson County,resolved,2023
TN,DeKalb County,47041,47,DeKalb County,resolved,2023
TN,Decatur County,47039,47,Decatur County,resolved,2023
TN,Dickson County,47043,47,Dickson County,resolved,2023
TN,Dyer County,47045,47,Dyer County,resolved,2023
TN,Fayette County,47047,47,Fayette County,resolved,2023
TN,Fentress County,47049,47,Fentress County,resolved,2023
TN,Franklin County,47051,47,Franklin County,resolved,2023
TN,Gibson County,47053,47,Gibson County,resolved,2023
TN,Giles County,47055,47,Giles County,resolved,2023
TN,Grainger County,47057,47,Grainger County,resolved,2023
TN,Greene County,47059,47,Greene County,resolved,2023
TN,Grundy County,47061,47,Grundy County,resolved,2023
TN,Hamblen County,47063,47,Hamblen County,resolved,2023
TN,Hamilton,47065,47,Hamilton County,resolved,2023
TN,Hamilton County,47065,47,Hamilton County,resolved,2023
TN,Hancock County,47067,47,Hancock County,resolved,2023
TN,Hardeman County,47069,47,Hardeman County,resolved,2023
TN,Hardin County,47071,47,Hardin County,resolved,2023
TN,Hawkins County,47073,47,Hawkins County,resolved,2023
TN,Haywood County,47075,47,Haywood County,resolved,2023
TN,Henderson County,47077,47,Henderson County,resolved,2023
TN,Henry County,47079,47,Henry County,resolved,2023
TN,Hickman County,47081,47,Hickman County,resolved,2023
TN,Houston County,47083,47,Houston County,resolved,2023
TN,Humphreys County,47085,47,Humphreys County,resolved,2023
TN,Jackson County,47087,47,Jackson County,resolved,2023
TN,Jefferson County,47089,47,Jefferson County,resolved,2023
TN,Johnson County,47091,47,Johnson County,resolved,2023
TN,Knox County,47093,47,Knox County,resolved,2023
TN,Lake County,47095,47,Lake County,resolved,2023
TN,Lauderdale County,47097,47,Lauderdale County,resolved,2023
TN,Lawrence County,47099,47,Lawrence County,resolved,2023
TN,Lewis County,47101,47,Lewis County,resolved,2023
TN,Lincoln County,47103,47,Lincoln County,resolved,2023
TN,Loudon,47105,47,Loudon County,resolved,2023
TN,Loudon County,47105,47,Loudon County,resolved,2023
TN,Macon County,47111,47,Macon County,resolved,2023
TN,Madison,47113,47,Madison County,resolved,2023
TN,Madison County,47113,47,Madison County,resolved,2023
TN,Marion County,47115,47,Marion County,resolved,2023
TN,Marshall County,47117,47,Marshall County,resolved,2023
TN,Maury County,47119,47,Maury County,resolved,2023
TN,McMinn County,47107,47,McMinn County,resolved,2023
TN,McNairy County,47109,47,McNairy County,resolved,2023
TN,Meigs County,47121,47,Meigs County,resolved,2023
TN,Monroe County,47123,47,Monroe County,resolved,2023
TN,Montgomery County,47125,47,Montgomery County,resolved,2023
TN,Moore County,47127,47,Moore County,resolved,2023
TN,Morgan County,47129,47,Morgan County,resolved,2023
TN,Obion County,47131,47,Obion County,resolved,2023
TN,Overton County,47133,47,Overton County,resolved,2023
TN,Perry County,47135,47,Perry County,resolved,2023
TN,Pickett County,47137,47,Pickett County,resolved,2023
TN,Polk County,47139,47,Polk County,resolved,2023
TN,Putnam County,47141,47,Putnam County,resolved,2023
TN,Rhea County,47143,47,Rhea County,resolved,2023
TN,Roane County,47145,47,Roane County,resolved,2023
TN,Robertson County,47147,47,Robertson County,resolved,2023
TN,Rutherford County,47149,47,Rutherford County,resolved,2023
TN,Scott County,47151,47,Scott County,resolved,2023
TN,Sequatchie County,47153,47,Sequatchie County,resolved,2023
TN,Sevier County,47155,47,Sevier County,resolved,2023
TN,Shelby County,47157,47,Shelby County,resolved,2023
TN,Smith County,47159,47,Smith County,resolved,2023
TN,Stewart County,47161,47,Stewart County,resolved,2023
TN,Sullivan County,47163,47,Sullivan County,resolved,2023
TN,Sumner County,47165,47,Sumner County,resolved,2023
TN,Tipton County,47167,47,Tipton County,resolved,2023
TN,Trousdale County,47169,47,Trousdale County,resolved,2023
TN,Unicoi County,47171,47,Unicoi County,resolved,2023
TN,Union County,47173,47,Union County,resolved,2023
TN,Van Buren County,47175,47,Van Buren County,resolved,2023
TN,Warren County,47177,47,Warren County,resolved,2023
TN,Washington County,47179,47,Washington County,resolved,2023
TN,Wayne County,47181,47,Wayne County,resolved,2023
TN,Weakley County,47183,47,Weakley County,resolved,2023
TN,White County,47185,47,White County,resolved,2023
TN,Williamson County,47187,47,Williamson County,resolved,2023
TN,Wilson County,47189,47,Wilson County,resolved,2023
TX,Anderson County,48001,48,Anderson County,resolved,2023
TX,Andrews County,48003,48,Andrews County,resolved,2023
TX,Angelina County,48005,48,Angelina County,resolved,2023
TX,Aransas County,48007,48,Aransas County,resolved,2023
TX,Archer County,48009,48,Archer County,resolved,2023
TX,Armstrong County,48011,48,Armstrong County,resolved,2023
TX,Atascosa County,48013,48,Atascosa County,resolved,2023
TX,Austin,48015,48,Austin County,resolved,2023
TX,Austin County,48015,48,Austin County,resolved,2023
TX,Bailey County,48017,48,Bailey County,resolved,2023
TX,Bandera County,48019,48,Bandera County,resolved,2023
TX,Bastrop County,48021,48,Bastrop County,resolved,2023
TX,Baylor County,48023,48,Baylor County,resolved,2023
TX,Bee County,48025,48,Bee County,resolved,2023
TX,Bell County,48027,48,Bell County,resolved,2023
TX,Bexar County,48029,48,Bexar County,resolved,2023
TX,Blanco County,48031,48,Blanco County,resolved,2023
TX,Borden County,48033,48,Borden County,resolved,2023
TX,Bosque County,48035,48,Bosque County,resolved,2023
TX,Bowie County,48037,48,Bowie County,resolved,2023
TX,Brazoria County,48039,48,Brazoria County,resolved,2023
TX,Brazos County,48041,48,Brazos County,resolved,2023
TX,Brewster County,48043,48,Brewster County,resolved,2023
TX,Briscoe County,48045,48,Briscoe County,resolved,2023
TX,Brooks County,48047,48,Brooks County,resolved,2023
TX,Brown County,48049,48,Brown County,resolved,2023
TX,Burleson County,48051,48,Burleson County,resolved,2023
TX,Burnet County,48053,48,Burnet County,resolved,2023
TX,Caldwell County,48055,48,Caldwell County,resolved,2023
TX,Calhoun County,48057,48,Calhoun County,resolved,2023
TX,Callahan County,48059,48,Callahan County,resolved,2023
TX,Cameron County,48061,48,Cameron County,resolved,2023
TX,Camp County,48063,48,Camp County,resolved,2023
TX,Carson County,48065,48,Carson County,resolved,2023
TX,Cass County,48067,48,Cass County,resolved,2023
TX,Castro County,48069,48,Castro County,resolved,2023
TX,Chambers County,48071,48,Chambers County,resolved,2023
TX,Cherokee County,48073,48,Cherokee County,resolved,2023
TX,Childress County,48075,48,Childress County,resolved,2023
TX,Clay County,48077,48,Clay County,resolved,2023
TX,Cochran County,48079,48,Cochran County,resolved,2023
TX,Coke County,48081,48,Coke County,resolved,2023
TX,Coleman County,48083,48,Coleman County,resolved,2023
TX,Collin County,48085,48,Collin County,resolved,2023
TX,Collingsworth County,48087,48,Collingsworth County,resolved,2023
TX,Colorado County,48089,48,Colorado County,resolved,2023
TX,Comal County,48091,48,Comal County,resolved,2023
TX,Comanche County,48093,48,Comanche County,resolved,2023
TX,Concho County,48095,48,Concho County,resolved,2023
TX,Cooke County,48097,48,Cooke County,resolved,2023
TX,Coryell County,48099,48,Coryell County,resolved,2023
TX,Cottle County,48101,48,Cottle County,resolved,2023
TX,Crane County,48103,48,Crane County,resolved,2023
TX,Crockett County,48105,48,Crockett County,resolved,2023
TX,Crosby County,48107,48,Crosby County,resolved,2023
TX,Culberson County,48109,48,Culberson County,resolved,2023
TX,Dallam County,48111,48,Dallam County,resolved,2023
TX,Dallas,48113,48,Dallas County,resolved,2023
TX,Dallas County,48113,48,Dallas County,resolved,2023
TX,Dawson County,48115,48,Dawson County,resolved,2023
TX,DeWitt County,48123,48,DeWitt County,resolved,2023
TX,Deaf Smith County,48117,48,Deaf Smith County,resolved,2023
TX,Delta County,48119,48,Delta County,resolved,2023
TX,Denton,48121,48,Denton County,resolved,2023
TX,Denton County,48121,48,Denton County,resolved,2023
TX,Dickens County,48125,48,Dickens County,resolved,2023
TX,Dimmit County,48127,48,Dimmit County,resolved,2023
TX,Donley County,48129,48,Donley County,resolved,2023
TX,Duval County,48131,48,Duval County,resolved,2023
TX,Eastland County,48133,48,Eastland County,resolved,2023
TX,Ector County,48135,48,Ector County,resolved,2023
TX,Edwards County,48137,48,Edwards County,resolved,2023
TX,El Paso,48141,48,El Paso County,resolved,2023
TX,El Paso County,48141,48,El Paso County,resolved,2023
TX,Ellis County,48139,48,Ellis County,resolved,2023
TX,Erath County,48143,48,Erath County,resolved,2023
TX,Falls,48145,48,Falls County,resolved,2023
TX,Falls County,48145,48,Falls County,resolved,2023
TX,Fannin County,48147,48,Fannin County,resolved,2023
TX,Fayette County,48149,48,Fayette County,resolved,2023
TX,Fisher County,48151,48,Fisher County,resolved,2023
TX,Floyd County,48153,48,Floyd County,resolved,2023
TX,Foard County,48155,48,Foard County,resolved,2023
TX,Fort Bend County,48157,48,Fort Bend County,resolved,2023
TX,Franklin County,48159,48,Franklin County,resolved,2023
TX,Freestone County,48161,48,Freestone County,resolved,2023
TX,Frio County,48163,48,Frio County,resolved,2023
TX,Gaines County,48165,48,Gaines County,resolved,2023
TX,Galveston,48167,48,Galveston County,resolved,2023
TX,Galveston County,48167,48,Galveston County,resolved,2023
TX,Garza County,48169,48,Garza County,resolved,2023
TX,Gillespie County,48171,48,Gillespie County,resolved,2023
TX,Glasscock County,48173,48,Glasscock County,resolved,2023
TX,Goliad County,48175,48,Goliad County,resolved,2023
TX,Gonzales County,48177,48,Gonzales County,resolved,2023
TX,Gray County,48179,48,Gray County,resolved,2023
TX,Grayson County,48181,48,Grayson County,resolved,2023
TX,Gregg County,48183,48,Gregg County,resolved,2023
TX,Grimes County,48185,48,Grimes County,resolved,2023
TX,Guadalupe County,48187,48,Guadalupe County,resolved,2023
TX,Hale County,48189,48,Hale County,resolved,2023
TX,Hall County,48191,48,Hall County,resolved,2023
TX,Hamilton County,48193,48,Hamilton County,resolved,2023
TX,Hansford County,48195,48,Hansford County,resolved,2023
TX,Hardeman County,48197,48,Hardeman County,resolved,2023
TX,Hardin County,48199,48,Hardin County,resolved,2023
TX,Harris County,48201,48,Harris County,resolved,2023
TX,Harrison County,48203,48,Harrison County,resolved,2023
TX,Hartley County,48205,48,Hartley County,resolved,2023
TX,Haskell County,48207,48,Haskell County,resolved,2023
TX,Hays County,48209,48,Hays County,resolved,2023
TX,Hemphill County,48211,48,Hemphill County,resolved,2023
TX,Henderson County,48213,48,Henderson County,resolved,2023
TX,Hidalgo County,48215,48,Hidalgo County,resolved,2023
TX,Hill County,48217,48,Hill County,resolved,2023
TX,Hockley County,48219,48,Hockley County,resolved,2023
TX,Hood County,48221,48,Hood County,resolved,2023
TX,Hopkins County,48223,48,Hopkins County,resolved,2023
TX,Houston County,48225,48,Houston County,resolved,2023
TX,Howard County,48227,48,Howard County,resolved,2023
TX,Hudspeth County,48229,48,Hudspeth County,resolved,2023
TX,Hunt County,48231,48,Hunt County,resolved,2023
TX,Hutchinson County,48233,48,Hutchinson County,resolved,2023
TX,Irion County,48235,48,Irion County,resolved,2023
TX,Jack County,48237,48,Jack County,resolved,2023
TX,Jackson County,48239,48,Jackson County,resolved,2023
TX,Jasper County,48241,48,Jasper County,resolved,2023
TX,Jeff Davis County,48243,48,Jeff Davis County,resolved,2023
TX,Jefferson County,48245,48,Jefferson County,resolved,2023
TX,Jim Hogg County,48247,48,Jim Hogg County,resolved,2023
TX,Jim Wells County,48249,48,Jim Wells County,resolved,2023
TX,Johnson,48251,48,Johnson County,resolved,2023
TX,Johnson County,48251,48,Johnson County,resolved,2023
TX,Jones County,48253,48,Jones County,resolved,2023
TX,Karnes County,48255,48,Karnes County,resolved,2023
TX,Kaufman,48257,48,Kaufman County,resolved,2023
TX,Kaufman County,48257,48,Kaufman County,resolved,2023
TX,Kendall County,48259,48,Kendall County,resolved,2023
TX,Kenedy County,48261,48,Kenedy County,resolved,2023
TX,Kent County,48263,48,Kent County,resolved,2023
TX,Kerr County,48265,48,Kerr County,resolved,2023
TX,Kimble County,48267,48,Kimble County,resolved,2023
TX,King County,48269,48,King County,resolved,2023
TX,Kinney County,48271,48,Kinney County,resolved,2023
TX,Kleberg County,48273,48,Kleberg County,resolved,2023
TX,Knox County,48275,48,Knox County,resolved,2023
TX,La Salle County,48283,48,La Salle County,resolved,2023
TX,Lamar County,48277,48,Lamar County,resolved,2023
TX,Lamb County,48279,48,Lamb County,resolved,2023
TX,Lampasas,48281,48,Lampasas County,resolved,2023
TX,Lampasas County,48281,48,Lampasas County,resolved,2023
TX,Lavaca County,48285,48,Lavaca County,resolved,2023
TX,Lee County,48287,48,Lee County,resolved,2023
TX,Leon County,48289,48,Leon County,resolved,2023
TX,Liberty,48291,48,Liberty County,resolved,2023
TX,Liberty County,48291,48,Liberty County,resolved,2023
TX,Limestone County,48293,48,Limestone County,resolved,2023
TX,Lipscomb County,48295,48,Lipscomb County,resolved,2023
TX,Live Oak County,48297,48,Live Oak County,resolved,2023
TX,Llano County,48299,48,Llano County,resolved,2023
TX,Lubbock,48303,48,Lubbock County,resolved,2023
TX,Lubbock County,48303,48,Lubbock County,resolved,2023
TX,Lynn County,48305,48,Lynn County,resolved,2023
TX,Madison County,48313,48,Madison County,resolved,2023
TX,Marion County,48315,48,Marion County,resolved,2023
TX,Martin County,48317,48,Martin County,resolved,2023
TX,Mason County,48319,48,Mason County,resolved,2023
TX,Matagorda,48321,48,Matagorda County,resolved,2023
TX,Matagorda County,48321,48,Matagorda County,resolved,2023
TX,Maverick County,48323,48,Maverick County,resolved,2023
TX,McCulloch County,48307,48,McCulloch County,resolved,2023
TX,McLennan County,48309,48,McLennan County,resolved,2023
TX,McMullen County,48311,48,McMullen County,resolved,2023
TX,Medina County,48325,48,Medina County,resolved,2023
TX,Menard County,48327,48,Menard County,resolved,2023
TX,Midland,48329,48,Midland County,resolved,2023
TX,Midland County,48329,48,Midland County,resolved,2023
TX,Milam County,48331,48,Milam County,resolved,2023
TX,Mills County,48333,48,Mills County,resolved,2023
TX,Mitchell County,48335,48,Mitchell County,resolved,2023
TX,Montague County,48337,48,Montague County,resolved,2023
TX,Montgomery County,48339,48,Montgomery County,resolved,2023
TX,Moore County,48341,48,Moore County,resolved,2023
TX,Morris County,48343,48,Morris County,resolved,2023
TX,Motley County,48345,48,Motley County,resolved,2023
TX,Nacogdoches,48347,48,Nacogdoches County,resolved,2023
TX,Nacogdoches County,48347,48,Nacogdoches County,resolved,2023
TX,Navarro County,48349,48,Navarro County,resolved,2023
TX,Newton County,48351,48,Newton County,resolved,2023
TX,Nolan County,48353,48,Nolan County,resolved,2023
TX,Nueces County,48355,48,Nueces County,resolved,2023
TX,Ochiltree County,48357,48,Ochiltree County,resolved,2023
TX,Oldham County,48359,48,Oldham County,resolved,2023
TX,Orange County,48361,48,Orange County,resolved,2023
TX,Palo Pinto County,48363,48,Palo Pinto County,resolved,2023
TX,Panola County,48365,48,Panola County,resolved,2023
TX,Parker County,48367,48,Parker County,resolved,2023
TX,Parmer County,48369,48,Parmer County,resolved,2023
TX,Pecos County,48371,48,Pecos County,resolved,2023
TX,Polk County,48373,48,Polk County,resolved,2023
TX,Potter County,48375,48,Potter County,resolved,2023
TX,Presidio County,48377,48,Presidio County,resolved,2023
TX,Rains County,48379,48,Rains County,resolved,2023
TX,Randall County,48381,48,Randall County,resolved,2023
TX,Reagan County,48383,48,Reagan County,resolved,2023
TX,Real County,48385,48,Real County,resolved,2023
TX,Red River County,48387,48,Red River County,resolved,2023
TX,Reeves County,48389,48,Reeves County,resolved,2023
TX,Refugio County,48391,48,Refugio County,resolved,2023
TX,Roberts County,48393,48,Roberts County,resolved,2023
TX,Robertson County,48395,48,Robertson County,resolved,2023
TX,Rockwall,48397,48,Rockwall County,resolved,2023
TX,Rockwall County,48397,48,Rockwall County,resolved,2023
TX,Runnels County,48399,48,Runnels County,resolved,2023
TX,Rusk County,48401,48,Rusk County,resolved,2023
TX,Sabine County,48403,48,Sabine County,resolved,2023
TX,San Augustine County,48405,48,San Augustine County,resolved,2023
TX,San Jacinto County,48407,48,San Jacinto County,resolved,2023
TX,San Patricio County,48409,48,San Patricio County,resolved,2023
TX,San Saba County,48411,48,San Saba County,resolved,2023
TX,Schleicher County,48413,48,Schleicher County,resolved,2023
TX,Scurry County,48415,48,Scurry County,resolved,2023
TX,Shackelford County,48417,48,Shackelford County,resolved,2023
TX,Shelby County,48419,48,Shelby County,resolved,2023
TX,Sherman County,48421,48,Sherman County,resolved,2023
TX,Smith County,48423,48,Smith County,resolved,2023
TX,Somervell County,48425,48,Somervell County,resolved,2023
TX,Starr County,48427,48,Starr County,resolved,2023
TX,Stephens County,48429,48,Stephens County,resolved,2023
TX,Sterling County,48431,48,Sterling County,resolved,2023
TX,Stonewall County,48433,48,Stonewall County,resolved,2023
TX,Sutton County,48435,48,Sutton County,resolved,2023
TX,Swisher County,48437,48,Swisher County,resolved,2023
TX,Tarrant County,48439,48,Tarrant County,resolved,2023
TX,Taylor County,48441,48,Taylor County,resolved,2023
TX,Terrell County,48443,48,Terrell County,resolved,2023
TX,Terry County,48445,48,Terry County,resolved,2023
TX,Throckmorton County,48447,48,Throckmorton County,resolved,2023
TX,Titus County,48449,48,Titus County,resolved,2023
TX,Tom Green County,48451,48,Tom Green County,resolved,2023
TX,Travis,48453,48,Travis County,resolved,2023
TX,Travis County,48453,48,Travis County,resolved,2023
TX,Trinity County,48455,48,Trinity County,resolved,2023
TX,Tyler County,48457,48,Tyler County,resolved,2023
TX,Upshur County,48459,48,Upshur County,resolved,2023
TX,Upton County,48461,48,Upton County,resolved,2023
TX,Uvalde County,48463,48,Uvalde County,resolved,2023
TX,Val Verde County,48465,48,Val Verde County,resolved,2023
TX,Van Zandt,48467,48,Van Zandt County,resolved,2023
TX,Van Zandt County,48467,48,Van Zandt County,resolved,2023
TX,Victoria County,48469,48,Victoria County,resolved,2023
TX,Walker County,48471,48,Walker County,resolved,2023
TX,Waller County,48473,48,Waller County,resolved,2023
TX,Ward County,48475,48,Ward County,resolved,2023
TX,Washington County,48477,48,Washington County,resolved,2023
TX,Webb County,48479,48,Webb County,resolved,2023
TX,Wharton County,48481,48,Wharton County,resolved,2023
TX,Wheeler County,48483,48,Wheeler County,resolved,2023
TX,Wichita County,48485,48,Wichita County,resolved,2023
TX,Wilbarger County,48487,48,Wilbarger County,resolved,2023
TX,Willacy County,48489,48,Willacy County,resolved,2023
TX,Williamson County,48491,48,Williamson County,resolved,2023
TX,Wilson County,48493,48,Wilson County,resolved,2023
TX,Winkler County,48495,48,Winkler County,resolved,2023
TX,Wise County,48497,48,Wise County,resolved,2023
TX,Wood County,48499,48,Wood County,resolved,2023
TX,Yoakum County,48501,48,Yoakum County,resolved,2023
TX,Young County,48503,48,Young County,resolved,2023
TX,Zapata County,48505,48,Zapata County,resolved,2023
TX,Zavala County,48507,48,Zavala County,resolved,2023
UT,Beaver County,49001,49,Beaver County,resolved,2023
UT,Box Elder County,49003,49,Box Elder County,resolved,2023
UT,Cache County,49005,49,Cache County,resolved,2023
UT,Carbon County,49007,49,Carbon County,resolved,2023
UT,Daggett County,49009,49,Daggett County,resolved,2023
UT,Davis County,49011,49,Davis County,resolved,2023
UT,Duchesne County,49013,49,Duchesne County,resolved,2023
UT,Emery County,49015,49,Emery County,resolved,2023
UT,Garfield County,49017,49,Garfield County,resolved,2023
UT,Grand County,49019,49,Grand County,resolved,2023
UT,Iron County,49021,49,Iron County,resolved,2023
UT,Juab County,49023,49,Juab County,resolved,2023
UT,Kane County,49025,49,Kane County,resolved,2023
UT,Millard County,49027,49,Millard County,resolved,2023
UT,Morgan County,49029,49,Morgan County,resolved,2023
UT,Piute County,49031,49,Piute County,resolved,2023
UT,Rich County,49033,49,Rich County,resolved,2023
UT,Salt Lake,49035,49,Salt Lake County,resolved,2023
UT,Salt Lake County,49035,49,Salt Lake County,resolved,2023
UT,San Juan County,49037,49,San Juan County,resolved,2023
UT,Sanpete County,49039,49,Sanpete County,resolved,2023
UT,Sevier County,49041,49,Sevier County,resolved,2023
UT,Summit County,49043,49,Summit County,resolved,2023
UT,Tooele County,49045,49,Tooele County,resolved,2023
UT,Uintah County,49047,49,Uintah County,resolved,2023
UT,Utah County,49049,49,Utah County,resolved,2023
UT,Wasatch County,49051,49,Wasatch County,resolved,2023
UT,Washington County,49053,49,Washington County,resolved,2023
UT,Wayne County,49055,49,Wayne County,resolved,2023
UT,Weber County,49057,49,Weber County,resolved,2023
VA,Accomack,51001,51,Accomack County,resolved,2023
VA,Accomack County,51001,51,Accomack County,resolved,2023
VA,Albemarle County,51003,51,Albemarle County,resolved,2023
VA,Alexandria,51510,51,Alexandria city,resolved,2023
VA,Alexandria city,51510,51,Alexandria city,resolved,2023
VA,Alleghany County,51005,51,Alleghany County,resolved,2023
VA,Amelia,51007,51,Amelia County,resolved,2023
VA,Amelia County,51007,51,Amelia County,resolved,2023
VA,Amherst County,51009,51,Amherst County,resolved,2023
VA,Appomattox County,51011,51,Appomattox County,resolved,2023
VA,Arlington,51013,51,Arlington County,resolved,2023
VA,Arlington County,51013,51,Arlington County,resolved,2023
VA,Augusta County,51015,51,Augusta County,resolved,2023
VA,Bath County,51017,51,Bath County,resolved,2023
VA,Bedford,51019,51,Bedford County,resolved,2023
VA,Bedford County,51019,51,Bedford County,resolved,2023
VA,Bland County,51021,51,Bland County,resolved,2023
VA,Botetourt County,51023,51,Botetourt County,resolved,2023
VA,Bristol city,51520,51,Bristol city,resolved,2023
VA,Brunswick County,51025,51,Brunswick County,resolved,2023
VA,Buchanan County,51027,51,Buchanan County,resolved,2023
VA,Buckingham County,51029,51,Buckingham County,resolved,2023
VA,Buena Vista city,51530,51,Buena Vista city,resolved,2023
VA,Campbell County,51031,51,Campbell County,resolved,2023
VA,Caroline County,51033,51,Caroline County,resolved,2023
VA,Carroll County,51035,51,Carroll County,resolved,2023
VA,Charles City County,51036,51,Charles City County,resolved,2023
VA,Charlotte,51037,51,Charlotte County,resolved,2023
VA,Charlotte County,51037,51,Charlotte County,resolved,2023
VA,Charlottesville,51540,51,Charlottesville city,resolved,2023
VA,Charlottesville city,51540,51,Charlottesville city,resolved,2023
VA,Chesapeake,51550,51,Chesapeake city,resolved,2023
VA,Chesapeake city,51550,51,Chesapeake city,resolved,2023
VA,Chesterfield,51041,51,Chesterfield County,resolved,2023
VA,Chesterfield County,51041,51,Chesterfield County,resolved,2023
VA,City of Alexandria,51510,51,Alexandria city,resolved,2023
VA,City of Bristol,51520,51,Bristol city,resolved,2023
VA,City of Buena Vista,51530,51,Buena Vista city,resolved,2023
VA,City of Charlottesville,51540,51,Charlottesville city,resolved,2023
VA,City of Chesapeake,51550,51,Chesapeake city,resolved,2023
VA,City of Colonial Heights,51570,51,Colonial Heights city,resolved,2023
VA,City of Covington,51580,51,Covington city,resolved,2023
VA,City of Danville,51590,51,Danville city,resolved,2023
VA,City of Emporia,51595,51,Emporia city,resolved,2023
VA,City of Fairfax,51600,51,Fairfax city,resolved,2023
VA,City of Falls Church,51610,51,Falls Church city,resolved,2023
VA,City of Franklin,51620,51,Franklin city,resolved,2023
VA,City of Fredericksburg,51630,51,Fredericksburg city,resolved,2023
VA,City of Galax,51640,51,Galax city,resolved,2023
VA,City of Hampton,51650,51,Hampton city,resolved,2023
VA,City of Harrisonburg,51660,51,Harrisonburg city,resolved,2023
VA,City of Hopewell,51670,51,Hopewell city,resolved,2023
VA,City of Lexington,51678,51,Lexington city,resolved,2023
VA,City of Lynchburg,51680,51,Lynchburg city,resolved,2023
VA,City of Manassas,51683,51,Manassas city,resolved,2023
VA,City of Manassas Park,51685,51,Manassas Park city,resolved,2023
VA,City of Martinsville,51690,51,Martinsville city,resolved,2023
VA,City of Newport News,51700,51,Newport News city,resolved,2023
VA,City of Norfolk,51710,51,Norfolk city,resolved,2023
VA,City of Norton,51720,51,Norton city,resolved,2023
VA,City of Petersburg,51730,51,Petersburg city,resolved,2023
VA,City of Poquoson,51735,51,Poquoson city,resolved,2023
VA,City of Portsmouth,51740,51,Portsmouth city,resolved,2023
VA,City of Radford,51750,51,Radford city,resolved,2023
VA,City of Richmond,51760,51,Richmond city,resolved,2023
VA,City of Roanoke,51770,51,Roanoke city,resolved,2023
VA,City of Salem,51775,51,Salem city,resolved,2023
VA,City of Staunton,51790,51,Staunton city,resolved,2023
VA,City of Suffolk,51800,51,Suffolk city,resolved,2023
VA,City of Virginia Beach,51810,51,Virginia Beach city,resolved,2023
VA,City of Waynesboro,51820,51,Waynesboro city,resolved,2023
VA,City of Williamsburg,51830,51,Williamsburg city,resolved,2023
VA,City of Winchester,51840,51,Winchester city,resolved,2023
VA,Clarke County,51043,51,Clarke County,resolved,2023
VA,Colonial Heights,51570,51,Colonial Heights city,resolved,2023
VA,Colonial Heights city,51570,51,Colonial Heights city,resolved,2023
VA,Covington city,51580,51,Covington city,resolved,2023
VA,Craig County,51045,51,Craig County,resolved,2023
VA,Culpeper County,51047,51,Culpeper County,resolved,2023
VA,Cumberland County,51049,51,Cumberland County,resolved,2023
VA,Danville city,51590,51,Danville city,resolved,2023
VA,Dickenson County,51051,51,Dickenson County,resolved,2023
VA,Dinwiddie,51053,51,Dinwiddie County,resolved,2023
VA,Dinwiddie County,51053,51,Dinwiddie County,resolved,2023
VA,Emporia city,51595,51,Emporia city,resolved,2023
VA,Essex County,51057,51,Essex County,resolved,2023
VA,Fairfax,,51,,ambiguous,2023
VA,Fairfax (City),51600,51,Fairfax city,resolved,2023
VA,Fairfax County,51059,51,Fairfax County,resolved,2023
VA,Fairfax city,51600,51,Fairfax city,resolved,2023
VA,Falls Church city,51610,51,Falls Church city,resolved,2023
VA,Fauquier County,51061,51,Fauquier County,resolved,2023
VA,Floyd,51063,51,Floyd County,resolved,2023
VA,Floyd County,51063,51,Floyd County,resolved,2023
VA,Fluvanna County,51065,51,Fluvanna County,resolved,2023
VA,Franklin County,51067,51,Franklin County,resolved,2023
VA,Franklin city,51620,51,Franklin city,resolved,2023
VA,Frederick County,51069,51,Frederick County,resolved,2023
VA,Fredericksburg,51630,51,Fredericksburg city,resolved,2023
VA,Fredericksburg city,51630,51,Fredericksburg city,resolved,2023
VA,Galax,51640,51,Galax city,resolved,2023
VA,Galax city,51640,51,Galax city,resolved,2023
VA,Giles County,51071,51,Giles County,resolved,2023
VA,Gloucester,51073,51,Gloucester County,resolved,2023
VA,Gloucester County,51073,51,Gloucester County,resolved,2023
VA,Goochland County,51075,51,Goochland County,resolved,2023
VA,Grayson County,51077,51,Grayson County,resolved,2023
VA,Greene County,51079,51,Greene County,resolved,2023
VA,Greensville County,51081,51,Greensville County,resolved,2023
VA,Halifax County,51083,51,Halifax County,resolved,2023
VA,Hampton,51650,51,Hampton city,resolved,2023
VA,Hampton city,51650,51,Hampton city,resolved,2023
VA,Hanover,51085,51,Hanover County,resolved,2023
VA,Hanover County,51085,51,Hanover County,resolved,2023
VA,Harrisonburg,51660,51,Harrisonburg city,resolved,2023
VA,Harrisonburg city,51660,51,Harrisonburg city,resolved,2023
VA,Henrico,51087,51,Henrico County,resolved,2023
VA,Henrico County,51087,51,Henrico County,resolved,2023
VA,Henry County,51089,51,Henry County,resolved,2023
VA,Highland County,51091,51,Highland County,resolved,2023
VA,Hopewell,51670,51,Hopewell city,resolved,2023
VA,Hopewell city,51670,51,Hopewell city,resolved,2023
VA,Isle of Wight,51093,51,Isle of Wight County,resolved,2023
VA,Isle of Wight County,51093,51,Isle of Wight County,resolved,2023
VA,James City County,51095,51,James City County,resolved,2023
VA,King George County,51099,51,King George County,resolved,2023
VA,King William County,51101,51,King William County,resolved,2023
VA,King and Queen,51097,51,King and Queen County,resolved,2023
VA,King and Queen County,51097,51,King and Queen County,resolved,2023
VA,Lancaster County,51103,51,Lancaster County,resolved,2023
VA,Lee County,51105,51,Lee County,resolved,2023
VA,Lexington city,51678,51,Lexington city,resolved,2023
VA,Loudoun County,51107,51,Loudoun County,resolved,2023
VA,Louisa County,51109,51,Louisa County,resolved,2023
VA,Lunenburg County,51111,51,Lunenburg County,resolved,2023
VA,Lynchburg city,51680,51,Lynchburg city,resolved,2023
VA,Madison County,51113,51,Madison County,resolved,2023
VA,Manassas,51683,51,Manassas city,resolved,2023
VA,Manassas Park city,51685,51,Manassas Park city,resolved,2023
VA,Manassas city,51683,51,Manassas city,resolved,2023
VA,Martinsville city,51690,51,Martinsville city,resolved,2023
VA,Mathews,51115,51,Mathews County,resolved,2023
VA,Mathews County,51115,51,Mathews County,resolved,2023
VA,Mecklenburg County,51117,51,Mecklenburg County,resolved,2023
VA,Middlesex County,51119,51,Middlesex County,resolved,2023
VA,Montgomery County,51121,51,Montgomery County,resolved,2023
VA,Nelson County,51125,51,Nelson County,resolved,2023
VA,New Kent County,51127,51,New Kent County,resolved,2023
VA,Newport News,51700,51,Newport News city,resolved,2023
VA,Newport News city,51700,51,Newport News city,resolved,2023
VA,Norfolk,51710,51,Norfolk city,resolved,2023
VA,Norfolk city,51710,51,Norfolk city,resolved,2023
VA,Northampton County,51131,51,Northampton County,resolved,2023
VA,Northumberland County,51133,51,Northumberland County,resolved,2023
VA,Norton city,51720,51,Norton city,resolved,2023
VA,Nottoway County,51135,51,Nottoway County,resolved,2023
VA,Orange County,51137,51,Orange County,resolved,2023
VA,Page County,51139,51,Page County,resolved,2023
VA,Patrick County,51141,51,Patrick County,resolved,2023
VA,Petersburg,51730,51,Petersburg city,resolved,2023
VA,Petersburg city,51730,51,Petersburg city,resolved,2023
VA,Pittsylvania County,51143,51,Pittsylvania County,resolved,2023
VA,Poquoson city,51735,51,Poquoson city,resolved,2023
VA,Portsmouth,51740,51,Portsmouth city,resolved,2023
VA,Portsmouth city,51740,51,Portsmouth city,resolved,2023
VA,Powhatan,51145,51,Powhatan County,resolved,2023
VA,Powhatan County,51145,51,Powhatan County,resolved,2023
VA,Prince Edward County,51147,51,Prince Edward County,resolved,2023
VA,Prince George County,51149,51,Prince George County,resolved,2023
VA,Prince William County,51153,51,Prince William County,resolved,2023
VA,Pulaski County,51155,51,Pulaski County,resolved,2023
VA,Radford city,51750,51,Radford city,resolved,2023
VA,Rappahannock County,51157,51,Rappahannock County,resolved,2023
VA,Richmond,,51,,ambiguous,2023
VA,Richmond County,51159,51,Richmond County,resolved,2023
VA,Richmond city,51760,51,Richmond city,resolved,2023
VA,Roanoke,,51,,ambiguous,2023
VA,Roanoke County,51161,51,Roanoke County,resolved,2023
VA,Roanoke city,51770,51,Roanoke city,resolved,2023
VA,Rockbridge County,51163,51,Rockbridge County,resolved,2023
VA,Rockingham,51165,51,Rockingham County,resolved,2023
VA,Rockingham County,51165,51,Rockingham County,resolved,2023
VA,Russell County,51167,51,Russell County,resolved,2023
VA,Salem city,51775,51,Salem city,resolved,2023
VA,Scott County,51169,51,Scott County,resolved,2023
VA,Shenandoah County,51171,51,Shenandoah County,resolved,2023
VA,Smyth County,51173,51,Smyth County,resolved,2023
VA,Southampton County,51175,51,Southampton County,resolved,2023
VA,Spotsylvania,51177,51,Spotsylvania County,resolved,2023
VA,Spotsylvania County,51177,51,Spotsylvania County,resolved,2023
VA,Stafford,51179,51,Stafford County,resolved,2023
VA,Stafford County,51179,51,Stafford County,resolved,2023
VA,Staunton,51790,51,Staunton city,resolved,2023
VA,Staunton city,51790,51,Staunton city,resolved,2023
VA,Suffolk,51800,51,Suffolk city,resolved,2023
VA,Suffolk city,51800,51,Suffolk city,resolved,2023
VA,Surry County,51181,51,Surry County,resolved,2023
VA,Sussex County,51183,51,Sussex County,resolved,2023
VA,Tazewell County,51185,51,Tazewell County,resolved,2023
VA,Virginia Beach,51810,51,Virginia Beach city,resolved,2023
VA,Virginia Beach city,51810,51,Virginia Beach city,resolved,2023
VA,Warren County,51187,51,Warren County,resolved,2023
VA,Washington County,51191,51,Washington County,resolved,2023
VA,Waynesboro city,51820,51,Waynesboro city,resolved,2023
VA,Westmoreland County,51193,51,Westmoreland County,resolved,2023
VA,Williamsburg,51830,51,Williamsburg city,resolved,2023
VA,Williamsburg city,51830,51,Williamsburg city,resolved,2023
VA,Winchester city,51840,51,Winchester city,resolved,2023
VA,Wise County,51195,51,Wise County,resolved,2023
VA,Wythe County,51197,51,Wythe County,resolved,2023
VA,York County,51199,51,York County,resolved,2023
VI,Saint Thomas Island,78030,78,St. Thomas Island,resolved,2023
VI,St Croix,78010,78,St. Croix Island,resolved,2023
VI,St John,78020,78,St. John Island,resolved,2023
VI,St Thomas,78030,78,St. Thomas Island,resolved,2023
VI,St. Croix,78010,78,St. Croix Island,resolved,2023
VI,St. Croix Island,78010,78,St. Croix Island,resolved,2023
VI,St. John Island,78020,78,St. John Island,resolved,2023
VI,St. Thomas,78030,78,St. Thomas Island,resolved,2023
VI,St. Thomas Island,78030,78,St. Thomas Island,resolved,2023
VT,Addison,50001,50,Addison County,resolved,2023
VT,Addison County,50001,50,Addison County,resolved,2023
VT,Bennington County,50003,50,Bennington County,resolved,2023
VT,Caledonia County,50005,50,Caledonia County,resolved,2023
VT,Chittenden County,50007,50,Chittenden County,resolved,2023
VT,Essex County,50009,50,Essex County,resolved,2023
VT,Franklin County,50011,50,Franklin County,resolved,2023
VT,Grand Isle County,50013,50,Grand Isle County,resolved,2023
VT,Lamoille County,50015,50,Lamoille County,resolved,2023
VT,Orange County,50017,50,Orange County,resolved,2023
VT,Orleans County,50019,50,Orleans County,resolved,2023
VT,Rutland,50021,50,Rutland County,resolved,2023
VT,Rutland County,50021,50,Rutland County,resolved,2023
VT,Washington County,50023,50,Washington County,resolved,2023
VT,Windham,50025,50,Windham County,resolved,2023
VT,Windham County,50025,50,Windham County,resolved,2023
VT,Windsor County,50027,50,Windsor County,resolved,2023
WA,Adams County,53001,53,Adams County,resolved,2023
WA,Asotin County,53003,53,Asotin County,resolved,2023
WA,Benton County,53005,53,Benton County,resolved,2023
WA,Chelan County,53007,53,Chelan County,resolved,2023
WA,Clallam,53009,53,Clallam County,resolved,2023
WA,Clallam County,53009,53,Clallam County,resolved,2023
WA,Clark County,53011,53,Clark County,resolved,2023
WA,Columbia County,53013,53,Columbia County,resolved,2023
WA,Cowlitz County,53015,53,Cowlitz County,resolved,2023
WA,Douglas County,53017,53,Douglas County,resolved,2023
WA,Ferry County,53019,53,Ferry County,resolved,2023
WA,Franklin County,53021,53,Franklin County,resolved,2023
WA,Garfield County,53023,53,Garfield County,resolved,2023
WA,Grant County,53025,53,Grant County,resolved,2023
WA,Grays Harbor County,53027,53,Grays Harbor County,resolved,2023
WA,Island,53029,53,Island County,resolved,2023
WA,Island County,53029,53,Island County,resolved,2023
WA,Jefferson County,53031,53,Jefferson County,resolved,2023
WA,King,53033,53,King County,resolved,2023
WA,King County,53033,53,King County,resolved,2023
WA,Kitsap,53035,53,Kitsap County,resolved,2023
WA,Kitsap County,53035,53,Kitsap County,resolved,2023
WA,Kittitas County,53037,53,Kittitas County,resolved,2023
WA,Klickitat,53039,53,Klickitat County,resolved,2023
WA,Klickitat County,53039,53,Klickitat County,resolved,2023
WA,Lewis County,53041,53,Lewis County,resolved,2023
WA,Lincoln County,53043,53,Lincoln County,resolved,2023
WA,Mason County,53045,53,Mason County,resolved,2023
WA,Okanogan County,53047,53,Okanogan County,resolved,2023
WA,Pacific County,53049,53,Pacific County,resolved,2023
WA,Pend Oreille County,53051,53,Pend Oreille County,resolved,2023
WA,Pierce County,53053,53,Pierce County,resolved,2023
WA,San Juan County,53055,53,San Juan County,resolved,2023
WA,Skagit County,53057,53,Skagit County,resolved,2023
WA,Skamania County,53059,53,Skamania County,resolved,2023
WA,Snohomish County,53061,53,Snohomish County,resolved,2023
WA,Spokane,53063,53,Spokane County,resolved,2023
WA,Spokane County,53063,53,Spokane County,resolved,2023
WA,Stevens County,53065,53,Stevens County,resolved,2023
WA,Thurston County,53067,53,Thurston County,resolved,2023
WA,Wahkiakum County,53069,53,Wahkiakum County,resolved,2023
WA,Walla Walla County,53071,53,Walla Walla County,resolved,2023
WA,Whatcom County,53073,53,Whatcom County,resolved,2023
WA,Whitman County,53075,53,Whitman County,resolved,2023
WA,Yakima County,53077,53,Yakima County,resolved,2023
WI,Adams County,55001,55,Adams County,resolved,2023
WI,Ashland County,55003,55,Ashland County,resolved,2023
WI,Barron County,55005,55,Barron County,resolved,2023
WI,Bayfield County,55007,55,Bayfield County,resolved,2023
WI,Brown County,55009,55,Brown County,resolved,2023
WI,Buffalo County,55011,55,Buffalo County,resolved,2023
WI,Burnett County,55013,55,Burnett County,resolved,2023
WI,Calumet County,55015,55,Calumet County,resolved,2023
WI,Chippewa County,55017,55,Chippewa County,resolved,2023
WI,Clark County,55019,55,Clark County,resolved,2023
WI,Columbia County,55021,55,Columbia County,resolved,2023
WI,Crawford County,55023,55,Crawford County,resolved,2023
WI,Dane County,55025,55,Dane County,resolved,2023
WI,Dodge County,55027,55,Dodge County,resolved,2023
WI,Door County,55029,55,Door County,resolved,2023
WI,Douglas County,55031,55,Douglas County,resolved,2023
WI,Dunn County,55033,55,Dunn County,resolved,2023
WI,Eau Claire,55035,55,Eau Claire County,resolved,2023
WI,Eau Claire County,55035,55,Eau Claire County,resolved,2023
WI,Florence County,55037,55,Florence County,resolved,2023
WI,Fond du Lac County,55039,55,Fond du Lac County,resolved,2023
WI,Forest County,55041,55,Forest County,resolved,2023
WI,Grant County,55043,55,Grant County,resolved,2023
WI,Green County,55045,55,Green County,resolved,2023
WI,Green Lake County,55047,55,Green Lake County,resolved,2023
WI,Iowa County,55049,55,Iowa County,resolved,2023
WI,Iron County,55051,55,Iron County,resolved,2023
WI,Jackson County,55053,55,Jackson County,resolved,2023
WI,Jefferson County,55055,55,Jefferson County,resolved,2023
WI,Juneau County,55057,55,Juneau County,resolved,2023
WI,Kenosha,55059,55,Kenosha County,resolved,2023
WI,Kenosha County,55059,55,Kenosha County,resolved,2023
WI,Kewaunee,55061,55,Kewaunee County,resolved,2023
WI,Kewaunee County,55061,55,Kewaunee County,resolved,2023
WI,La Crosse County,55063,55,La Crosse County,resolved,2023
WI,Lafayette County,55065,55,Lafayette County,resolved,2023
WI,Langlade County,55067,55,Langlade County,resolved,2023
WI,Lincoln County,55069,55,Lincoln County,resolved,2023
WI,Manitowoc County,55071,55,Manitowoc County,resolved,2023
WI,Marathon County,55073,55,Marathon County,resolved,2023
WI,Marinette County,55075,55,Marinette County,resolved,2023
WI,Marquette County,55077,55,Marquette County,resolved,2023
WI,Menominee County,55078,55,Menominee County,resolved,2023
WI,Milwaukee,55079,55,Milwaukee County,resolved,2023
WI,Milwaukee County,55079,55,Milwaukee County,resolved,2023
WI,Monroe County,55081,55,Monroe County,resolved,2023
WI,Oconto County,55083,55,Oconto County,resolved,2023
WI,Oneida County,55085,55,Oneida County,resolved,2023
WI,Outagamie County,55087,55,Outagamie County,resolved,2023
WI,Ozaukee County,55089,55,Ozaukee County,resolved,2023
WI,Pepin County,55091,55,Pepin County,resolved,2023
WI,Pierce County,55093,55,Pierce County,resolved,2023
WI,Polk,55095,55,Polk County,resolved,2023
WI,Polk County,55095,55,Polk County,resolved,2023
WI,Portage County,55097,55,Portage County,resolved,2023
WI,Price County,55099,55,Price County,resolved,2023
WI,Racine,55101,55,Racine County,resolved,2023
WI,Racine County,55101,55,Racine County,resolved,2023
WI,Richland County,55103,55,Richland County,resolved,2023
WI,Rock County,55105,55,Rock County,resolved,2023
WI,Rusk County,55107,55,Rusk County,resolved,2023
WI,Sauk County,55111,55,Sauk County,resolved,2023
WI,Sawyer County,55113,55,Sawyer County,resolved,2023
WI,Shawano County,55115,55,Shawano County,resolved,2023
WI,Sheboygan,55117,55,Sheboygan County,resolved,2023
WI,Sheboygan County,55117,55,Sheboygan County,resolved,2023
WI,St. Croix County,55109,55,St. Croix County,resolved,2023
WI,Taylor County,55119,55,Taylor County,resolved,2023
WI,Trempealeau County,55121,55,Trempealeau County,resolved,2023
WI,Vernon County,55123,55,Vernon County,resolved,2023
WI,Vilas County,55125,55,Vilas County,resolved,2023
WI,Walworth County,55127,55,Walworth County,resolved,2023
WI,Washburn County,55129,55,Washburn County,resolved,2023
WI,Washington County,55131,55,Washington County,resolved,2023
WI,Waukesha County,55133,55,Waukesha County,resolved,2023
WI,Waupaca County,55135,55,Waupaca County,resolved,2023
WI,Waushara County,55137,55,Waushara County,resolved,2023
WI,Winnebago County,55139,55,Winnebago County,resolved,2023
WI,Wood,55141,55,Wood County,resolved,2023
WI,Wood County,55141,55,Wood County,resolved,2023
WV,Barbour County,54001,54,Barbour County,resolved,2023
WV,Berkeley County,54003,54,Berkeley County,resolved,2023
WV,Boone County,54005,54,Boone County,resolved,2023
WV,Braxton County,54007,54,Braxton County,resolved,2023
WV,Brooke County,54009,54,Brooke County,resolved,2023
WV,Cabell County,54011,54,Cabell County,resolved,2023
WV,Calhoun County,54013,54,Calhoun County,resolved,2023
WV,Clay County,54015,54,Clay County,resolved,2023
WV,Doddridge County,54017,54,Doddridge County,resolved,2023
WV,Fayette County,54019,54,Fayette County,resolved,2023
WV,Gilmer County,54021,54,Gilmer County,resolved,2023
WV,Grant County,54023,54,Grant County,resolved,2023
WV,Greenbrier County,54025,54,Greenbrier County,resolved,2023
WV,Hampshire County,54027,54,Hampshire County,resolved,2023
WV,Hancock County,54029,54,Hancock County,resolved,2023
WV,Hardy County,54031,54,Hardy County,resolved,2023
WV,Harrison County,54033,54,Harrison County,resolved,2023
WV,Jackson County,54035,54,Jackson County,resolved,2023
WV,Jefferson County,54037,54,Jefferson County,resolved,2023
WV,Kanawha County,54039,54,Kanawha County,resolved,2023
WV,Lewis County,54041,54,Lewis County,resolved,2023
WV,Lincoln County,54043,54,Lincoln County,resolved,2023
WV,Logan County,54045,54,Logan County,resolved,2023
WV,Marion County,54049,54,Marion County,resolved,2023
WV,Marshall County,54051,54,Marshall County,resolved,2023
WV,Mason County,54053,54,Mason County,resolved,2023
WV,McDowell County,54047,54,McDowell County,resolved,2023
WV,Mercer County,54055,54,Mercer County,resolved,2023
WV,Mineral County,54057,54,Mineral County,resolved,2023
WV,Mingo County,54059,54,Mingo County,resolved,2023
WV,Monongalia County,54061,54,Monongalia County,resolved,2023
WV,Monroe County,54063,54,Monroe County,resolved,2023
WV,Morgan County,54065,54,Morgan County,resolved,2023
WV,Nicholas County,54067,54,Nicholas County,resolved,2023
WV,Ohio County,54069,54,Ohio County,resolved,2023
WV,Pendleton County,54071,54,Pendleton County,resolved,2023
WV,Pleasants County,54073,54,Pleasants County,resolved,2023
WV,Pocahontas County,54075,54,Pocahontas County,resolved,2023
WV,Preston County,54077,54,Preston County,resolved,2023
WV,Putnam County,54079,54,Putnam County,resolved,2023
WV,Raleigh County,54081,54,Raleigh County,resolved,2023
WV,Randolph County,54083,54,Randolph County,resolved,2023
WV,Ritchie County,54085,54,Ritchie County,resolved,2023
WV,Roane County,54087,54,Roane County,resolved,2023
WV,Summers County,54089,54,Summers County,resolved,2023
WV,Taylor County,54091,54,Taylor County,resolved,2023
WV,Tucker County,54093,54,Tucker County,resolved,2023
WV,Tyler County,54095,54,Tyler County,resolved,2023
WV,Upshur County,54097,54,Upshur County,resolved,2023
WV,Wayne County,54099,54,Wayne County,resolved,2023
WV,Webster County,54101,54,Webster County,resolved,2023
WV,Wetzel County,54103,54,Wetzel County,resolved,2023
WV,Wirt County,54105,54,Wirt County,resolved,2023
WV,Wood County,54107,54,Wood County,resolved,2023
WV,Wyoming County,54109,54,Wyoming County,resolved,2023
WY,Albany County,56001,56,Albany County,resolved,2023
WY,Big Horn County,56003,56,Big Horn County,resolved,2023
WY,Campbell County,56005,56,Campbell County,resolved,2023
WY,Carbon County,56007,56,Carbon County,resolved,2023
WY,Converse County,56009,56,Converse County,resolved,2023
WY,Crook County,56011,56,Crook County,resolved,2023
WY,Fremont County,56013,56,Fremont County,resolved,2023
WY,Goshen County,56015,56,Goshen County,resolved,2023
WY,Hot Springs County,56017,56,Hot Springs County,resolved,2023
WY,Johnson County,56019,56,Johnson County,resolved,2023
WY,Laramie County,56021,56,Laramie County,resolved,2023
WY,Lincoln County,56023,56,Lincoln County,resolved,2023
WY,Natrona County,56025,56,Natrona County,resolved,2023
WY,Niobrara County,56027,56,Niobrara County,resolved,2023
WY,Park County,56029,56,Park County,resolved,2023
WY,Platte County,56031,56,Platte County,resolved,2023
WY,Sheridan,56033,56,Sheridan County,resolved,2023
WY,Sheridan County,56033,56,Sheridan County,resolved,2023
WY,Sublette County,56035,56,Sublette County,resolved,2023
WY,Sweetwater County,56037,56,Sweetwater County,resolved,2023
WY,Teton County,56039,56,Teton County,resolved,2023
WY,Uinta County,56041,56,Uinta County,resolved,2023
WY,Washakie County,56043,56,Washakie County,resolved,2023
WY,Weston County,56045,56,Weston County,resolved,2023
