column_name,column_name_upper,dictionary_id,year_month,section,dtype,length,label,description
EIN,EIN,BMF-1989-06-501CX-NONPROFIT-PX,1989-06,Basic Info,Character,9,Employer Identification Number,Employer identification number.
NAME,NAME,BMF-1989-06-501CX-NONPROFIT-PX,1989-06,Basic Info,Character,70,Name of Org.,Organization name.
STATE,STATE,BMF-1989-06-501CX-NONPROFIT-PX,1989-06,Basic Info,Character,2,State,Two-letter state abbreviation.
NTEE1,NTEE1,BMF-1989-06-501CX-NONPROFIT-PX,1989-06,Basic Info,Character,2,NTEE major group,NTEE major group (A-Z)
NTEECC,NTEECC,BMF-1989-06-501CX-NONPROFIT-PX,1989-06,Basic Info,Character,4,NTEECC primary purpose,NTEECC classification
CITY,CITY,BMF-1989-06-501CX-NONPROFIT-PX,1989-06,Basic Info,Character,25,City,City
zip5,ZIP5,BMF-1989-06-501CX-NONPROFIT-PX,1989-06,Basic Info,Character,5,"Zip code, 5 digits",First 5 digits of zip code
ZIP,ZIP,BMF-1989-06-501CX-NONPROFIT-PX,1989-06,Basic Info,Character,10,Zip Code,ZIP code.
FIPS,FIPS,BMF-1989-06-501CX-NONPROFIT-PX,1989-06,Basic Info,Character,5,State + County FIPS code,2-digit State + 3-digit County FIPS code (Federal Information Processing Standard). See also U.S. Census Bureau State & County QuickFacts .
MSA_NECH,MSA_NECH,BMF-1989-06-501CX-NONPROFIT-PX,1989-06,Basic Info,Character,9,Metropolitan Statistical Area,Metropolitan Statistical Area (NCCS file) ( list )
PMSA,PMSA,BMF-1989-06-501CX-NONPROFIT-PX,1989-06,Basic Info,Character,4,Primary MSA,Primary Metropolitan Statistical Area - the component areas that comprise a CMSA (76 PMSAs as of 1995). ( list )
outnccs,OUTNCCS,BMF-1989-06-501CX-NONPROFIT-PX,1989-06,Basic Info,Character,3,Out of Scope flag,Out-of-scope (IN/OUT) (see OUTREAS doc. for details)
OUTREAS,OUTREAS,BMF-1989-06-501CX-NONPROFIT-PX,1989-06,Basic Info,Character,3,Reason why out of scope,Reason why out of scope
Filer,FILER,BMF-1989-06-501CX-NONPROFIT-PX,1989-06,Basic Info,Character,3,990 filing w/n 2 years? (Y/N),Filed 990 return within 24 months of BMF file? (Y/N)
ORGTYPCD,ORGTYPCD,BMF-1989-06-501CX-NONPROFIT-PX,1989-06,Basic Info,Character,3,Org. type,"Org.type (F=private foundation, C=charity, T=trust, O=other exempt org.)"
SUBSECCD,SUBSECCD,BMF-1989-06-501CX-NONPROFIT-PX,1989-06,Classification,Character,3,Subsection code,"IRS subsection code (03=501(c)(3), etc.)"
ntmaj5,NTMAJ5,BMF-1989-06-501CX-NONPROFIT-PX,1989-06,Classification,Character,3,Major subsector,Major subsector (5)
ntmaj10,NTMAJ10,BMF-1989-06-501CX-NONPROFIT-PX,1989-06,Classification,Character,3,NTEE major group (10),10 NTEE major groups
ntmaj12,NTMAJ12,BMF-1989-06-501CX-NONPROFIT-PX,1989-06,Classification,Character,3,NTEE major group (12),12 NTEE major groups: ntmaj10 plus higher education (BH) and hospitals (EH)
NTEEconf,NTEECONF,BMF-1989-06-501CX-NONPROFIT-PX,1989-06,Classification,Character,1,NTEE confidence rating,NTEE classification confidence rating (A/B/C)
MAJGRPB,MAJGRPB,BMF-1989-06-501CX-NONPROFIT-PX,1989-06,Classification,Character,1,Major NTEE group,Major NTEE group plus hospitals and higher education
LEVEL1,LEVEL1,BMF-1989-06-501CX-NONPROFIT-PX,1989-06,Other Classification,Character,1,Public charity or priv. fndn?,Public charity or private foundation?
LEVEL2,LEVEL2,BMF-1989-06-501CX-NONPROFIT-PX,1989-06,Other Classification,Character,1,Reporting public charity group,Reporting public charity groups.
level3,LEVEL3,BMF-1989-06-501CX-NONPROFIT-PX,1989-06,Other Classification,Character,1,Major NTEE category,Major NTEE category
level4,LEVEL4,BMF-1989-06-501CX-NONPROFIT-PX,1989-06,Other Classification,Character,1,NTEE-CC Major Group,NTEE-CC Major Group
NAICS,NAICS,BMF-1989-06-501CX-NONPROFIT-PX,1989-06,Other Classification,Character,6,NAICS,NAICS Code
v_errorCd,V_ERRORCD,BMF-1989-06-501CX-NONPROFIT-PX,1989-06,Verification,Character,1,Possible error code,Code for possible error
RandNum,RANDNUM,BMF-1989-06-501CX-NONPROFIT-PX,1989-06,Miscellaneous,Numeric,1,Random number between 0 and 1,Random number between 0 and 1 used for creating samples
EIN,EIN,BMF-1995-08-501CX-NONPROFIT-PX,1995-08,Basic Info,Character,9,Employer Identification Number,Employer identification number.
NAME,NAME,BMF-1995-08-501CX-NONPROFIT-PX,1995-08,Basic Info,Character,70,Name of Org.,Organization name.
STATE,STATE,BMF-1995-08-501CX-NONPROFIT-PX,1995-08,Basic Info,Character,2,State,Two-letter state abbreviation.
NTEE1,NTEE1,BMF-1995-08-501CX-NONPROFIT-PX,1995-08,Basic Info,Character,2,NTEE major group,NTEE major group (A-Z)
NTEECC,NTEECC,BMF-1995-08-501CX-NONPROFIT-PX,1995-08,Basic Info,Character,4,NTEECC primary purpose,NTEECC classification
CITY,CITY,BMF-1995-08-501CX-NONPROFIT-PX,1995-08,Basic Info,Character,25,City,City
zip5,ZIP5,BMF-1995-08-501CX-NONPROFIT-PX,1995-08,Basic Info,Character,5,"Zip code, 5 digits",First 5 digits of zip code
FIPS,FIPS,BMF-1995-08-501CX-NONPROFIT-PX,1995-08,Basic Info,Character,5,State + County FIPS code,2-digit State + 3-digit County FIPS code (Federal Information Processing Standard). See also U.S. Census Bureau State & County QuickFacts .
MSA_NECH,MSA_NECH,BMF-1995-08-501CX-NONPROFIT-PX,1995-08,Basic Info,Character,9,Metropolitan Statistical Area,Metropolitan Statistical Area (NCCS file) ( list )
PMSA,PMSA,BMF-1995-08-501CX-NONPROFIT-PX,1995-08,Basic Info,Character,4,Primary MSA,Primary Metropolitan Statistical Area - the component areas that comprise a CMSA (76 PMSAs as of 1995). ( list )
outnccs,OUTNCCS,BMF-1995-08-501CX-NONPROFIT-PX,1995-08,Basic Info,Character,3,Out of Scope flag,Out-of-scope (IN/OUT) (see OUTREAS doc. for details)
OUTREAS,OUTREAS,BMF-1995-08-501CX-NONPROFIT-PX,1995-08,Basic Info,Character,3,Reason why out of scope,Reason why out of scope
Filer,FILER,BMF-1995-08-501CX-NONPROFIT-PX,1995-08,Basic Info,Character,3,990 filing w/n 2 years? (Y/N),Filed 990 return within 24 months of BMF file? (Y/N)
SUBSECCD,SUBSECCD,BMF-1995-08-501CX-NONPROFIT-PX,1995-08,Classification,Character,3,Subsection code,"IRS subsection code (03=501(c)(3), etc.)"
ntmaj5,NTMAJ5,BMF-1995-08-501CX-NONPROFIT-PX,1995-08,Classification,Character,3,Major subsector,Major subsector (5)
ntmaj10,NTMAJ10,BMF-1995-08-501CX-NONPROFIT-PX,1995-08,Classification,Character,3,NTEE major group (10),10 NTEE major groups
ntmaj12,NTMAJ12,BMF-1995-08-501CX-NONPROFIT-PX,1995-08,Classification,Character,3,NTEE major group (12),12 NTEE major groups: ntmaj10 plus higher education (BH) and hospitals (EH)
NTEEconf,NTEECONF,BMF-1995-08-501CX-NONPROFIT-PX,1995-08,Classification,Character,1,NTEE confidence rating,NTEE classification confidence rating (A/B/C)
MAJGRPB,MAJGRPB,BMF-1995-08-501CX-NONPROFIT-PX,1995-08,Classification,Character,1,Major NTEE group,Major NTEE group plus hospitals and higher education
INCOME,INCOME,BMF-1995-08-501CX-NONPROFIT-PX,1995-08,Financial Info,Numeric,1,Gross receipts,Gross receipts from most recently filed Form 990
ASSETS,ASSETS,BMF-1995-08-501CX-NONPROFIT-PX,1995-08,Financial Info,Numeric,1,"Total assets, end of year",Total assets (end of year) from most recent Form 990
cFiler,CFILER,BMF-1995-08-501CX-NONPROFIT-PX,1995-08,NCCS Financial Info,Character,1,990 filing w/n 2 years? (Y/N),Filed 990 return within 24 months of BMF file date? (Y/N)
cTaxPer,CTAXPER,BMF-1995-08-501CX-NONPROFIT-PX,1995-08,NCCS Financial Info,Character,6,Ending date for tax period,Ending date for tax period of NCCS financial data in yyyymm format.
cTotRev,CTOTREV,BMF-1995-08-501CX-NONPROFIT-PX,1995-08,NCCS Financial Info,Numeric,6,Total Revenue,"Total Revenue from most recent Form 990 (Part I, line 12 on Form 990; Part I, line 9 on Form 990-EZ; or Part I, line 12(a) on Form 990-PF)"
cAssets,CASSETS,BMF-1995-08-501CX-NONPROFIT-PX,1995-08,NCCS Financial Info,Numeric,6,"Total Assets, BV End of Year","Total Assets (Book Value at end of year) from most recent Form 990 (Part IV, line 59(B) on Form 990; Part II, line 25(B) on Form 990-EZ; or Part II, line 16(b) on Form 990-PF)"
cFinSrc,CFINSRC,BMF-1995-08-501CX-NONPROFIT-PX,1995-08,NCCS Financial Info,Character,10,Source of NCCS Financial Data,Source of financial data added by NCCS (primarily the most recent Form 990 filing as of BMF date from NCCS Core files)
RULEDATE,RULEDATE,BMF-1995-08-501CX-NONPROFIT-PX,1995-08,Other Descriptive Info,Character,6,Ruling date (YYYYMM) from IRS,Ruling date: year and month of IRS ruling or determination letter recognizing orgs exempt status (YYYYMM)
FNDNCD,FNDNCD,BMF-1995-08-501CX-NONPROFIT-PX,1995-08,Other Descriptive Info,Character,6,Reason for 501(c)(3) status,"Reason for & type of 501(c)(3) exempt status including codes for operating and grantmaking foundations, and broad type of public charity"
LEVEL1,LEVEL1,BMF-1995-08-501CX-NONPROFIT-PX,1995-08,Other Classification,Character,6,Public charity or priv. fndn?,Public charity or private foundation?
LEVEL2,LEVEL2,BMF-1995-08-501CX-NONPROFIT-PX,1995-08,Other Classification,Character,6,Reporting public charity group,Reporting public charity groups.
level3,LEVEL3,BMF-1995-08-501CX-NONPROFIT-PX,1995-08,Other Classification,Character,6,Major NTEE category,Major NTEE category
level4,LEVEL4,BMF-1995-08-501CX-NONPROFIT-PX,1995-08,Other Classification,Character,6,NTEE-CC Major Group,NTEE-CC Major Group
NAICS,NAICS,BMF-1995-08-501CX-NONPROFIT-PX,1995-08,Other Classification,Character,6,NAICS,NAICS Code
RandNum,RANDNUM,BMF-1995-08-501CX-NONPROFIT-PX,1995-08,Miscellaneous,Numeric,6,Random number between 0 and 1,Random number between 0 and 1 used for creating samples
EIN,EIN,BMF-1996-06-501CX-NONPROFIT-PX,1996-06,Basic Info,Character,9,Employer Identification Number,Employer identification number.
NAME,NAME,BMF-1996-06-501CX-NONPROFIT-PX,1996-06,Basic Info,Character,70,Name of Org.,Organization name.
STATE,STATE,BMF-1996-06-501CX-NONPROFIT-PX,1996-06,Basic Info,Character,2,State,Two-letter state abbreviation.
NTEE1,NTEE1,BMF-1996-06-501CX-NONPROFIT-PX,1996-06,Basic Info,Character,2,NTEE major group,NTEE major group (A-Z)
NTEECC,NTEECC,BMF-1996-06-501CX-NONPROFIT-PX,1996-06,Basic Info,Character,4,NTEECC primary purpose,NTEECC classification
CITY,CITY,BMF-1996-06-501CX-NONPROFIT-PX,1996-06,Basic Info,Character,25,City,City
zip5,ZIP5,BMF-1996-06-501CX-NONPROFIT-PX,1996-06,Basic Info,Character,5,"Zip code, 5 digits",First 5 digits of zip code
FIPS,FIPS,BMF-1996-06-501CX-NONPROFIT-PX,1996-06,Basic Info,Character,5,State + County FIPS code,2-digit State + 3-digit County FIPS code (Federal Information Processing Standard). See also U.S. Census Bureau State & County QuickFacts .
MSA_NECH,MSA_NECH,BMF-1996-06-501CX-NONPROFIT-PX,1996-06,Basic Info,Character,9,Metropolitan Statistical Area,Metropolitan Statistical Area (NCCS file) ( list )
PMSA,PMSA,BMF-1996-06-501CX-NONPROFIT-PX,1996-06,Basic Info,Character,4,Primary MSA,Primary Metropolitan Statistical Area - the component areas that comprise a CMSA (76 PMSAs as of 1995). ( list )
outnccs,OUTNCCS,BMF-1996-06-501CX-NONPROFIT-PX,1996-06,Basic Info,Character,3,Out of Scope flag,Out-of-scope (IN/OUT) (see OUTREAS doc. for details)
OUTREAS,OUTREAS,BMF-1996-06-501CX-NONPROFIT-PX,1996-06,Basic Info,Character,3,Reason why out of scope,Reason why out of scope
Filer,FILER,BMF-1996-06-501CX-NONPROFIT-PX,1996-06,Basic Info,Character,3,990 filing w/n 2 years? (Y/N),Filed 990 return within 24 months of BMF file? (Y/N)
SUBSECCD,SUBSECCD,BMF-1996-06-501CX-NONPROFIT-PX,1996-06,Classification,Character,3,Subsection code,"IRS subsection code (03=501(c)(3), etc.)"
ntmaj5,NTMAJ5,BMF-1996-06-501CX-NONPROFIT-PX,1996-06,Classification,Character,3,Major subsector,Major subsector (5)
ntmaj10,NTMAJ10,BMF-1996-06-501CX-NONPROFIT-PX,1996-06,Classification,Character,3,NTEE major group (10),10 NTEE major groups
ntmaj12,NTMAJ12,BMF-1996-06-501CX-NONPROFIT-PX,1996-06,Classification,Character,3,NTEE major group (12),12 NTEE major groups: ntmaj10 plus higher education (BH) and hospitals (EH)
NTEEconf,NTEECONF,BMF-1996-06-501CX-NONPROFIT-PX,1996-06,Classification,Character,1,NTEE confidence rating,NTEE classification confidence rating (A/B/C)
MAJGRPB,MAJGRPB,BMF-1996-06-501CX-NONPROFIT-PX,1996-06,Classification,Character,1,Major NTEE group,Major NTEE group plus hospitals and higher education
INCOME,INCOME,BMF-1996-06-501CX-NONPROFIT-PX,1996-06,Financial Info,Numeric,1,Gross receipts,Gross receipts from most recently filed Form 990
ASSETS,ASSETS,BMF-1996-06-501CX-NONPROFIT-PX,1996-06,Financial Info,Numeric,1,"Total assets, end of year",Total assets (end of year) from most recent Form 990
cFiler,CFILER,BMF-1996-06-501CX-NONPROFIT-PX,1996-06,NCCS Financial Info,Character,1,990 filing w/n 2 years? (Y/N),Filed 990 return within 24 months of BMF file date? (Y/N)
cTaxPer,CTAXPER,BMF-1996-06-501CX-NONPROFIT-PX,1996-06,NCCS Financial Info,Character,6,Ending date for tax period,Ending date for tax period of NCCS financial data in yyyymm format.
cTotRev,CTOTREV,BMF-1996-06-501CX-NONPROFIT-PX,1996-06,NCCS Financial Info,Numeric,6,Total Revenue,"Total Revenue from most recent Form 990 (Part I, line 12 on Form 990; Part I, line 9 on Form 990-EZ; or Part I, line 12(a) on Form 990-PF)"
cAssets,CASSETS,BMF-1996-06-501CX-NONPROFIT-PX,1996-06,NCCS Financial Info,Numeric,6,"Total Assets, BV End of Year","Total Assets (Book Value at end of year) from most recent Form 990 (Part IV, line 59(B) on Form 990; Part II, line 25(B) on Form 990-EZ; or Part II, line 16(b) on Form 990-PF)"
cFinSrc,CFINSRC,BMF-1996-06-501CX-NONPROFIT-PX,1996-06,NCCS Financial Info,Character,10,Source of NCCS Financial Data,Source of financial data added by NCCS (primarily the most recent Form 990 filing as of BMF date from NCCS Core files)
RULEDATE,RULEDATE,BMF-1996-06-501CX-NONPROFIT-PX,1996-06,Other Descriptive Info,Character,6,Ruling date (YYYYMM) from IRS,Ruling date: year and month of IRS ruling or determination letter recognizing orgs exempt status (YYYYMM)
FNDNCD,FNDNCD,BMF-1996-06-501CX-NONPROFIT-PX,1996-06,Other Descriptive Info,Character,6,Reason for 501(c)(3) status,"Reason for & type of 501(c)(3) exempt status including codes for operating and grantmaking foundations, and broad type of public charity"
LEVEL1,LEVEL1,BMF-1996-06-501CX-NONPROFIT-PX,1996-06,Other Classification,Character,6,Public charity or priv. fndn?,Public charity or private foundation?
LEVEL2,LEVEL2,BMF-1996-06-501CX-NONPROFIT-PX,1996-06,Other Classification,Character,6,Reporting public charity group,Reporting public charity groups.
level3,LEVEL3,BMF-1996-06-501CX-NONPROFIT-PX,1996-06,Other Classification,Character,6,Major NTEE category,Major NTEE category
level4,LEVEL4,BMF-1996-06-501CX-NONPROFIT-PX,1996-06,Other Classification,Character,6,NTEE-CC Major Group,NTEE-CC Major Group
NAICS,NAICS,BMF-1996-06-501CX-NONPROFIT-PX,1996-06,Other Classification,Character,6,NAICS,NAICS Code
RandNum,RANDNUM,BMF-1996-06-501CX-NONPROFIT-PX,1996-06,Miscellaneous,Numeric,6,Random number between 0 and 1,Random number between 0 and 1 used for creating samples
EIN,EIN,BMF-1997-10-501CX-NONPROFIT-PX,1997-10,Basic Info,Character,9,Employer Identification Number,Employer identification number.
NAME,NAME,BMF-1997-10-501CX-NONPROFIT-PX,1997-10,Basic Info,Character,70,Name of Org.,Organization name.
STATE,STATE,BMF-1997-10-501CX-NONPROFIT-PX,1997-10,Basic Info,Character,2,State,Two-letter state abbreviation.
NTEE1,NTEE1,BMF-1997-10-501CX-NONPROFIT-PX,1997-10,Basic Info,Character,2,NTEE major group,NTEE major group (A-Z)
NTEECC,NTEECC,BMF-1997-10-501CX-NONPROFIT-PX,1997-10,Basic Info,Character,4,NTEECC primary purpose,NTEECC classification
CITY,CITY,BMF-1997-10-501CX-NONPROFIT-PX,1997-10,Basic Info,Character,25,City,City
zip5,ZIP5,BMF-1997-10-501CX-NONPROFIT-PX,1997-10,Basic Info,Character,5,"Zip code, 5 digits",First 5 digits of zip code
FIPS,FIPS,BMF-1997-10-501CX-NONPROFIT-PX,1997-10,Basic Info,Character,5,State + County FIPS code,2-digit State + 3-digit County FIPS code (Federal Information Processing Standard). See also U.S. Census Bureau State & County QuickFacts .
MSA_NECH,MSA_NECH,BMF-1997-10-501CX-NONPROFIT-PX,1997-10,Basic Info,Character,9,Metropolitan Statistical Area,Metropolitan Statistical Area (NCCS file) ( list )
PMSA,PMSA,BMF-1997-10-501CX-NONPROFIT-PX,1997-10,Basic Info,Character,4,Primary MSA,Primary Metropolitan Statistical Area - the component areas that comprise a CMSA (76 PMSAs as of 1995). ( list )
outnccs,OUTNCCS,BMF-1997-10-501CX-NONPROFIT-PX,1997-10,Basic Info,Character,3,Out of Scope flag,Out-of-scope (IN/OUT) (see OUTREAS doc. for details)
OUTREAS,OUTREAS,BMF-1997-10-501CX-NONPROFIT-PX,1997-10,Basic Info,Character,3,Reason why out of scope,Reason why out of scope
Filer,FILER,BMF-1997-10-501CX-NONPROFIT-PX,1997-10,Basic Info,Character,3,990 filing w/n 2 years? (Y/N),Filed 990 return within 24 months of BMF file? (Y/N)
SUBSECCD,SUBSECCD,BMF-1997-10-501CX-NONPROFIT-PX,1997-10,Classification,Character,3,Subsection code,"IRS subsection code (03=501(c)(3), etc.)"
ntmaj5,NTMAJ5,BMF-1997-10-501CX-NONPROFIT-PX,1997-10,Classification,Character,3,Major subsector,Major subsector (5)
ntmaj10,NTMAJ10,BMF-1997-10-501CX-NONPROFIT-PX,1997-10,Classification,Character,3,NTEE major group (10),10 NTEE major groups
ntmaj12,NTMAJ12,BMF-1997-10-501CX-NONPROFIT-PX,1997-10,Classification,Character,3,NTEE major group (12),12 NTEE major groups: ntmaj10 plus higher education (BH) and hospitals (EH)
NTEEconf,NTEECONF,BMF-1997-10-501CX-NONPROFIT-PX,1997-10,Classification,Character,1,NTEE confidence rating,NTEE classification confidence rating (A/B/C)
MAJGRPB,MAJGRPB,BMF-1997-10-501CX-NONPROFIT-PX,1997-10,Classification,Character,1,Major NTEE group,Major NTEE group plus hospitals and higher education
INCOME,INCOME,BMF-1997-10-501CX-NONPROFIT-PX,1997-10,Financial Info,Numeric,1,Gross receipts,Gross receipts from most recently filed Form 990
ASSETS,ASSETS,BMF-1997-10-501CX-NONPROFIT-PX,1997-10,Financial Info,Numeric,1,"Total assets, end of year",Total assets (end of year) from most recent Form 990
cFiler,CFILER,BMF-1997-10-501CX-NONPROFIT-PX,1997-10,NCCS Financial Info,Character,1,990 filing w/n 2 years? (Y/N),Filed 990 return within 24 months of BMF file date? (Y/N)
cTaxPer,CTAXPER,BMF-1997-10-501CX-NONPROFIT-PX,1997-10,NCCS Financial Info,Character,6,Ending date for tax period,Ending date for tax period of NCCS financial data in yyyymm format.
cTotRev,CTOTREV,BMF-1997-10-501CX-NONPROFIT-PX,1997-10,NCCS Financial Info,Numeric,6,Total Revenue,"Total Revenue from most recent Form 990 (Part I, line 12 on Form 990; Part I, line 9 on Form 990-EZ; or Part I, line 12(a) on Form 990-PF)"
cAssets,CASSETS,BMF-1997-10-501CX-NONPROFIT-PX,1997-10,NCCS Financial Info,Numeric,6,"Total Assets, BV End of Year","Total Assets (Book Value at end of year) from most recent Form 990 (Part IV, line 59(B) on Form 990; Part II, line 25(B) on Form 990-EZ; or Part II, line 16(b) on Form 990-PF)"
cFinSrc,CFINSRC,BMF-1997-10-501CX-NONPROFIT-PX,1997-10,NCCS Financial Info,Character,10,Source of NCCS Financial Data,Source of financial data added by NCCS (primarily the most recent Form 990 filing as of BMF date from NCCS Core files)
RULEDATE,RULEDATE,BMF-1997-10-501CX-NONPROFIT-PX,1997-10,Other Descriptive Info,Character,6,Ruling date (YYYYMM) from IRS,Ruling date: year and month of IRS ruling or determination letter recognizing orgs exempt status (YYYYMM)
FNDNCD,FNDNCD,BMF-1997-10-501CX-NONPROFIT-PX,1997-10,Other Descriptive Info,Character,6,Reason for 501(c)(3) status,"Reason for & type of 501(c)(3) exempt status including codes for operating and grantmaking foundations, and broad type of public charity"
LEVEL1,LEVEL1,BMF-1997-10-501CX-NONPROFIT-PX,1997-10,Other Classification,Character,6,Public charity or priv. fndn?,Public charity or private foundation?
LEVEL2,LEVEL2,BMF-1997-10-501CX-NONPROFIT-PX,1997-10,Other Classification,Character,6,Reporting public charity group,Reporting public charity groups.
level3,LEVEL3,BMF-1997-10-501CX-NONPROFIT-PX,1997-10,Other Classification,Character,6,Major NTEE category,Major NTEE category
level4,LEVEL4,BMF-1997-10-501CX-NONPROFIT-PX,1997-10,Other Classification,Character,6,NTEE-CC Major Group,NTEE-CC Major Group
NAICS,NAICS,BMF-1997-10-501CX-NONPROFIT-PX,1997-10,Other Classification,Character,6,NAICS,NAICS Code
RandNum,RANDNUM,BMF-1997-10-501CX-NONPROFIT-PX,1997-10,Miscellaneous,Numeric,6,Random number between 0 and 1,Random number between 0 and 1 used for creating samples
EIN,EIN,BMF-1998-09-501CX-NONPROFIT-PX,1998-09,Basic Info,Character,9,Employer Identification Number,Employer identification number.
NAME,NAME,BMF-1998-09-501CX-NONPROFIT-PX,1998-09,Basic Info,Character,70,Name of Org.,Organization name.
STATE,STATE,BMF-1998-09-501CX-NONPROFIT-PX,1998-09,Basic Info,Character,2,State,Two-letter state abbreviation.
NTEE1,NTEE1,BMF-1998-09-501CX-NONPROFIT-PX,1998-09,Basic Info,Character,2,NTEE major group,NTEE major group (A-Z)
NTEECC,NTEECC,BMF-1998-09-501CX-NONPROFIT-PX,1998-09,Basic Info,Character,4,NTEECC primary purpose,NTEECC classification
CITY,CITY,BMF-1998-09-501CX-NONPROFIT-PX,1998-09,Basic Info,Character,25,City,City
zip5,ZIP5,BMF-1998-09-501CX-NONPROFIT-PX,1998-09,Basic Info,Character,5,"Zip code, 5 digits",First 5 digits of zip code
FIPS,FIPS,BMF-1998-09-501CX-NONPROFIT-PX,1998-09,Basic Info,Character,5,State + County FIPS code,2-digit State + 3-digit County FIPS code (Federal Information Processing Standard). See also U.S. Census Bureau State & County QuickFacts .
MSA_NECH,MSA_NECH,BMF-1998-09-501CX-NONPROFIT-PX,1998-09,Basic Info,Character,9,Metropolitan Statistical Area,Metropolitan Statistical Area (NCCS file) ( list )
PMSA,PMSA,BMF-1998-09-501CX-NONPROFIT-PX,1998-09,Basic Info,Character,4,Primary MSA,Primary Metropolitan Statistical Area - the component areas that comprise a CMSA (76 PMSAs as of 1995). ( list )
outnccs,OUTNCCS,BMF-1998-09-501CX-NONPROFIT-PX,1998-09,Basic Info,Character,3,Out of Scope flag,Out-of-scope (IN/OUT) (see OUTREAS doc. for details)
OUTREAS,OUTREAS,BMF-1998-09-501CX-NONPROFIT-PX,1998-09,Basic Info,Character,3,Reason why out of scope,Reason why out of scope
Filer,FILER,BMF-1998-09-501CX-NONPROFIT-PX,1998-09,Basic Info,Character,3,990 filing w/n 2 years? (Y/N),Filed 990 return within 24 months of BMF file? (Y/N)
SUBSECCD,SUBSECCD,BMF-1998-09-501CX-NONPROFIT-PX,1998-09,Classification,Character,3,Subsection code,"IRS subsection code (03=501(c)(3), etc.)"
ntmaj5,NTMAJ5,BMF-1998-09-501CX-NONPROFIT-PX,1998-09,Classification,Character,3,Major subsector,Major subsector (5)
ntmaj10,NTMAJ10,BMF-1998-09-501CX-NONPROFIT-PX,1998-09,Classification,Character,3,NTEE major group (10),10 NTEE major groups
ntmaj12,NTMAJ12,BMF-1998-09-501CX-NONPROFIT-PX,1998-09,Classification,Character,3,NTEE major group (12),12 NTEE major groups: ntmaj10 plus higher education (BH) and hospitals (EH)
NTEEconf,NTEECONF,BMF-1998-09-501CX-NONPROFIT-PX,1998-09,Classification,Character,1,NTEE confidence rating,NTEE classification confidence rating (A/B/C)
MAJGRPB,MAJGRPB,BMF-1998-09-501CX-NONPROFIT-PX,1998-09,Classification,Character,1,Major NTEE group,Major NTEE group plus hospitals and higher education
INCOME,INCOME,BMF-1998-09-501CX-NONPROFIT-PX,1998-09,Financial Info,Numeric,1,Gross receipts,Gross receipts from most recently filed Form 990
ASSETS,ASSETS,BMF-1998-09-501CX-NONPROFIT-PX,1998-09,Financial Info,Numeric,1,"Total assets, end of year",Total assets (end of year) from most recent Form 990
cFiler,CFILER,BMF-1998-09-501CX-NONPROFIT-PX,1998-09,NCCS Financial Info,Character,1,990 filing w/n 2 years? (Y/N),Filed 990 return within 24 months of BMF file date? (Y/N)
cTaxPer,CTAXPER,BMF-1998-09-501CX-NONPROFIT-PX,1998-09,NCCS Financial Info,Character,6,Ending date for tax period,Ending date for tax period of NCCS financial data in yyyymm format.
cTotRev,CTOTREV,BMF-1998-09-501CX-NONPROFIT-PX,1998-09,NCCS Financial Info,Numeric,6,Total Revenue,"Total Revenue from most recent Form 990 (Part I, line 12 on Form 990; Part I, line 9 on Form 990-EZ; or Part I, line 12(a) on Form 990-PF)"
cAssets,CASSETS,BMF-1998-09-501CX-NONPROFIT-PX,1998-09,NCCS Financial Info,Numeric,6,"Total Assets, BV End of Year","Total Assets (Book Value at end of year) from most recent Form 990 (Part IV, line 59(B) on Form 990; Part II, line 25(B) on Form 990-EZ; or Part II, line 16(b) on Form 990-PF)"
cFinSrc,CFINSRC,BMF-1998-09-501CX-NONPROFIT-PX,1998-09,NCCS Financial Info,Character,10,Source of NCCS Financial Data,Source of financial data added by NCCS (primarily the most recent Form 990 filing as of BMF date from NCCS Core files)
RULEDATE,RULEDATE,BMF-1998-09-501CX-NONPROFIT-PX,1998-09,Other Descriptive Info,Character,6,Ruling date (YYYYMM) from IRS,Ruling date: year and month of IRS ruling or determination letter recognizing orgs exempt status (YYYYMM)
FNDNCD,FNDNCD,BMF-1998-09-501CX-NONPROFIT-PX,1998-09,Other Descriptive Info,Character,6,Reason for 501(c)(3) status,"Reason for & type of 501(c)(3) exempt status including codes for operating and grantmaking foundations, and broad type of public charity"
LEVEL1,LEVEL1,BMF-1998-09-501CX-NONPROFIT-PX,1998-09,Other Classification,Character,6,Public charity or priv. fndn?,Public charity or private foundation?
LEVEL2,LEVEL2,BMF-1998-09-501CX-NONPROFIT-PX,1998-09,Other Classification,Character,6,Reporting public charity group,Reporting public charity groups.
level3,LEVEL3,BMF-1998-09-501CX-NONPROFIT-PX,1998-09,Other Classification,Character,6,Major NTEE category,Major NTEE category
level4,LEVEL4,BMF-1998-09-501CX-NONPROFIT-PX,1998-09,Other Classification,Character,6,NTEE-CC Major Group,NTEE-CC Major Group
NAICS,NAICS,BMF-1998-09-501CX-NONPROFIT-PX,1998-09,Other Classification,Character,6,NAICS,NAICS Code
RandNum,RANDNUM,BMF-1998-09-501CX-NONPROFIT-PX,1998-09,Miscellaneous,Numeric,6,Random number between 0 and 1,Random number between 0 and 1 used for creating samples
EIN,EIN,BMF-1999-12-501CX-NONPROFIT-PX,1999-12,Basic Info,Character,9,Employer Identification Number,Employer identification number.
NAME,NAME,BMF-1999-12-501CX-NONPROFIT-PX,1999-12,Basic Info,Character,70,Name of Org.,Organization name.
STATE,STATE,BMF-1999-12-501CX-NONPROFIT-PX,1999-12,Basic Info,Character,2,State,Two-letter state abbreviation.
NTEE1,NTEE1,BMF-1999-12-501CX-NONPROFIT-PX,1999-12,Basic Info,Character,2,NTEE major group,NTEE major group (A-Z)
NTEECC,NTEECC,BMF-1999-12-501CX-NONPROFIT-PX,1999-12,Basic Info,Character,4,NTEECC primary purpose,NTEECC classification
CITY,CITY,BMF-1999-12-501CX-NONPROFIT-PX,1999-12,Basic Info,Character,25,City,City
zip5,ZIP5,BMF-1999-12-501CX-NONPROFIT-PX,1999-12,Basic Info,Character,5,"Zip code, 5 digits",First 5 digits of zip code
FIPS,FIPS,BMF-1999-12-501CX-NONPROFIT-PX,1999-12,Basic Info,Character,5,State + County FIPS code,2-digit State + 3-digit County FIPS code (Federal Information Processing Standard). See also U.S. Census Bureau State & County QuickFacts .
MSA_NECH,MSA_NECH,BMF-1999-12-501CX-NONPROFIT-PX,1999-12,Basic Info,Character,9,Metropolitan Statistical Area,Metropolitan Statistical Area (NCCS file) ( list )
PMSA,PMSA,BMF-1999-12-501CX-NONPROFIT-PX,1999-12,Basic Info,Character,4,Primary MSA,Primary Metropolitan Statistical Area - the component areas that comprise a CMSA (76 PMSAs as of 1995). ( list )
outnccs,OUTNCCS,BMF-1999-12-501CX-NONPROFIT-PX,1999-12,Basic Info,Character,3,Out of Scope flag,Out-of-scope (IN/OUT) (see OUTREAS doc. for details)
OUTREAS,OUTREAS,BMF-1999-12-501CX-NONPROFIT-PX,1999-12,Basic Info,Character,3,Reason why out of scope,Reason why out of scope
Filer,FILER,BMF-1999-12-501CX-NONPROFIT-PX,1999-12,Basic Info,Character,3,990 filing w/n 2 years? (Y/N),Filed 990 return within 24 months of BMF file? (Y/N)
SUBSECCD,SUBSECCD,BMF-1999-12-501CX-NONPROFIT-PX,1999-12,Classification,Character,3,Subsection code,"IRS subsection code (03=501(c)(3), etc.)"
ntmaj5,NTMAJ5,BMF-1999-12-501CX-NONPROFIT-PX,1999-12,Classification,Character,3,Major subsector,Major subsector (5)
ntmaj10,NTMAJ10,BMF-1999-12-501CX-NONPROFIT-PX,1999-12,Classification,Character,3,NTEE major group (10),10 NTEE major groups
ntmaj12,NTMAJ12,BMF-1999-12-501CX-NONPROFIT-PX,1999-12,Classification,Character,3,NTEE major group (12),12 NTEE major groups: ntmaj10 plus higher education (BH) and hospitals (EH)
NTEEconf,NTEECONF,BMF-1999-12-501CX-NONPROFIT-PX,1999-12,Classification,Character,1,NTEE confidence rating,NTEE classification confidence rating (A/B/C)
MAJGRPB,MAJGRPB,BMF-1999-12-501CX-NONPROFIT-PX,1999-12,Classification,Character,1,Major NTEE group,Major NTEE group plus hospitals and higher education
INCOME,INCOME,BMF-1999-12-501CX-NONPROFIT-PX,1999-12,Financial Info,Numeric,1,Gross receipts,Gross receipts from most recently filed Form 990
ASSETS,ASSETS,BMF-1999-12-501CX-NONPROFIT-PX,1999-12,Financial Info,Numeric,1,"Total assets, end of year",Total assets (end of year) from most recent Form 990
cFiler,CFILER,BMF-1999-12-501CX-NONPROFIT-PX,1999-12,NCCS Financial Info,Character,1,990 filing w/n 2 years? (Y/N),Filed 990 return within 24 months of BMF file date? (Y/N)
cTaxPer,CTAXPER,BMF-1999-12-501CX-NONPROFIT-PX,1999-12,NCCS Financial Info,Character,6,Ending date for tax period,Ending date for tax period of NCCS financial data in yyyymm format.
cTotRev,CTOTREV,BMF-1999-12-501CX-NONPROFIT-PX,1999-12,NCCS Financial Info,Numeric,6,Total Revenue,"Total Revenue from most recent Form 990 (Part I, line 12 on Form 990; Part I, line 9 on Form 990-EZ; or Part I, line 12(a) on Form 990-PF)"
cAssets,CASSETS,BMF-1999-12-501CX-NONPROFIT-PX,1999-12,NCCS Financial Info,Numeric,6,"Total Assets, BV End of Year","Total Assets (Book Value at end of year) from most recent Form 990 (Part IV, line 59(B) on Form 990; Part II, line 25(B) on Form 990-EZ; or Part II, line 16(b) on Form 990-PF)"
cFinSrc,CFINSRC,BMF-1999-12-501CX-NONPROFIT-PX,1999-12,NCCS Financial Info,Character,10,Source of NCCS Financial Data,Source of financial data added by NCCS (primarily the most recent Form 990 filing as of BMF date from NCCS Core files)
RULEDATE,RULEDATE,BMF-1999-12-501CX-NONPROFIT-PX,1999-12,Other Descriptive Info,Character,6,Ruling date (YYYYMM) from IRS,Ruling date: year and month of IRS ruling or determination letter recognizing orgs exempt status (YYYYMM)
FNDNCD,FNDNCD,BMF-1999-12-501CX-NONPROFIT-PX,1999-12,Other Descriptive Info,Character,6,Reason for 501(c)(3) status,"Reason for & type of 501(c)(3) exempt status including codes for operating and grantmaking foundations, and broad type of public charity"
LEVEL1,LEVEL1,BMF-1999-12-501CX-NONPROFIT-PX,1999-12,Other Classification,Character,6,Public charity or priv. fndn?,Public charity or private foundation?
LEVEL2,LEVEL2,BMF-1999-12-501CX-NONPROFIT-PX,1999-12,Other Classification,Character,6,Reporting public charity group,Reporting public charity groups.
level3,LEVEL3,BMF-1999-12-501CX-NONPROFIT-PX,1999-12,Other Classification,Character,6,Major NTEE category,Major NTEE category
level4,LEVEL4,BMF-1999-12-501CX-NONPROFIT-PX,1999-12,Other Classification,Character,6,NTEE-CC Major Group,NTEE-CC Major Group
NAICS,NAICS,BMF-1999-12-501CX-NONPROFIT-PX,1999-12,Other Classification,Character,6,NAICS,NAICS Code
RandNum,RANDNUM,BMF-1999-12-501CX-NONPROFIT-PX,1999-12,Miscellaneous,Numeric,6,Random number between 0 and 1,Random number between 0 and 1 used for creating samples
EIN,EIN,BMF-2000-05-501CX-NONPROFIT-PX,2000-05,Basic Info,Character,9,Employer Identification Number,Employer identification number.
NAME,NAME,BMF-2000-05-501CX-NONPROFIT-PX,2000-05,Basic Info,Character,70,Name of Org.,Organization name.
STATE,STATE,BMF-2000-05-501CX-NONPROFIT-PX,2000-05,Basic Info,Character,2,State,Two-letter state abbreviation.
NTEE1,NTEE1,BMF-2000-05-501CX-NONPROFIT-PX,2000-05,Basic Info,Character,2,NTEE major group,NTEE major group (A-Z)
NTEECC,NTEECC,BMF-2000-05-501CX-NONPROFIT-PX,2000-05,Basic Info,Character,4,NTEECC primary purpose,NTEECC classification
CITY,CITY,BMF-2000-05-501CX-NONPROFIT-PX,2000-05,Basic Info,Character,22,City,City
zip5,ZIP5,BMF-2000-05-501CX-NONPROFIT-PX,2000-05,Basic Info,Character,5,"Zip code, 5 digits",First 5 digits of zip code
FIPS,FIPS,BMF-2000-05-501CX-NONPROFIT-PX,2000-05,Basic Info,Character,5,State + County FIPS code,2-digit State + 3-digit County FIPS code (Federal Information Processing Standard). See also U.S. Census Bureau State & County QuickFacts .
MSA_NECH,MSA_NECH,BMF-2000-05-501CX-NONPROFIT-PX,2000-05,Basic Info,Character,9,Metropolitan Statistical Area,Metropolitan Statistical Area (NCCS file) ( list )
PMSA,PMSA,BMF-2000-05-501CX-NONPROFIT-PX,2000-05,Basic Info,Character,4,Primary MSA,Primary Metropolitan Statistical Area
outnccs,OUTNCCS,BMF-2000-05-501CX-NONPROFIT-PX,2000-05,Basic Info,Character,20,Out of Scope flag,Out-of-scope (IN/OUT) (see OUTREAS doc. for details)
OUTREAS,OUTREAS,BMF-2000-05-501CX-NONPROFIT-PX,2000-05,Basic Info,Character,20,Reason why out of scope,Reason why out of scope
Filer,FILER,BMF-2000-05-501CX-NONPROFIT-PX,2000-05,Basic Info,Character,20,990 filing w/n 2 years? (Y/N),Filed 990 return within 24 months of BMF file? (Y/N)
ZFiler,ZFILER,BMF-2000-05-501CX-NONPROFIT-PX,2000-05,Basic Info,Character,20,990 filing $0 inc/assets w/n 2 years? (Y/N),"Filed 990 return with zero income and assets within 24 months of BMF file? (Y/N) - Beginning 2008, over 95% of 'zero filers' (ZFiler=Y) filed Form 990-N (e-Postcard) for tax years ending on or after December 31, 2007."
SUBSECCD,SUBSECCD,BMF-2000-05-501CX-NONPROFIT-PX,2000-05,Classification,Character,20,Subsection code,"IRS subsection code (03=501(c)(3), etc.)"
ntmaj5,NTMAJ5,BMF-2000-05-501CX-NONPROFIT-PX,2000-05,Classification,Character,20,Major subsector,Major subsector (5)
ntmaj10,NTMAJ10,BMF-2000-05-501CX-NONPROFIT-PX,2000-05,Classification,Character,20,NTEE major group (10),10 NTEE major groups
ntmaj12,NTMAJ12,BMF-2000-05-501CX-NONPROFIT-PX,2000-05,Classification,Character,20,NTEE major group (12),12 NTEE major groups: ntmaj10 plus higher education (BH) and hospitals (EH)
NTEEconf,NTEECONF,BMF-2000-05-501CX-NONPROFIT-PX,2000-05,Classification,Character,1,NTEE confidence rating,NTEE classification confidence rating (A/B/C)
MAJGRPB,MAJGRPB,BMF-2000-05-501CX-NONPROFIT-PX,2000-05,Classification,Character,1,Major NTEE group,Major NTEE group plus hospitals and higher education
INCOME,INCOME,BMF-2000-05-501CX-NONPROFIT-PX,2000-05,Financial Info,Numeric,1,Gross receipts,Gross receipts from most recently filed Form 990
ASSETS,ASSETS,BMF-2000-05-501CX-NONPROFIT-PX,2000-05,Financial Info,Numeric,1,"Total assets, end of year",Total assets (end of year) from most recent Form 990
cFiler,CFILER,BMF-2000-05-501CX-NONPROFIT-PX,2000-05,NCCS Financial Info,Character,1,990 filing w/n 2 years? (Y/N),Filed 990 return within 24 months of BMF file date? (Y/N)
cZFiler,CZFILER,BMF-2000-05-501CX-NONPROFIT-PX,2000-05,NCCS Financial Info,Character,1,990 filing $0 inc/assets w/n 2 years? (Y/N),"Filed 990 return with zero income and assets within 24 months of BMF file? (Y/N) - Beginning 2008, over 95% of 'zero filers' (cZFiler=Y) filed Form 990-N (e-Postcard) for tax years ending on or after December 31, 2007."
cTaxPer,CTAXPER,BMF-2000-05-501CX-NONPROFIT-PX,2000-05,NCCS Financial Info,Character,6,Ending date for tax period,Ending date for tax period of NCCS financial data in yyyymm format.
cTotRev,CTOTREV,BMF-2000-05-501CX-NONPROFIT-PX,2000-05,NCCS Financial Info,Numeric,6,Total Revenue,"Total Revenue from most recent Form 990 (Part I, line 12 on Form 990; Part I, line 9 on Form 990-EZ; or Part I, line 12(a) on Form 990-PF)"
cAssets,CASSETS,BMF-2000-05-501CX-NONPROFIT-PX,2000-05,NCCS Financial Info,Numeric,6,"Total Assets, BV End of Year","Total Assets (Book Value at end of year) from most recent Form 990 (Part IV, line 59(B) on Form 990; Part II, line 25(B) on Form 990-EZ; or Part II, line 16(b) on Form 990-PF)"
cFinSrc,CFINSRC,BMF-2000-05-501CX-NONPROFIT-PX,2000-05,NCCS Financial Info,Character,10,Source of NCCS Financial Data,Source of financial data added by NCCS (primarily the most recent Form 990 filing as of BMF date from NCCS Core files)
RULEDATE,RULEDATE,BMF-2000-05-501CX-NONPROFIT-PX,2000-05,Other Descriptive Info,Character,6,Ruling date (YYYYMM) from IRS,Ruling date: year and month of IRS ruling or determination letter recognizing orgs exempt status (YYYYMM)
FNDNCD,FNDNCD,BMF-2000-05-501CX-NONPROFIT-PX,2000-05,Other Descriptive Info,Character,6,Reason for 501(c)(3) status,"Reason for & type of 501(c)(3) exempt status including codes for operating and grantmaking foundations, and broad type of public charity"
LEVEL1,LEVEL1,BMF-2000-05-501CX-NONPROFIT-PX,2000-05,Other Classification,Character,6,Public charity or priv. fndn?,Public charity or private foundation?
LEVEL2,LEVEL2,BMF-2000-05-501CX-NONPROFIT-PX,2000-05,Other Classification,Character,6,Reporting public charity group,Reporting public charity groups.
level3,LEVEL3,BMF-2000-05-501CX-NONPROFIT-PX,2000-05,Other Classification,Character,6,Major NTEE category,Major NTEE category
level4,LEVEL4,BMF-2000-05-501CX-NONPROFIT-PX,2000-05,Other Classification,Character,6,NTEE-CC Major Group,NTEE-CC Major Group
NAICS,NAICS,BMF-2000-05-501CX-NONPROFIT-PX,2000-05,Other Classification,Character,6,NAICS,NAICS Code
accper,ACCPER,BMF-2000-05-501CX-NONPROFIT-PX,2000-05,Miscellaneous,Character,2,Accounting period (MM),Accounting period
RandNum,RANDNUM,BMF-2000-05-501CX-NONPROFIT-PX,2000-05,Miscellaneous,Numeric,2,Random number between 0 and 1,Random number between 0 and 1 used for creating samples
EIN,EIN,BMF-2001-07-501CX-NONPROFIT-PX,2001-07,Basic Info,Character,9,Employer Identification Number,Employer identification number.
NAME,NAME,BMF-2001-07-501CX-NONPROFIT-PX,2001-07,Basic Info,Character,70,Name of Org.,Organization name.
STATE,STATE,BMF-2001-07-501CX-NONPROFIT-PX,2001-07,Basic Info,Character,2,State,Two-letter state abbreviation.
NTEE1,NTEE1,BMF-2001-07-501CX-NONPROFIT-PX,2001-07,Basic Info,Character,2,NTEE major group,NTEE major group (A-Z)
NTEECC,NTEECC,BMF-2001-07-501CX-NONPROFIT-PX,2001-07,Basic Info,Character,4,NTEECC primary purpose,NTEECC classification
CITY,CITY,BMF-2001-07-501CX-NONPROFIT-PX,2001-07,Basic Info,Character,22,City,City
zip5,ZIP5,BMF-2001-07-501CX-NONPROFIT-PX,2001-07,Basic Info,Character,5,"Zip code, 5 digits",First 5 digits of zip code
FIPS,FIPS,BMF-2001-07-501CX-NONPROFIT-PX,2001-07,Basic Info,Character,5,State + County FIPS code,2-digit State + 3-digit County FIPS code (Federal Information Processing Standard). See also U.S. Census Bureau State & County QuickFacts .
MSA_NECH,MSA_NECH,BMF-2001-07-501CX-NONPROFIT-PX,2001-07,Basic Info,Character,9,Metropolitan Statistical Area,Metropolitan Statistical Area (NCCS file) ( list )
PMSA,PMSA,BMF-2001-07-501CX-NONPROFIT-PX,2001-07,Basic Info,Character,4,Primary MSA,Primary Metropolitan Statistical Area
outnccs,OUTNCCS,BMF-2001-07-501CX-NONPROFIT-PX,2001-07,Basic Info,Character,20,Out of Scope flag,Out-of-scope (IN/OUT) (see OUTREAS doc. for details)
OUTREAS,OUTREAS,BMF-2001-07-501CX-NONPROFIT-PX,2001-07,Basic Info,Character,20,Reason why out of scope,Reason why out of scope
Filer,FILER,BMF-2001-07-501CX-NONPROFIT-PX,2001-07,Basic Info,Character,20,990 filing w/n 2 years? (Y/N),Filed 990 return within 24 months of BMF file? (Y/N)
ZFiler,ZFILER,BMF-2001-07-501CX-NONPROFIT-PX,2001-07,Basic Info,Character,20,990 filing $0 inc/assets w/n 2 years? (Y/N),"Filed 990 return with zero income and assets within 24 months of BMF file? (Y/N) - Beginning 2008, over 95% of 'zero filers' (ZFiler=Y) filed Form 990-N (e-Postcard) for tax years ending on or after December 31, 2007."
SUBSECCD,SUBSECCD,BMF-2001-07-501CX-NONPROFIT-PX,2001-07,Classification,Character,20,Subsection code,"IRS subsection code (03=501(c)(3), etc.)"
ntmaj5,NTMAJ5,BMF-2001-07-501CX-NONPROFIT-PX,2001-07,Classification,Character,20,Major subsector,Major subsector (5)
ntmaj10,NTMAJ10,BMF-2001-07-501CX-NONPROFIT-PX,2001-07,Classification,Character,20,NTEE major group (10),10 NTEE major groups
ntmaj12,NTMAJ12,BMF-2001-07-501CX-NONPROFIT-PX,2001-07,Classification,Character,20,NTEE major group (12),12 NTEE major groups: ntmaj10 plus higher education (BH) and hospitals (EH)
NTEEconf,NTEECONF,BMF-2001-07-501CX-NONPROFIT-PX,2001-07,Classification,Character,1,NTEE confidence rating,NTEE classification confidence rating (A/B/C)
MAJGRPB,MAJGRPB,BMF-2001-07-501CX-NONPROFIT-PX,2001-07,Classification,Character,1,Major NTEE group,Major NTEE group plus hospitals and higher education
INCOME,INCOME,BMF-2001-07-501CX-NONPROFIT-PX,2001-07,Financial Info,Numeric,1,Gross receipts,Gross receipts from most recently filed Form 990
ASSETS,ASSETS,BMF-2001-07-501CX-NONPROFIT-PX,2001-07,Financial Info,Numeric,1,"Total assets, end of year",Total assets (end of year) from most recent Form 990
cFiler,CFILER,BMF-2001-07-501CX-NONPROFIT-PX,2001-07,NCCS Financial Info,Character,1,990 filing w/n 2 years? (Y/N),Filed 990 return within 24 months of BMF file date? (Y/N)
cZFiler,CZFILER,BMF-2001-07-501CX-NONPROFIT-PX,2001-07,NCCS Financial Info,Character,1,990 filing $0 inc/assets w/n 2 years? (Y/N),"Filed 990 return with zero income and assets within 24 months of BMF file? (Y/N) - Beginning 2008, over 95% of 'zero filers' (cZFiler=Y) filed Form 990-N (e-Postcard) for tax years ending on or after December 31, 2007."
cTaxPer,CTAXPER,BMF-2001-07-501CX-NONPROFIT-PX,2001-07,NCCS Financial Info,Character,6,Ending date for tax period,Ending date for tax period of NCCS financial data in yyyymm format.
cTotRev,CTOTREV,BMF-2001-07-501CX-NONPROFIT-PX,2001-07,NCCS Financial Info,Numeric,6,Total Revenue,"Total Revenue from most recent Form 990 (Part I, line 12 on Form 990; Part I, line 9 on Form 990-EZ; or Part I, line 12(a) on Form 990-PF)"
cAssets,CASSETS,BMF-2001-07-501CX-NONPROFIT-PX,2001-07,NCCS Financial Info,Numeric,6,"Total Assets, BV End of Year","Total Assets (Book Value at end of year) from most recent Form 990 (Part IV, line 59(B) on Form 990; Part II, line 25(B) on Form 990-EZ; or Part II, line 16(b) on Form 990-PF)"
cFinSrc,CFINSRC,BMF-2001-07-501CX-NONPROFIT-PX,2001-07,NCCS Financial Info,Character,10,Source of NCCS Financial Data,Source of financial data added by NCCS (primarily the most recent Form 990 filing as of BMF date from NCCS Core files)
RULEDATE,RULEDATE,BMF-2001-07-501CX-NONPROFIT-PX,2001-07,Other Descriptive Info,Character,6,Ruling date (YYYYMM) from IRS,Ruling date: year and month of IRS ruling or determination letter recognizing orgs exempt status (YYYYMM)
FNDNCD,FNDNCD,BMF-2001-07-501CX-NONPROFIT-PX,2001-07,Other Descriptive Info,Character,6,Reason for 501(c)(3) status,"Reason for & type of 501(c)(3) exempt status including codes for operating and grantmaking foundations, and broad type of public charity"
LEVEL1,LEVEL1,BMF-2001-07-501CX-NONPROFIT-PX,2001-07,Other Classification,Character,6,Public charity or priv. fndn?,Public charity or private foundation?
LEVEL2,LEVEL2,BMF-2001-07-501CX-NONPROFIT-PX,2001-07,Other Classification,Character,6,Reporting public charity group,Reporting public charity groups.
level3,LEVEL3,BMF-2001-07-501CX-NONPROFIT-PX,2001-07,Other Classification,Character,6,Major NTEE category,Major NTEE category
level4,LEVEL4,BMF-2001-07-501CX-NONPROFIT-PX,2001-07,Other Classification,Character,6,NTEE-CC Major Group,NTEE-CC Major Group
NAICS,NAICS,BMF-2001-07-501CX-NONPROFIT-PX,2001-07,Other Classification,Character,6,NAICS,NAICS Code
accper,ACCPER,BMF-2001-07-501CX-NONPROFIT-PX,2001-07,Miscellaneous,Character,2,Accounting period (MM),Accounting period
RandNum,RANDNUM,BMF-2001-07-501CX-NONPROFIT-PX,2001-07,Miscellaneous,Numeric,2,Random number between 0 and 1,Random number between 0 and 1 used for creating samples
EIN,EIN,BMF-2002-01-501CX-NONPROFIT-PX,2002-01,Basic Info,Character,9,Employer Identification Number,Employer identification number.
NAME,NAME,BMF-2002-01-501CX-NONPROFIT-PX,2002-01,Basic Info,Character,70,Name of organization,Organization name.
STATE,STATE,BMF-2002-01-501CX-NONPROFIT-PX,2002-01,Basic Info,Character,2,State,Two-letter state abbreviation.
NTEE1,NTEE1,BMF-2002-01-501CX-NONPROFIT-PX,2002-01,Basic Info,Character,2,NTEE major group,NTEE major group (A-Z)
NTEECC,NTEECC,BMF-2002-01-501CX-NONPROFIT-PX,2002-01,Basic Info,Character,4,NTEECC primary purpose,NTEECC classification
CITY,CITY,BMF-2002-01-501CX-NONPROFIT-PX,2002-01,Basic Info,Character,22,City,City
zip5,ZIP5,BMF-2002-01-501CX-NONPROFIT-PX,2002-01,Basic Info,Character,5,"Zip code, 5 digits",First 5 digits of zip code
FIPS,FIPS,BMF-2002-01-501CX-NONPROFIT-PX,2002-01,Basic Info,Character,5,State + County FIPS code,2-digit State + 3-digit County FIPS code (Federal Information Processing Standard). See also U.S. Census Bureau State & County QuickFacts .
MSA_NECH,MSA_NECH,BMF-2002-01-501CX-NONPROFIT-PX,2002-01,Basic Info,Character,9,Metropolitan Statistical Area,Metropolitan Statistical Area (NCCS file) ( list )
PMSA,PMSA,BMF-2002-01-501CX-NONPROFIT-PX,2002-01,Basic Info,Character,4,Primary MSA,Primary Metropolitan Statistical Area
outnccs,OUTNCCS,BMF-2002-01-501CX-NONPROFIT-PX,2002-01,Basic Info,Character,20,Out of Scope flag,Out-of-scope (IN/OUT) (see OUTREAS doc. for details)
OUTREAS,OUTREAS,BMF-2002-01-501CX-NONPROFIT-PX,2002-01,Basic Info,Character,20,Reason why out of scope,Reason why out of scope
Filer,FILER,BMF-2002-01-501CX-NONPROFIT-PX,2002-01,Basic Info,Character,20,990 filing w/n 2 years? (Y/N),Filed 990 return within 24 months of BMF file? (Y/N)
ZFiler,ZFILER,BMF-2002-01-501CX-NONPROFIT-PX,2002-01,Basic Info,Character,20,990 filing $0 inc/assets w/n 2 years? (Y/N),"Filed 990 return with zero income and assets within 24 months of BMF file? (Y/N) - Beginning 2008, over 95% of 'zero filers' (ZFiler=Y) filed Form 990-N (e-Postcard) for tax years ending on or after December 31, 2007."
SUBSECCD,SUBSECCD,BMF-2002-01-501CX-NONPROFIT-PX,2002-01,Classification,Character,20,Subsection code,"IRS subsection code (03=501(c)(3), etc.)"
ntmaj5,NTMAJ5,BMF-2002-01-501CX-NONPROFIT-PX,2002-01,Classification,Character,20,Major subsector,Major subsector (5)
ntmaj10,NTMAJ10,BMF-2002-01-501CX-NONPROFIT-PX,2002-01,Classification,Character,20,NTEE major group (10),10 NTEE major groups
ntmaj12,NTMAJ12,BMF-2002-01-501CX-NONPROFIT-PX,2002-01,Classification,Character,20,NTEE major group (12),12 NTEE major groups: ntmaj10 plus higher education (BH) and hospitals (EH)
NTEEconf,NTEECONF,BMF-2002-01-501CX-NONPROFIT-PX,2002-01,Classification,Character,1,NTEE confidence rating,NTEE classification confidence rating (A/B/C)
MAJGRPB,MAJGRPB,BMF-2002-01-501CX-NONPROFIT-PX,2002-01,Classification,Character,1,Major NTEE group,Major NTEE group plus hospitals and higher education
INCOME,INCOME,BMF-2002-01-501CX-NONPROFIT-PX,2002-01,Financial Info,Numeric,1,Gross receipts,Gross receipts from most recently filed Form 990
ASSETS,ASSETS,BMF-2002-01-501CX-NONPROFIT-PX,2002-01,Financial Info,Numeric,1,"Total assets, end of year",Total assets (end of year) from most recent Form 990
cFiler,CFILER,BMF-2002-01-501CX-NONPROFIT-PX,2002-01,NCCS Financial Info,Character,1,990 filing w/n 2 years? (Y/N),Filed 990 return within 24 months of BMF file date? (Y/N)
cZFiler,CZFILER,BMF-2002-01-501CX-NONPROFIT-PX,2002-01,NCCS Financial Info,Character,1,990 filing $0 inc/assets w/n 2 years? (Y/N),"Filed 990 return with zero income and assets within 24 months of BMF file? (Y/N) - Beginning 2008, over 95% of 'zero filers' (cZFiler=Y) filed Form 990-N (e-Postcard) for tax years ending on or after December 31, 2007."
cTaxPer,CTAXPER,BMF-2002-01-501CX-NONPROFIT-PX,2002-01,NCCS Financial Info,Character,6,Ending date for tax period,Ending date for tax period of NCCS financial data in yyyymm format.
cTotRev,CTOTREV,BMF-2002-01-501CX-NONPROFIT-PX,2002-01,NCCS Financial Info,Numeric,6,Total Revenue,"Total Revenue from most recent Form 990 (Part I, line 12 on Form 990; Part I, line 9 on Form 990-EZ; or Part I, line 12(a) on Form 990-PF)"
cAssets,CASSETS,BMF-2002-01-501CX-NONPROFIT-PX,2002-01,NCCS Financial Info,Numeric,6,"Total Assets, BV End of Year","Total Assets (Book Value at end of year) from most recent Form 990 (Part IV, line 59(B) on Form 990; Part II, line 25(B) on Form 990-EZ; or Part II, line 16(b) on Form 990-PF)"
cFinSrc,CFINSRC,BMF-2002-01-501CX-NONPROFIT-PX,2002-01,NCCS Financial Info,Character,10,Source of NCCS Financial Data,Source of financial data added by NCCS (primarily the most recent Form 990 filing as of BMF date from NCCS Core files)
RULEDATE,RULEDATE,BMF-2002-01-501CX-NONPROFIT-PX,2002-01,Other Descriptive Info,Character,6,Ruling date (YYYYMM) from IRS,Ruling date: year and month of IRS ruling or determination letter recognizing orgs exempt status (YYYYMM)
FNDNCD,FNDNCD,BMF-2002-01-501CX-NONPROFIT-PX,2002-01,Other Descriptive Info,Character,6,Reason for 501(c)(3) status,"Reason for & type of 501(c)(3) exempt status including codes for operating and grantmaking foundations, and broad type of public charity"
FRCD,FRCD,BMF-2002-01-501CX-NONPROFIT-PX,2002-01,Other Descriptive Info,Character,6,Filing Requirement Code,Filing requirements code. The 1st 2 characters indicate the requirements for 990/990-EZ forms. The 3rd character = 1 if a 990-PF is required or 0 if not.
LEVEL1,LEVEL1,BMF-2002-01-501CX-NONPROFIT-PX,2002-01,Other Classification,Character,6,Public charity or priv. fndn?,Public charity or private foundation?
LEVEL2,LEVEL2,BMF-2002-01-501CX-NONPROFIT-PX,2002-01,Other Classification,Character,6,Reporting public charity group,Reporting public charity groups.
level3,LEVEL3,BMF-2002-01-501CX-NONPROFIT-PX,2002-01,Other Classification,Character,6,Major NTEE category,Major NTEE category
level4,LEVEL4,BMF-2002-01-501CX-NONPROFIT-PX,2002-01,Other Classification,Character,6,NTEE-CC Major Group,NTEE-CC Major Group
NAICS,NAICS,BMF-2002-01-501CX-NONPROFIT-PX,2002-01,Other Classification,Character,6,NAICS,NAICS Code
accper,ACCPER,BMF-2002-01-501CX-NONPROFIT-PX,2002-01,Miscellaneous,Character,2,Accounting period (MM),Accounting period
RandNum,RANDNUM,BMF-2002-01-501CX-NONPROFIT-PX,2002-01,Miscellaneous,Numeric,2,Random number between 0 and 1,Random number between 0 and 1 used for creating samples
EIN,EIN,BMF-2002-07-501CX-NONPROFIT-PX,2002-07,Basic Info,Character,9,Employer Identification Number,Employer identification number.
NAME,NAME,BMF-2002-07-501CX-NONPROFIT-PX,2002-07,Basic Info,Character,60,Name of organization,Organization name.
STATE,STATE,BMF-2002-07-501CX-NONPROFIT-PX,2002-07,Basic Info,Character,2,State,Two-letter state abbreviation.
NTEE1,NTEE1,BMF-2002-07-501CX-NONPROFIT-PX,2002-07,Basic Info,Character,2,NTEE major group,NTEE major group (A-Z)
NTEECC,NTEECC,BMF-2002-07-501CX-NONPROFIT-PX,2002-07,Basic Info,Character,4,NTEECC primary purpose,NTEECC classification
CITY,CITY,BMF-2002-07-501CX-NONPROFIT-PX,2002-07,Basic Info,Character,22,City,City
zip5,ZIP5,BMF-2002-07-501CX-NONPROFIT-PX,2002-07,Basic Info,Character,5,"Zip code, 5 digits",First 5 digits of zip code
FIPS,FIPS,BMF-2002-07-501CX-NONPROFIT-PX,2002-07,Basic Info,Character,5,State + County FIPS code,2-digit State + 3-digit County FIPS code (Federal Information Processing Standard). See also U.S. Census Bureau State & County QuickFacts .
MSA_NECH,MSA_NECH,BMF-2002-07-501CX-NONPROFIT-PX,2002-07,Basic Info,Character,9,Metropolitan Statistical Area,Metropolitan Statistical Area (NCCS file) ( list )
PMSA,PMSA,BMF-2002-07-501CX-NONPROFIT-PX,2002-07,Basic Info,Character,4,Primary MSA,Primary Metropolitan Statistical Area
outnccs,OUTNCCS,BMF-2002-07-501CX-NONPROFIT-PX,2002-07,Basic Info,Character,20,Out of Scope flag,Out-of-scope (IN/OUT) (see OUTREAS doc. for details)
OUTREAS,OUTREAS,BMF-2002-07-501CX-NONPROFIT-PX,2002-07,Basic Info,Character,20,Reason why out of scope,Reason why out of scope
Filer,FILER,BMF-2002-07-501CX-NONPROFIT-PX,2002-07,Basic Info,Character,20,990 filing w/n 2 years? (Y/N),Filed 990 return within 24 months of BMF file? (Y/N)
ZFiler,ZFILER,BMF-2002-07-501CX-NONPROFIT-PX,2002-07,Basic Info,Character,20,990 filing $0 inc/assets w/n 2 years? (Y/N),"Filed 990 return with zero income and assets within 24 months of BMF file? (Y/N) - Beginning 2008, over 95% of 'zero filers' (ZFiler=Y) filed Form 990-N (e-Postcard) for tax years ending on or after December 31, 2007."
SUBSECCD,SUBSECCD,BMF-2002-07-501CX-NONPROFIT-PX,2002-07,Classification,Character,20,Subsection code,"IRS subsection code (03=501(c)(3), etc.)"
ntmaj5,NTMAJ5,BMF-2002-07-501CX-NONPROFIT-PX,2002-07,Classification,Character,20,Major subsector,Major subsector (5)
ntmaj10,NTMAJ10,BMF-2002-07-501CX-NONPROFIT-PX,2002-07,Classification,Character,20,NTEE major group (10),10 NTEE major groups
ntmaj12,NTMAJ12,BMF-2002-07-501CX-NONPROFIT-PX,2002-07,Classification,Character,20,NTEE major group (12),12 NTEE major groups: ntmaj10 plus higher education (BH) and hospitals (EH)
NTEEconf,NTEECONF,BMF-2002-07-501CX-NONPROFIT-PX,2002-07,Classification,Character,1,NTEE confidence rating,NTEE classification confidence rating (A/B/C)
MAJGRPB,MAJGRPB,BMF-2002-07-501CX-NONPROFIT-PX,2002-07,Classification,Character,1,Major NTEE group,Major NTEE group plus hospitals and higher education
INCOME,INCOME,BMF-2002-07-501CX-NONPROFIT-PX,2002-07,Financial Info,Numeric,1,Gross receipts,Gross receipts from most recently filed Form 990
ASSETS,ASSETS,BMF-2002-07-501CX-NONPROFIT-PX,2002-07,Financial Info,Numeric,1,"Total assets, end of year",Total assets (end of year) from most recent Form 990
cFiler,CFILER,BMF-2002-07-501CX-NONPROFIT-PX,2002-07,NCCS Financial Info,Character,1,990 filing w/n 2 years? (Y/N),Filed 990 return within 24 months of BMF file date? (Y/N)
cZFiler,CZFILER,BMF-2002-07-501CX-NONPROFIT-PX,2002-07,NCCS Financial Info,Character,1,990 filing $0 inc/assets w/n 2 years? (Y/N),"Filed 990 return with zero income and assets within 24 months of BMF file? (Y/N) - Beginning 2008, over 95% of 'zero filers' (cZFiler=Y) filed Form 990-N (e-Postcard) for tax years ending on or after December 31, 2007."
cTaxPer,CTAXPER,BMF-2002-07-501CX-NONPROFIT-PX,2002-07,NCCS Financial Info,Character,6,Ending date for tax period,Ending date for tax period of NCCS financial data in yyyymm format.
cTotRev,CTOTREV,BMF-2002-07-501CX-NONPROFIT-PX,2002-07,NCCS Financial Info,Numeric,6,Total Revenue,"Total Revenue from most recent Form 990 (Part I, line 12 on Form 990; Part I, line 9 on Form 990-EZ; or Part I, line 12(a) on Form 990-PF)"
cAssets,CASSETS,BMF-2002-07-501CX-NONPROFIT-PX,2002-07,NCCS Financial Info,Numeric,6,"Total Assets, BV End of Year","Total Assets (Book Value at end of year) from most recent Form 990 (Part IV, line 59(B) on Form 990; Part II, line 25(B) on Form 990-EZ; or Part II, line 16(b) on Form 990-PF)"
cFinSrc,CFINSRC,BMF-2002-07-501CX-NONPROFIT-PX,2002-07,NCCS Financial Info,Character,10,Source of NCCS Financial Data,Source of financial data added by NCCS (primarily the most recent Form 990 filing as of BMF date from NCCS Core files)
RULEDATE,RULEDATE,BMF-2002-07-501CX-NONPROFIT-PX,2002-07,Other Descriptive Info,Character,6,Ruling date (YYYYMM) from IRS,Ruling date: year and month of IRS ruling or determination letter recognizing orgs exempt status (YYYYMM)
FNDNCD,FNDNCD,BMF-2002-07-501CX-NONPROFIT-PX,2002-07,Other Descriptive Info,Character,6,Reason for 501(c)(3) status,"Reason for & type of 501(c)(3) exempt status including codes for operating and grantmaking foundations, and broad type of public charity"
SEC_NAME,SEC_NAME,BMF-2002-07-501CX-NONPROFIT-PX,2002-07,Other Descriptive Info,Character,35,Sort Name (Secondary name),Secondary organization name
LEVEL1,LEVEL1,BMF-2002-07-501CX-NONPROFIT-PX,2002-07,Other Classification,Character,35,Public charity or priv. fndn?,Public charity or private foundation?
LEVEL2,LEVEL2,BMF-2002-07-501CX-NONPROFIT-PX,2002-07,Other Classification,Character,35,Reporting public charity group,Reporting public charity groups.
level3,LEVEL3,BMF-2002-07-501CX-NONPROFIT-PX,2002-07,Other Classification,Character,35,Major NTEE category,Major NTEE category
level4,LEVEL4,BMF-2002-07-501CX-NONPROFIT-PX,2002-07,Other Classification,Character,35,NTEE-CC Major Group,NTEE-CC Major Group
NAICS,NAICS,BMF-2002-07-501CX-NONPROFIT-PX,2002-07,Other Classification,Character,6,NAICS,NAICS Code
RandNum,RANDNUM,BMF-2002-07-501CX-NONPROFIT-PX,2002-07,Miscellaneous,Numeric,6,Random number between 0 and 1,Random number between 0 and 1 used for creating samples
accper,ACCPER,BMF-2002-07-501CX-NONPROFIT-PX,2002-07,Miscellaneous,Character,2,Accounting period (MM),Accounting period
EIN,EIN,BMF-2003-07-501CX-NONPROFIT-PX,2003-07,Basic Info,Character,9,Employer Identification Number,Employer identification number.
NAME,NAME,BMF-2003-07-501CX-NONPROFIT-PX,2003-07,Basic Info,Character,60,Name of organization,Organization name.
STATE,STATE,BMF-2003-07-501CX-NONPROFIT-PX,2003-07,Basic Info,Character,2,State,Two-letter state abbreviation.
NTEE1,NTEE1,BMF-2003-07-501CX-NONPROFIT-PX,2003-07,Basic Info,Character,2,NTEE major group,NTEE major group (A-Z)
NTEECC,NTEECC,BMF-2003-07-501CX-NONPROFIT-PX,2003-07,Basic Info,Character,4,NTEECC primary purpose,NTEECC classification
CITY,CITY,BMF-2003-07-501CX-NONPROFIT-PX,2003-07,Basic Info,Character,22,City,City
zip5,ZIP5,BMF-2003-07-501CX-NONPROFIT-PX,2003-07,Basic Info,Character,5,"Zip code, 5 digits",First 5 digits of zip code
FIPS,FIPS,BMF-2003-07-501CX-NONPROFIT-PX,2003-07,Basic Info,Character,5,State + County FIPS code,2-digit State + 3-digit County FIPS code (Federal Information Processing Standard). See also U.S. Census Bureau State & County QuickFacts .
MSA,MSA,BMF-2003-07-501CX-NONPROFIT-PX,2003-07,Basic Info,Character,4,Metropolitan Statistical Area,Metropolitan Statistical Area (NCCS file) ( list )
MSA_NECH,MSA_NECH,BMF-2003-07-501CX-NONPROFIT-PX,2003-07,Basic Info,Character,9,Metropolitan Statistical Area,Metropolitan Statistical Area (NCCS file) ( list )
PMSA,PMSA,BMF-2003-07-501CX-NONPROFIT-PX,2003-07,Basic Info,Character,4,Primary MSA,Primary Metropolitan Statistical Area
outnccs,OUTNCCS,BMF-2003-07-501CX-NONPROFIT-PX,2003-07,Basic Info,Character,20,Out of Scope flag,Out-of-scope (IN/OUT) (see OUTREAS doc. for details)
OUTREAS,OUTREAS,BMF-2003-07-501CX-NONPROFIT-PX,2003-07,Basic Info,Character,20,Reason why out of scope,Reason why out of scope
Filer,FILER,BMF-2003-07-501CX-NONPROFIT-PX,2003-07,Basic Info,Character,20,990 filing w/n 2 years? (Y/N),Filed 990 return within 24 months of BMF file? (Y/N)
ZFiler,ZFILER,BMF-2003-07-501CX-NONPROFIT-PX,2003-07,Basic Info,Character,20,990 filing $0 inc/assets w/n 2 years? (Y/N),"Filed 990 return with zero income and assets within 24 months of BMF file? (Y/N) - Beginning 2008, over 95% of 'zero filers' (ZFiler=Y) filed Form 990-N (e-Postcard) for tax years ending on or after December 31, 2007."
SUBSECCD,SUBSECCD,BMF-2003-07-501CX-NONPROFIT-PX,2003-07,Classification,Character,20,Subsection code,"IRS subsection code (03=501(c)(3), etc.)"
ntmaj5,NTMAJ5,BMF-2003-07-501CX-NONPROFIT-PX,2003-07,Classification,Character,20,Major subsector,Major subsector (5)
ntmaj10,NTMAJ10,BMF-2003-07-501CX-NONPROFIT-PX,2003-07,Classification,Character,20,NTEE major group (10),10 NTEE major groups
ntmaj12,NTMAJ12,BMF-2003-07-501CX-NONPROFIT-PX,2003-07,Classification,Character,20,NTEE major group (12),12 NTEE major groups: ntmaj10 plus higher education (BH) and hospitals (EH)
NTEEconf,NTEECONF,BMF-2003-07-501CX-NONPROFIT-PX,2003-07,Classification,Character,1,NTEE confidence rating,NTEE classification confidence rating (A/B/C)
MAJGRPB,MAJGRPB,BMF-2003-07-501CX-NONPROFIT-PX,2003-07,Classification,Character,1,Major NTEE group,Major NTEE group plus hospitals and higher education
INCOME,INCOME,BMF-2003-07-501CX-NONPROFIT-PX,2003-07,Financial Info,Numeric,1,Gross receipts,Gross receipts from most recently filed Form 990
ASSETS,ASSETS,BMF-2003-07-501CX-NONPROFIT-PX,2003-07,Financial Info,Numeric,1,"Total assets, end of year",Total assets (end of year) from most recent Form 990
cFiler,CFILER,BMF-2003-07-501CX-NONPROFIT-PX,2003-07,NCCS Financial Info,Character,1,990 filing w/n 2 years? (Y/N),Filed 990 return within 24 months of BMF file date? (Y/N)
cZFiler,CZFILER,BMF-2003-07-501CX-NONPROFIT-PX,2003-07,NCCS Financial Info,Character,1,990 filing $0 inc/assets w/n 2 years? (Y/N),"Filed 990 return with zero income and assets within 24 months of BMF file? (Y/N) - Beginning 2008, over 95% of 'zero filers' (cZFiler=Y) filed Form 990-N (e-Postcard) for tax years ending on or after December 31, 2007."
cTaxPer,CTAXPER,BMF-2003-07-501CX-NONPROFIT-PX,2003-07,NCCS Financial Info,Character,6,Ending date for tax period,Ending date for tax period of NCCS financial data in yyyymm format.
cTotRev,CTOTREV,BMF-2003-07-501CX-NONPROFIT-PX,2003-07,NCCS Financial Info,Numeric,6,Total Revenue,"Total Revenue from most recent Form 990 (Part I, line 12 on Form 990; Part I, line 9 on Form 990-EZ; or Part I, line 12(a) on Form 990-PF)"
cAssets,CASSETS,BMF-2003-07-501CX-NONPROFIT-PX,2003-07,NCCS Financial Info,Numeric,6,"Total Assets, BV End of Year","Total Assets (Book Value at end of year) from most recent Form 990 (Part IV, line 59(B) on Form 990; Part II, line 25(B) on Form 990-EZ; or Part II, line 16(b) on Form 990-PF)"
cFinSrc,CFINSRC,BMF-2003-07-501CX-NONPROFIT-PX,2003-07,NCCS Financial Info,Character,10,Source of NCCS Financial Data,Source of financial data added by NCCS (primarily the most recent Form 990 filing as of BMF date from NCCS Core files)
RULEDATE,RULEDATE,BMF-2003-07-501CX-NONPROFIT-PX,2003-07,Other Descriptive Info,Character,6,Ruling date (YYYYMM) from IRS,Ruling date: year and month of IRS ruling or determination letter recognizing orgs exempt status (YYYYMM)
FNDNCD,FNDNCD,BMF-2003-07-501CX-NONPROFIT-PX,2003-07,Other Descriptive Info,Character,6,Reason for 501(c)(3) status,"Reason for & type of 501(c)(3) exempt status including codes for operating and grantmaking foundations, and broad type of public charity"
SEC_NAME,SEC_NAME,BMF-2003-07-501CX-NONPROFIT-PX,2003-07,Other Descriptive Info,Character,35,Sort Name (Secondary name),Secondary organization name
LEVEL1,LEVEL1,BMF-2003-07-501CX-NONPROFIT-PX,2003-07,Other Classification,Character,35,Public charity or priv. fndn?,Public charity or private foundation?
LEVEL2,LEVEL2,BMF-2003-07-501CX-NONPROFIT-PX,2003-07,Other Classification,Character,35,Reporting public charity group,Reporting public charity groups.
level3,LEVEL3,BMF-2003-07-501CX-NONPROFIT-PX,2003-07,Other Classification,Character,35,Major NTEE category,Major NTEE category
level4,LEVEL4,BMF-2003-07-501CX-NONPROFIT-PX,2003-07,Other Classification,Character,35,NTEE-CC Major Group,NTEE-CC Major Group
NAICS,NAICS,BMF-2003-07-501CX-NONPROFIT-PX,2003-07,Other Classification,Character,6,NAICS,NAICS Code
RandNum,RANDNUM,BMF-2003-07-501CX-NONPROFIT-PX,2003-07,Miscellaneous,Numeric,6,Random number between 0 and 1,Random number between 0 and 1 used for creating samples
accper,ACCPER,BMF-2003-07-501CX-NONPROFIT-PX,2003-07,Miscellaneous,Character,2,Accounting period (MM),Accounting period
EIN,EIN,BMF-2003-11-501CX-NONPROFIT-PX,2003-11,Basic Info,Character,9,Employer Identification Number,Employer identification number.
NAME,NAME,BMF-2003-11-501CX-NONPROFIT-PX,2003-11,Basic Info,Character,60,Name of organization,Organization name.
STATE,STATE,BMF-2003-11-501CX-NONPROFIT-PX,2003-11,Basic Info,Character,2,State,Two-letter state abbreviation.
NTEE1,NTEE1,BMF-2003-11-501CX-NONPROFIT-PX,2003-11,Basic Info,Character,2,NTEE major group,NTEE major group (A-Z)
NTEECC,NTEECC,BMF-2003-11-501CX-NONPROFIT-PX,2003-11,Basic Info,Character,4,NTEECC primary purpose,NTEECC classification
CITY,CITY,BMF-2003-11-501CX-NONPROFIT-PX,2003-11,Basic Info,Character,22,City,City
zip5,ZIP5,BMF-2003-11-501CX-NONPROFIT-PX,2003-11,Basic Info,Character,5,"Zip code, 5 digits",First 5 digits of zip code
FIPS,FIPS,BMF-2003-11-501CX-NONPROFIT-PX,2003-11,Basic Info,Character,5,State + County FIPS code,2-digit State + 3-digit County FIPS code (Federal Information Processing Standard). See also U.S. Census Bureau State & County QuickFacts .
MSA,MSA,BMF-2003-11-501CX-NONPROFIT-PX,2003-11,Basic Info,Character,4,Metropolitan Statistical Area,Metropolitan Statistical Area (NCCS file) ( list )
MSA_NECH,MSA_NECH,BMF-2003-11-501CX-NONPROFIT-PX,2003-11,Basic Info,Character,9,Metropolitan Statistical Area,Metropolitan Statistical Area (NCCS file) ( list )
PMSA,PMSA,BMF-2003-11-501CX-NONPROFIT-PX,2003-11,Basic Info,Character,4,Primary MSA,Primary Metropolitan Statistical Area
outnccs,OUTNCCS,BMF-2003-11-501CX-NONPROFIT-PX,2003-11,Basic Info,Character,20,Out of Scope flag,Out-of-scope (IN/OUT) (see OUTREAS doc. for details)
OUTREAS,OUTREAS,BMF-2003-11-501CX-NONPROFIT-PX,2003-11,Basic Info,Character,20,Reason why out of scope,Reason why out of scope
Filer,FILER,BMF-2003-11-501CX-NONPROFIT-PX,2003-11,Basic Info,Character,20,990 filing w/n 2 years? (Y/N),Filed 990 return within 24 months of BMF file? (Y/N)
ZFiler,ZFILER,BMF-2003-11-501CX-NONPROFIT-PX,2003-11,Basic Info,Character,20,990 filing $0 inc/assets w/n 2 years? (Y/N),"Filed 990 return with zero income and assets within 24 months of BMF file? (Y/N) - Beginning 2008, over 95% of 'zero filers' (ZFiler=Y) filed Form 990-N (e-Postcard) for tax years ending on or after December 31, 2007."
SUBSECCD,SUBSECCD,BMF-2003-11-501CX-NONPROFIT-PX,2003-11,Classification,Character,20,Subsection code,"IRS subsection code (03=501(c)(3), etc.)"
ntmaj5,NTMAJ5,BMF-2003-11-501CX-NONPROFIT-PX,2003-11,Classification,Character,20,Major subsector,Major subsector (5)
ntmaj10,NTMAJ10,BMF-2003-11-501CX-NONPROFIT-PX,2003-11,Classification,Character,20,NTEE major group (10),10 NTEE major groups
ntmaj12,NTMAJ12,BMF-2003-11-501CX-NONPROFIT-PX,2003-11,Classification,Character,20,NTEE major group (12),12 NTEE major groups: ntmaj10 plus higher education (BH) and hospitals (EH)
NTEEconf,NTEECONF,BMF-2003-11-501CX-NONPROFIT-PX,2003-11,Classification,Character,1,NTEE confidence rating,NTEE classification confidence rating (A/B/C)
MAJGRPB,MAJGRPB,BMF-2003-11-501CX-NONPROFIT-PX,2003-11,Classification,Character,1,Major NTEE group,Major NTEE group plus hospitals and higher education
INCOME,INCOME,BMF-2003-11-501CX-NONPROFIT-PX,2003-11,Financial Info,Numeric,1,Gross receipts,Gross receipts from most recently filed Form 990
ASSETS,ASSETS,BMF-2003-11-501CX-NONPROFIT-PX,2003-11,Financial Info,Numeric,1,"Total assets, end of year",Total assets (end of year) from most recent Form 990
cFiler,CFILER,BMF-2003-11-501CX-NONPROFIT-PX,2003-11,NCCS Financial Info,Character,1,990 filing w/n 2 years? (Y/N),Filed 990 return within 24 months of BMF file date? (Y/N)
cZFiler,CZFILER,BMF-2003-11-501CX-NONPROFIT-PX,2003-11,NCCS Financial Info,Character,1,990 filing $0 inc/assets w/n 2 years? (Y/N),"Filed 990 return with zero income and assets within 24 months of BMF file? (Y/N) - Beginning 2008, over 95% of 'zero filers' (cZFiler=Y) filed Form 990-N (e-Postcard) for tax years ending on or after December 31, 2007."
cTaxPer,CTAXPER,BMF-2003-11-501CX-NONPROFIT-PX,2003-11,NCCS Financial Info,Character,6,Ending date for tax period,Ending date for tax period of NCCS financial data in yyyymm format.
cTotRev,CTOTREV,BMF-2003-11-501CX-NONPROFIT-PX,2003-11,NCCS Financial Info,Numeric,6,Total Revenue,"Total Revenue from most recent Form 990 (Part I, line 12 on Form 990; Part I, line 9 on Form 990-EZ; or Part I, line 12(a) on Form 990-PF)"
cAssets,CASSETS,BMF-2003-11-501CX-NONPROFIT-PX,2003-11,NCCS Financial Info,Numeric,6,"Total Assets, BV End of Year","Total Assets (Book Value at end of year) from most recent Form 990 (Part IV, line 59(B) on Form 990; Part II, line 25(B) on Form 990-EZ; or Part II, line 16(b) on Form 990-PF)"
cFinSrc,CFINSRC,BMF-2003-11-501CX-NONPROFIT-PX,2003-11,NCCS Financial Info,Character,10,Source of NCCS Financial Data,Source of financial data added by NCCS (primarily the most recent Form 990 filing as of BMF date from NCCS Core files)
RULEDATE,RULEDATE,BMF-2003-11-501CX-NONPROFIT-PX,2003-11,Other Descriptive Info,Character,6,Ruling date (YYYYMM) from IRS,Ruling date: year and month of IRS ruling or determination letter recognizing orgs exempt status (YYYYMM)
FNDNCD,FNDNCD,BMF-2003-11-501CX-NONPROFIT-PX,2003-11,Other Descriptive Info,Character,6,Reason for 501(c)(3) status,"Reason for & type of 501(c)(3) exempt status including codes for operating and grantmaking foundations, and broad type of public charity"
SEC_NAME,SEC_NAME,BMF-2003-11-501CX-NONPROFIT-PX,2003-11,Other Descriptive Info,Character,35,Sort Name (Secondary name),Secondary organization name
LEVEL1,LEVEL1,BMF-2003-11-501CX-NONPROFIT-PX,2003-11,Other Classification,Character,35,Public charity or priv. fndn?,Public charity or private foundation?
LEVEL2,LEVEL2,BMF-2003-11-501CX-NONPROFIT-PX,2003-11,Other Classification,Character,35,Reporting public charity group,Reporting public charity groups.
level3,LEVEL3,BMF-2003-11-501CX-NONPROFIT-PX,2003-11,Other Classification,Character,35,Major NTEE category,Major NTEE category
level4,LEVEL4,BMF-2003-11-501CX-NONPROFIT-PX,2003-11,Other Classification,Character,35,NTEE-CC Major Group,NTEE-CC Major Group
NAICS,NAICS,BMF-2003-11-501CX-NONPROFIT-PX,2003-11,Other Classification,Character,6,NAICS,NAICS Code
RandNum,RANDNUM,BMF-2003-11-501CX-NONPROFIT-PX,2003-11,Miscellaneous,Numeric,6,Random number between 0 and 1,Random number between 0 and 1 used for creating samples
accper,ACCPER,BMF-2003-11-501CX-NONPROFIT-PX,2003-11,Miscellaneous,Character,2,Accounting period (MM),Accounting period
EIN,EIN,BMF-2004-04-501CX-NONPROFIT-PX,2004-04,Basic Info,Character,9,Employer Identification Number,Employer identification number.
NAME,NAME,BMF-2004-04-501CX-NONPROFIT-PX,2004-04,Basic Info,Character,60,Name of organization,Organization name.
STATE,STATE,BMF-2004-04-501CX-NONPROFIT-PX,2004-04,Basic Info,Character,2,State,Two-letter state abbreviation.
NTEE1,NTEE1,BMF-2004-04-501CX-NONPROFIT-PX,2004-04,Basic Info,Character,2,NTEE major group,NTEE major group (A-Z)
NTEECC,NTEECC,BMF-2004-04-501CX-NONPROFIT-PX,2004-04,Basic Info,Character,4,NTEECC primary purpose,NTEECC classification
CITY,CITY,BMF-2004-04-501CX-NONPROFIT-PX,2004-04,Basic Info,Character,22,City,City
zip5,ZIP5,BMF-2004-04-501CX-NONPROFIT-PX,2004-04,Basic Info,Character,5,"Zip code, 5 digits",First 5 digits of zip code
FIPS,FIPS,BMF-2004-04-501CX-NONPROFIT-PX,2004-04,Basic Info,Character,5,State + County FIPS code,2-digit State + 3-digit County FIPS code (Federal Information Processing Standard). See also U.S. Census Bureau State & County QuickFacts .
MSA,MSA,BMF-2004-04-501CX-NONPROFIT-PX,2004-04,Basic Info,Character,4,Metropolitan Statistical Area,Metropolitan Statistical Area (NCCS file) ( list )
MSA_NECH,MSA_NECH,BMF-2004-04-501CX-NONPROFIT-PX,2004-04,Basic Info,Character,9,Metropolitan Statistical Area,Metropolitan Statistical Area (NCCS file) ( list )
PMSA,PMSA,BMF-2004-04-501CX-NONPROFIT-PX,2004-04,Basic Info,Character,4,Primary MSA,Primary Metropolitan Statistical Area
outnccs,OUTNCCS,BMF-2004-04-501CX-NONPROFIT-PX,2004-04,Basic Info,Character,20,Out of Scope flag,Out-of-scope (IN/OUT) (see OUTREAS doc. for details)
OUTREAS,OUTREAS,BMF-2004-04-501CX-NONPROFIT-PX,2004-04,Basic Info,Character,20,Reason why out of scope,Reason why out of scope
Filer,FILER,BMF-2004-04-501CX-NONPROFIT-PX,2004-04,Basic Info,Character,20,990 filing w/n 2 years? (Y/N),Filed 990 return within 24 months of BMF file? (Y/N)
ZFiler,ZFILER,BMF-2004-04-501CX-NONPROFIT-PX,2004-04,Basic Info,Character,20,990 filing $0 inc/assets w/n 2 years? (Y/N),"Filed 990 return with zero income and assets within 24 months of BMF file? (Y/N) - Beginning 2008, over 95% of 'zero filers' (ZFiler=Y) filed Form 990-N (e-Postcard) for tax years ending on or after December 31, 2007."
SUBSECCD,SUBSECCD,BMF-2004-04-501CX-NONPROFIT-PX,2004-04,Classification,Character,20,Subsection code,"IRS subsection code (03=501(c)(3), etc.)"
ntmaj5,NTMAJ5,BMF-2004-04-501CX-NONPROFIT-PX,2004-04,Classification,Character,20,Major subsector,Major subsector (5)
ntmaj10,NTMAJ10,BMF-2004-04-501CX-NONPROFIT-PX,2004-04,Classification,Character,20,NTEE major group (10),10 NTEE major groups
ntmaj12,NTMAJ12,BMF-2004-04-501CX-NONPROFIT-PX,2004-04,Classification,Character,20,NTEE major group (12),12 NTEE major groups: ntmaj10 plus higher education (BH) and hospitals (EH)
NTEEconf,NTEECONF,BMF-2004-04-501CX-NONPROFIT-PX,2004-04,Classification,Character,1,NTEE confidence rating,NTEE classification confidence rating (A/B/C)
MAJGRPB,MAJGRPB,BMF-2004-04-501CX-NONPROFIT-PX,2004-04,Classification,Character,1,Major NTEE group,Major NTEE group plus hospitals and higher education
INCOME,INCOME,BMF-2004-04-501CX-NONPROFIT-PX,2004-04,Financial Info,Numeric,1,Gross receipts,Gross receipts from most recently filed Form 990
ASSETS,ASSETS,BMF-2004-04-501CX-NONPROFIT-PX,2004-04,Financial Info,Numeric,1,"Total assets, end of year",Total assets (end of year) from most recent Form 990
cFiler,CFILER,BMF-2004-04-501CX-NONPROFIT-PX,2004-04,NCCS Financial Info,Character,1,990 filing w/n 2 years? (Y/N),Filed 990 return within 24 months of BMF file date? (Y/N)
cZFiler,CZFILER,BMF-2004-04-501CX-NONPROFIT-PX,2004-04,NCCS Financial Info,Character,1,990 filing $0 inc/assets w/n 2 years? (Y/N),"Filed 990 return with zero income and assets within 24 months of BMF file? (Y/N) - Beginning 2008, over 95% of 'zero filers' (cZFiler=Y) filed Form 990-N (e-Postcard) for tax years ending on or after December 31, 2007."
cTaxPer,CTAXPER,BMF-2004-04-501CX-NONPROFIT-PX,2004-04,NCCS Financial Info,Character,6,Ending date for tax period,Ending date for tax period of NCCS financial data in yyyymm format.
cTotRev,CTOTREV,BMF-2004-04-501CX-NONPROFIT-PX,2004-04,NCCS Financial Info,Numeric,6,Total Revenue,"Total Revenue from most recent Form 990 (Part I, line 12 on Form 990; Part I, line 9 on Form 990-EZ; or Part I, line 12(a) on Form 990-PF)"
cAssets,CASSETS,BMF-2004-04-501CX-NONPROFIT-PX,2004-04,NCCS Financial Info,Numeric,6,"Total Assets, BV End of Year","Total Assets (Book Value at end of year) from most recent Form 990 (Part IV, line 59(B) on Form 990; Part II, line 25(B) on Form 990-EZ; or Part II, line 16(b) on Form 990-PF)"
cFinSrc,CFINSRC,BMF-2004-04-501CX-NONPROFIT-PX,2004-04,NCCS Financial Info,Character,10,Source of NCCS Financial Data,Source of financial data added by NCCS (primarily the most recent Form 990 filing as of BMF date from NCCS Core files)
RULEDATE,RULEDATE,BMF-2004-04-501CX-NONPROFIT-PX,2004-04,Other Descriptive Info,Character,6,Ruling date (YYYYMM) from IRS,Ruling date: year and month of IRS ruling or determination letter recognizing orgs exempt status (YYYYMM)
FNDNCD,FNDNCD,BMF-2004-04-501CX-NONPROFIT-PX,2004-04,Other Descriptive Info,Character,6,Reason for 501(c)(3) status,"Reason for & type of 501(c)(3) exempt status including codes for operating and grantmaking foundations, and broad type of public charity"
SEC_NAME,SEC_NAME,BMF-2004-04-501CX-NONPROFIT-PX,2004-04,Other Descriptive Info,Character,35,Sort Name (Secondary name),Secondary organization name
LEVEL1,LEVEL1,BMF-2004-04-501CX-NONPROFIT-PX,2004-04,Other Classification,Character,35,Public charity or priv. fndn?,Public charity or private foundation?
LEVEL2,LEVEL2,BMF-2004-04-501CX-NONPROFIT-PX,2004-04,Other Classification,Character,35,Reporting public charity group,Reporting public charity groups.
level3,LEVEL3,BMF-2004-04-501CX-NONPROFIT-PX,2004-04,Other Classification,Character,35,Major NTEE category,Major NTEE category
level4,LEVEL4,BMF-2004-04-501CX-NONPROFIT-PX,2004-04,Other Classification,Character,35,NTEE-CC Major Group,NTEE-CC Major Group
NAICS,NAICS,BMF-2004-04-501CX-NONPROFIT-PX,2004-04,Other Classification,Character,6,NAICS,NAICS Code
accper,ACCPER,BMF-2004-04-501CX-NONPROFIT-PX,2004-04,Miscellaneous,Character,2,Accounting period (MM),Accounting period
RandNum,RANDNUM,BMF-2004-04-501CX-NONPROFIT-PX,2004-04,Miscellaneous,Numeric,2,Random number between 0 and 1,Random number between 0 and 1 used for creating samples
EIN,EIN,BMF-2004-12-501CX-NONPROFIT-PX,2004-12,Basic Info,Character,9,Employer Identification Number,Employer identification number.
NAME,NAME,BMF-2004-12-501CX-NONPROFIT-PX,2004-12,Basic Info,Character,60,Name of organization,Organization name.
STATE,STATE,BMF-2004-12-501CX-NONPROFIT-PX,2004-12,Basic Info,Character,2,State,Two-letter state abbreviation.
NTEE1,NTEE1,BMF-2004-12-501CX-NONPROFIT-PX,2004-12,Basic Info,Character,2,NTEE major group,NTEE major group (A-Z)
NTEECC,NTEECC,BMF-2004-12-501CX-NONPROFIT-PX,2004-12,Basic Info,Character,4,NTEECC primary purpose,NTEECC classification
CITY,CITY,BMF-2004-12-501CX-NONPROFIT-PX,2004-12,Basic Info,Character,22,City,City
zip5,ZIP5,BMF-2004-12-501CX-NONPROFIT-PX,2004-12,Basic Info,Character,5,"Zip code, 5 digits",First 5 digits of zip code
FIPS,FIPS,BMF-2004-12-501CX-NONPROFIT-PX,2004-12,Basic Info,Character,5,State + County FIPS code,2-digit State + 3-digit County FIPS code (Federal Information Processing Standard). See also U.S. Census Bureau State & County QuickFacts .
MSA,MSA,BMF-2004-12-501CX-NONPROFIT-PX,2004-12,Basic Info,Character,4,Metropolitan Statistical Area,Metropolitan Statistical Area (NCCS file) ( list )
PMSA,PMSA,BMF-2004-12-501CX-NONPROFIT-PX,2004-12,Basic Info,Character,4,Primary MSA,Primary Metropolitan Statistical Area
outnccs,OUTNCCS,BMF-2004-12-501CX-NONPROFIT-PX,2004-12,Basic Info,Character,20,Out of Scope flag,Out-of-scope (IN/OUT) (see OUTREAS doc. for details)
OUTREAS,OUTREAS,BMF-2004-12-501CX-NONPROFIT-PX,2004-12,Basic Info,Character,20,Reason why out of scope,Reason why out of scope
Filer,FILER,BMF-2004-12-501CX-NONPROFIT-PX,2004-12,Basic Info,Character,20,990 filing w/n 2 years? (Y/N),Filed 990 return within 24 months of BMF file? (Y/N)
ZFiler,ZFILER,BMF-2004-12-501CX-NONPROFIT-PX,2004-12,Basic Info,Character,20,990 filing $0 inc/assets w/n 2 years? (Y/N),"Filed 990 return with zero income and assets within 24 months of BMF file? (Y/N) - Beginning 2008, over 95% of 'zero filers' (ZFiler=Y) filed Form 990-N (e-Postcard) for tax years ending on or after December 31, 2007."
SUBSECCD,SUBSECCD,BMF-2004-12-501CX-NONPROFIT-PX,2004-12,Classification,Character,20,Subsection code,"IRS subsection code (03=501(c)(3), etc.)"
ntmaj5,NTMAJ5,BMF-2004-12-501CX-NONPROFIT-PX,2004-12,Classification,Character,20,Major subsector,Major subsector (5)
ntmaj10,NTMAJ10,BMF-2004-12-501CX-NONPROFIT-PX,2004-12,Classification,Character,20,NTEE major group (10),10 NTEE major groups
ntmaj12,NTMAJ12,BMF-2004-12-501CX-NONPROFIT-PX,2004-12,Classification,Character,20,NTEE major group (12),12 NTEE major groups: ntmaj10 plus higher education (BH) and hospitals (EH)
NTEEconf,NTEECONF,BMF-2004-12-501CX-NONPROFIT-PX,2004-12,Classification,Character,1,NTEE confidence rating,NTEE classification confidence rating (A/B/C)
MAJGRPB,MAJGRPB,BMF-2004-12-501CX-NONPROFIT-PX,2004-12,Classification,Character,1,Major NTEE group,Major NTEE group plus hospitals and higher education
INCOME,INCOME,BMF-2004-12-501CX-NONPROFIT-PX,2004-12,Financial Info,Numeric,1,Gross receipts,Gross receipts from most recently filed Form 990
ASSETS,ASSETS,BMF-2004-12-501CX-NONPROFIT-PX,2004-12,Financial Info,Numeric,1,"Total assets, end of year",Total assets (end of year) from most recent Form 990
cFiler,CFILER,BMF-2004-12-501CX-NONPROFIT-PX,2004-12,NCCS Financial Info,Character,1,990 filing w/n 2 years? (Y/N),Filed 990 return within 24 months of BMF file date? (Y/N)
cZFiler,CZFILER,BMF-2004-12-501CX-NONPROFIT-PX,2004-12,NCCS Financial Info,Character,1,990 filing $0 inc/assets w/n 2 years? (Y/N),"Filed 990 return with zero income and assets within 24 months of BMF file? (Y/N) - Beginning 2008, over 95% of 'zero filers' (cZFiler=Y) filed Form 990-N (e-Postcard) for tax years ending on or after December 31, 2007."
cTaxPer,CTAXPER,BMF-2004-12-501CX-NONPROFIT-PX,2004-12,NCCS Financial Info,Character,6,Ending date for tax period,Ending date for tax period of NCCS financial data in yyyymm format.
cTotRev,CTOTREV,BMF-2004-12-501CX-NONPROFIT-PX,2004-12,NCCS Financial Info,Numeric,6,Total Revenue,"Total Revenue from most recent Form 990 (Part I, line 12 on Form 990; Part I, line 9 on Form 990-EZ; or Part I, line 12(a) on Form 990-PF)"
cAssets,CASSETS,BMF-2004-12-501CX-NONPROFIT-PX,2004-12,NCCS Financial Info,Numeric,6,"Total Assets, BV End of Year","Total Assets (Book Value at end of year) from most recent Form 990 (Part IV, line 59(B) on Form 990; Part II, line 25(B) on Form 990-EZ; or Part II, line 16(b) on Form 990-PF)"
cFinSrc,CFINSRC,BMF-2004-12-501CX-NONPROFIT-PX,2004-12,NCCS Financial Info,Character,10,Source of NCCS Financial Data,Source of financial data added by NCCS (primarily the most recent Form 990 filing as of BMF date from NCCS Core files)
RULEDATE,RULEDATE,BMF-2004-12-501CX-NONPROFIT-PX,2004-12,Other Descriptive Info,Character,6,Ruling date (YYYYMM) from IRS,Ruling date: year and month of IRS ruling or determination letter recognizing orgs exempt status (YYYYMM)
FNDNCD,FNDNCD,BMF-2004-12-501CX-NONPROFIT-PX,2004-12,Other Descriptive Info,Character,6,Reason for 501(c)(3) status,"Reason for & type of 501(c)(3) exempt status including codes for operating and grantmaking foundations, and broad type of public charity"
SEC_NAME,SEC_NAME,BMF-2004-12-501CX-NONPROFIT-PX,2004-12,Other Descriptive Info,Character,35,Sort Name (Secondary name),Secondary organization name
LEVEL1,LEVEL1,BMF-2004-12-501CX-NONPROFIT-PX,2004-12,Other Classification,Character,35,Public charity or priv. fndn?,Public charity or private foundation?
LEVEL2,LEVEL2,BMF-2004-12-501CX-NONPROFIT-PX,2004-12,Other Classification,Character,35,Reporting public charity group,Reporting public charity groups.
level3,LEVEL3,BMF-2004-12-501CX-NONPROFIT-PX,2004-12,Other Classification,Character,35,Major NTEE category,Major NTEE category
level4,LEVEL4,BMF-2004-12-501CX-NONPROFIT-PX,2004-12,Other Classification,Character,35,NTEE-CC Major Group,NTEE-CC Major Group
NAICS,NAICS,BMF-2004-12-501CX-NONPROFIT-PX,2004-12,Other Classification,Character,6,NAICS,NAICS Code
accper,ACCPER,BMF-2004-12-501CX-NONPROFIT-PX,2004-12,Miscellaneous,Character,2,Accounting period (MM),Accounting period
RandNum,RANDNUM,BMF-2004-12-501CX-NONPROFIT-PX,2004-12,Miscellaneous,Numeric,2,Random number between 0 and 1,Random number between 0 and 1 used for creating samples
EIN,EIN,BMF-2005-07-501CX-NONPROFIT-PX,2005-07,Basic Info,Character,9,Employer Identification Number,Employer identification number.
NAME,NAME,BMF-2005-07-501CX-NONPROFIT-PX,2005-07,Basic Info,Character,60,Name of organization,Organization name.
STATE,STATE,BMF-2005-07-501CX-NONPROFIT-PX,2005-07,Basic Info,Character,2,State,Two-letter state abbreviation.
NTEE1,NTEE1,BMF-2005-07-501CX-NONPROFIT-PX,2005-07,Basic Info,Character,2,NTEE major group,NTEE major group (A-Z)
NTEECC,NTEECC,BMF-2005-07-501CX-NONPROFIT-PX,2005-07,Basic Info,Character,4,NTEECC primary purpose,NTEECC classification
CITY,CITY,BMF-2005-07-501CX-NONPROFIT-PX,2005-07,Basic Info,Character,22,City,City
zip5,ZIP5,BMF-2005-07-501CX-NONPROFIT-PX,2005-07,Basic Info,Character,5,"Zip code, 5 digits",First 5 digits of zip code
FIPS,FIPS,BMF-2005-07-501CX-NONPROFIT-PX,2005-07,Basic Info,Character,5,State + County FIPS code,2-digit State + 3-digit County FIPS code (Federal Information Processing Standard). See also U.S. Census Bureau State & County QuickFacts .
MSA,MSA,BMF-2005-07-501CX-NONPROFIT-PX,2005-07,Basic Info,Character,4,Metropolitan Statistical Area,Metropolitan Statistical Area (NCCS file) ( list )
PMSA,PMSA,BMF-2005-07-501CX-NONPROFIT-PX,2005-07,Basic Info,Character,4,Primary MSA,Primary Metropolitan Statistical Area
outnccs,OUTNCCS,BMF-2005-07-501CX-NONPROFIT-PX,2005-07,Basic Info,Character,20,Out of Scope flag,Out-of-scope (IN/OUT) (see OUTREAS doc. for details)
OUTREAS,OUTREAS,BMF-2005-07-501CX-NONPROFIT-PX,2005-07,Basic Info,Character,20,Reason why out of scope,Reason why out of scope
Filer,FILER,BMF-2005-07-501CX-NONPROFIT-PX,2005-07,Basic Info,Character,20,990 filing w/n 2 years? (Y/N),Filed 990 return within 24 months of BMF file? (Y/N)
ZFiler,ZFILER,BMF-2005-07-501CX-NONPROFIT-PX,2005-07,Basic Info,Character,20,990 filing $0 inc/assets w/n 2 years? (Y/N),"Filed 990 return with zero income and assets within 24 months of BMF file? (Y/N) - Beginning 2008, over 95% of 'zero filers' (ZFiler=Y) filed Form 990-N (e-Postcard) for tax years ending on or after December 31, 2007."
SUBSECCD,SUBSECCD,BMF-2005-07-501CX-NONPROFIT-PX,2005-07,Classification,Character,20,Subsection code,"IRS subsection code (03=501(c)(3), etc.)"
ntmaj5,NTMAJ5,BMF-2005-07-501CX-NONPROFIT-PX,2005-07,Classification,Character,20,Major subsector,Major subsector (5)
ntmaj10,NTMAJ10,BMF-2005-07-501CX-NONPROFIT-PX,2005-07,Classification,Character,20,NTEE major group (10),10 NTEE major groups
ntmaj12,NTMAJ12,BMF-2005-07-501CX-NONPROFIT-PX,2005-07,Classification,Character,20,NTEE major group (12),12 NTEE major groups: ntmaj10 plus higher education (BH) and hospitals (EH)
NTEEconf,NTEECONF,BMF-2005-07-501CX-NONPROFIT-PX,2005-07,Classification,Character,1,NTEE confidence rating,NTEE classification confidence rating (A/B/C)
MAJGRPB,MAJGRPB,BMF-2005-07-501CX-NONPROFIT-PX,2005-07,Classification,Character,1,Major NTEE group,Major NTEE group plus hospitals and higher education
INCOME,INCOME,BMF-2005-07-501CX-NONPROFIT-PX,2005-07,Financial Info,Numeric,1,Gross receipts,Gross receipts from most recently filed Form 990
ASSETS,ASSETS,BMF-2005-07-501CX-NONPROFIT-PX,2005-07,Financial Info,Numeric,1,"Total assets, end of year",Total assets (end of year) from most recent Form 990
cFiler,CFILER,BMF-2005-07-501CX-NONPROFIT-PX,2005-07,NCCS Financial Info,Character,1,990 filing w/n 2 years? (Y/N),Filed 990 return within 24 months of BMF file date? (Y/N)
cZFiler,CZFILER,BMF-2005-07-501CX-NONPROFIT-PX,2005-07,NCCS Financial Info,Character,1,990 filing $0 inc/assets w/n 2 years? (Y/N),"Filed 990 return with zero income and assets within 24 months of BMF file? (Y/N) - Beginning 2008, over 95% of 'zero filers' (cZFiler=Y) filed Form 990-N (e-Postcard) for tax years ending on or after December 31, 2007."
cTaxPer,CTAXPER,BMF-2005-07-501CX-NONPROFIT-PX,2005-07,NCCS Financial Info,Character,6,Ending date for tax period,Ending date for tax period of NCCS financial data in yyyymm format.
cTotRev,CTOTREV,BMF-2005-07-501CX-NONPROFIT-PX,2005-07,NCCS Financial Info,Numeric,6,Total Revenue,"Total Revenue from most recent Form 990 (Part I, line 12 on Form 990; Part I, line 9 on Form 990-EZ; or Part I, line 12(a) on Form 990-PF)"
cAssets,CASSETS,BMF-2005-07-501CX-NONPROFIT-PX,2005-07,NCCS Financial Info,Numeric,6,"Total Assets, BV End of Year","Total Assets (Book Value at end of year) from most recent Form 990 (Part IV, line 59(B) on Form 990; Part II, line 25(B) on Form 990-EZ; or Part II, line 16(b) on Form 990-PF)"
cFinSrc,CFINSRC,BMF-2005-07-501CX-NONPROFIT-PX,2005-07,NCCS Financial Info,Character,10,Source of NCCS Financial Data,Source of financial data added by NCCS (primarily the most recent Form 990 filing as of BMF date from NCCS Core files)
RULEDATE,RULEDATE,BMF-2005-07-501CX-NONPROFIT-PX,2005-07,Other Descriptive Info,Character,6,Ruling date (YYYYMM) from IRS,Ruling date: year and month of IRS ruling or determination letter recognizing orgs exempt status (YYYYMM)
FNDNCD,FNDNCD,BMF-2005-07-501CX-NONPROFIT-PX,2005-07,Other Descriptive Info,Character,6,Reason for 501(c)(3) status,"Reason for & type of 501(c)(3) exempt status including codes for operating and grantmaking foundations, and broad type of public charity"
SEC_NAME,SEC_NAME,BMF-2005-07-501CX-NONPROFIT-PX,2005-07,Other Descriptive Info,Character,35,Sort Name (Secondary name),Secondary organization name
LEVEL1,LEVEL1,BMF-2005-07-501CX-NONPROFIT-PX,2005-07,Other Classification,Character,35,Public charity or priv. fndn?,Public charity or private foundation?
LEVEL2,LEVEL2,BMF-2005-07-501CX-NONPROFIT-PX,2005-07,Other Classification,Character,35,Reporting public charity group,Reporting public charity groups.
level3,LEVEL3,BMF-2005-07-501CX-NONPROFIT-PX,2005-07,Other Classification,Character,35,Major NTEE category,Major NTEE category
level4,LEVEL4,BMF-2005-07-501CX-NONPROFIT-PX,2005-07,Other Classification,Character,35,NTEE-CC Major Group,NTEE-CC Major Group
NAICS,NAICS,BMF-2005-07-501CX-NONPROFIT-PX,2005-07,Other Classification,Character,6,NAICS,NAICS Code
accper,ACCPER,BMF-2005-07-501CX-NONPROFIT-PX,2005-07,Miscellaneous,Character,2,Accounting period (MM),Accounting period
RandNum,RANDNUM,BMF-2005-07-501CX-NONPROFIT-PX,2005-07,Miscellaneous,Numeric,2,Random number between 0 and 1,Random number between 0 and 1 used for creating samples
EIN,EIN,BMF-2005-11-501CX-NONPROFIT-PX,2005-11,Basic Info,Character,9,Employer Identification Number,Employer identification number.
NAME,NAME,BMF-2005-11-501CX-NONPROFIT-PX,2005-11,Basic Info,Character,60,Name of organization,Organization name.
STATE,STATE,BMF-2005-11-501CX-NONPROFIT-PX,2005-11,Basic Info,Character,2,State,Two-letter state abbreviation.
NTEE1,NTEE1,BMF-2005-11-501CX-NONPROFIT-PX,2005-11,Basic Info,Character,2,NTEE major group,NTEE major group (A-Z)
NTEECC,NTEECC,BMF-2005-11-501CX-NONPROFIT-PX,2005-11,Basic Info,Character,4,NTEECC primary purpose,NTEECC classification
CITY,CITY,BMF-2005-11-501CX-NONPROFIT-PX,2005-11,Basic Info,Character,22,City,City
zip5,ZIP5,BMF-2005-11-501CX-NONPROFIT-PX,2005-11,Basic Info,Character,5,"Zip code, 5 digits",First 5 digits of zip code
FIPS,FIPS,BMF-2005-11-501CX-NONPROFIT-PX,2005-11,Basic Info,Character,5,State + County FIPS code,2-digit State + 3-digit County FIPS code (Federal Information Processing Standard). See also U.S. Census Bureau State & County QuickFacts .
MSA,MSA,BMF-2005-11-501CX-NONPROFIT-PX,2005-11,Basic Info,Character,4,Metropolitan Statistical Area,Metropolitan Statistical Area (NCCS file) ( list )
MSA_NECH,MSA_NECH,BMF-2005-11-501CX-NONPROFIT-PX,2005-11,Basic Info,Character,4,Metropolitan Statistical Area,Metropolitan Statistical Area (NCCS file) ( list )
PMSA,PMSA,BMF-2005-11-501CX-NONPROFIT-PX,2005-11,Basic Info,Character,4,Primary MSA,Primary Metropolitan Statistical Area
outnccs,OUTNCCS,BMF-2005-11-501CX-NONPROFIT-PX,2005-11,Basic Info,Character,20,Out of Scope flag,Out-of-scope (IN/OUT) (see OUTREAS doc. for details)
OUTREAS,OUTREAS,BMF-2005-11-501CX-NONPROFIT-PX,2005-11,Basic Info,Character,20,Reason why out of scope,Reason why out of scope
Filer,FILER,BMF-2005-11-501CX-NONPROFIT-PX,2005-11,Basic Info,Character,20,990 filing w/n 2 years? (Y/N),Filed 990 return within 24 months of BMF file? (Y/N)
ZFiler,ZFILER,BMF-2005-11-501CX-NONPROFIT-PX,2005-11,Basic Info,Character,20,990 filing $0 inc/assets w/n 2 years? (Y/N),"Filed 990 return with zero income and assets within 24 months of BMF file? (Y/N) - Beginning 2008, over 95% of 'zero filers' (ZFiler=Y) filed Form 990-N (e-Postcard) for tax years ending on or after December 31, 2007."
SUBSECCD,SUBSECCD,BMF-2005-11-501CX-NONPROFIT-PX,2005-11,Classification,Character,20,Subsection code,"IRS subsection code (03=501(c)(3), etc.)"
ntmaj5,NTMAJ5,BMF-2005-11-501CX-NONPROFIT-PX,2005-11,Classification,Character,20,Major subsector,Major subsector (5)
ntmaj10,NTMAJ10,BMF-2005-11-501CX-NONPROFIT-PX,2005-11,Classification,Character,20,NTEE major group (10),10 NTEE major groups
ntmaj12,NTMAJ12,BMF-2005-11-501CX-NONPROFIT-PX,2005-11,Classification,Character,20,NTEE major group (12),12 NTEE major groups: ntmaj10 plus higher education (BH) and hospitals (EH)
NTEEconf,NTEECONF,BMF-2005-11-501CX-NONPROFIT-PX,2005-11,Classification,Character,1,NTEE confidence rating,NTEE classification confidence rating (A/B/C)
MAJGRPB,MAJGRPB,BMF-2005-11-501CX-NONPROFIT-PX,2005-11,Classification,Character,1,Major NTEE group,Major NTEE group plus hospitals and higher education
INCOME,INCOME,BMF-2005-11-501CX-NONPROFIT-PX,2005-11,Financial Info,Numeric,1,Gross receipts,Gross receipts from most recently filed Form 990
ASSETS,ASSETS,BMF-2005-11-501CX-NONPROFIT-PX,2005-11,Financial Info,Numeric,1,"Total assets, end of year",Total assets (end of year) from most recent Form 990
cFiler,CFILER,BMF-2005-11-501CX-NONPROFIT-PX,2005-11,NCCS Financial Info,Character,1,990 filing w/n 2 years? (Y/N),Filed 990 return within 24 months of BMF file date? (Y/N)
cZFiler,CZFILER,BMF-2005-11-501CX-NONPROFIT-PX,2005-11,NCCS Financial Info,Character,1,990 filing $0 inc/assets w/n 2 years? (Y/N),"Filed 990 return with zero income and assets within 24 months of BMF file? (Y/N) - Beginning 2008, over 95% of 'zero filers' (cZFiler=Y) filed Form 990-N (e-Postcard) for tax years ending on or after December 31, 2007."
cTaxPer,CTAXPER,BMF-2005-11-501CX-NONPROFIT-PX,2005-11,NCCS Financial Info,Character,6,Ending date for tax period,Ending date for tax period of NCCS financial data in yyyymm format.
cTotRev,CTOTREV,BMF-2005-11-501CX-NONPROFIT-PX,2005-11,NCCS Financial Info,Numeric,6,Total Revenue,"Total Revenue from most recent Form 990 (Part I, line 12 on Form 990; Part I, line 9 on Form 990-EZ; or Part I, line 12(a) on Form 990-PF)"
cAssets,CASSETS,BMF-2005-11-501CX-NONPROFIT-PX,2005-11,NCCS Financial Info,Numeric,6,"Total Assets, BV End of Year","Total Assets (Book Value at end of year) from most recent Form 990 (Part IV, line 59(B) on Form 990; Part II, line 25(B) on Form 990-EZ; or Part II, line 16(b) on Form 990-PF)"
cFinSrc,CFINSRC,BMF-2005-11-501CX-NONPROFIT-PX,2005-11,NCCS Financial Info,Character,10,Source of NCCS Financial Data,Source of financial data added by NCCS (primarily the most recent Form 990 filing as of BMF date from NCCS Core files)
RULEDATE,RULEDATE,BMF-2005-11-501CX-NONPROFIT-PX,2005-11,Other Descriptive Info,Character,6,Ruling date (YYYYMM) from IRS,Ruling date: year and month of IRS ruling or determination letter recognizing orgs exempt status (YYYYMM)
FNDNCD,FNDNCD,BMF-2005-11-501CX-NONPROFIT-PX,2005-11,Other Descriptive Info,Character,6,Reason for 501(c)(3) status,"Reason for & type of 501(c)(3) exempt status including codes for operating and grantmaking foundations, and broad type of public charity"
SEC_NAME,SEC_NAME,BMF-2005-11-501CX-NONPROFIT-PX,2005-11,Other Descriptive Info,Character,35,Sort Name (Secondary name),Secondary organization name
LEVEL1,LEVEL1,BMF-2005-11-501CX-NONPROFIT-PX,2005-11,Other Classification,Character,35,Public charity or priv. fndn?,Public charity or private foundation?
LEVEL2,LEVEL2,BMF-2005-11-501CX-NONPROFIT-PX,2005-11,Other Classification,Character,35,Reporting public charity group,Reporting public charity groups.
level3,LEVEL3,BMF-2005-11-501CX-NONPROFIT-PX,2005-11,Other Classification,Character,35,Major NTEE category,Major NTEE category
level4,LEVEL4,BMF-2005-11-501CX-NONPROFIT-PX,2005-11,Other Classification,Character,35,NTEE-CC Major Group,NTEE-CC Major Group
NAICS,NAICS,BMF-2005-11-501CX-NONPROFIT-PX,2005-11,Other Classification,Character,6,NAICS,NAICS Code
accper,ACCPER,BMF-2005-11-501CX-NONPROFIT-PX,2005-11,Miscellaneous,Character,2,Accounting period (MM),Accounting period
RandNum,RANDNUM,BMF-2005-11-501CX-NONPROFIT-PX,2005-11,Miscellaneous,Numeric,2,Random number between 0 and 1,Random number between 0 and 1 used for creating samples
EIN,EIN,BMF-2006-01-501CX-NONPROFIT-PX,2006-01,Basic Info,Character,9,Employer Identification Number,Employer identification number.
NAME,NAME,BMF-2006-01-501CX-NONPROFIT-PX,2006-01,Basic Info,Character,60,Name of organization,Organization name.
STATE,STATE,BMF-2006-01-501CX-NONPROFIT-PX,2006-01,Basic Info,Character,2,State,Two-letter state abbreviation.
NTEE1,NTEE1,BMF-2006-01-501CX-NONPROFIT-PX,2006-01,Basic Info,Character,2,NTEE major group,NTEE major group (A-Z)
NTEECC,NTEECC,BMF-2006-01-501CX-NONPROFIT-PX,2006-01,Basic Info,Character,4,NTEECC primary purpose,NTEECC classification
CITY,CITY,BMF-2006-01-501CX-NONPROFIT-PX,2006-01,Basic Info,Character,22,City,City
zip5,ZIP5,BMF-2006-01-501CX-NONPROFIT-PX,2006-01,Basic Info,Character,5,"Zip code, 5 digits",First 5 digits of zip code
FIPS,FIPS,BMF-2006-01-501CX-NONPROFIT-PX,2006-01,Basic Info,Character,5,State + County FIPS code,2-digit State + 3-digit County FIPS code (Federal Information Processing Standard). See also U.S. Census Bureau State & County QuickFacts .
MSA,MSA,BMF-2006-01-501CX-NONPROFIT-PX,2006-01,Basic Info,Character,4,Metropolitan Statistical Area,Metropolitan Statistical Area (NCCS file) ( list )
MSA_NECH,MSA_NECH,BMF-2006-01-501CX-NONPROFIT-PX,2006-01,Basic Info,Character,4,Metropolitan Statistical Area,Metropolitan Statistical Area (NCCS file) ( list )
PMSA,PMSA,BMF-2006-01-501CX-NONPROFIT-PX,2006-01,Basic Info,Character,4,Primary MSA,Primary Metropolitan Statistical Area
outnccs,OUTNCCS,BMF-2006-01-501CX-NONPROFIT-PX,2006-01,Basic Info,Character,20,Out of Scope flag,Out-of-scope (IN/OUT) (see OUTREAS doc. for details)
OUTREAS,OUTREAS,BMF-2006-01-501CX-NONPROFIT-PX,2006-01,Basic Info,Character,20,Reason why out of scope,Reason why out of scope
Filer,FILER,BMF-2006-01-501CX-NONPROFIT-PX,2006-01,Basic Info,Character,20,990 filing w/n 2 years? (Y/N),Filed 990 return within 24 months of BMF file? (Y/N)
ZFiler,ZFILER,BMF-2006-01-501CX-NONPROFIT-PX,2006-01,Basic Info,Character,20,990 filing $0 inc/assets w/n 2 years? (Y/N),"Filed 990 return with zero income and assets within 24 months of BMF file? (Y/N) - Beginning 2008, over 95% of 'zero filers' (ZFiler=Y) filed Form 990-N (e-Postcard) for tax years ending on or after December 31, 2007."
SUBSECCD,SUBSECCD,BMF-2006-01-501CX-NONPROFIT-PX,2006-01,Classification,Character,20,Subsection code,"IRS subsection code (03=501(c)(3), etc.)"
ntmaj5,NTMAJ5,BMF-2006-01-501CX-NONPROFIT-PX,2006-01,Classification,Character,20,Major subsector,Major subsector (5)
ntmaj10,NTMAJ10,BMF-2006-01-501CX-NONPROFIT-PX,2006-01,Classification,Character,20,NTEE major group (10),10 NTEE major groups
ntmaj12,NTMAJ12,BMF-2006-01-501CX-NONPROFIT-PX,2006-01,Classification,Character,20,NTEE major group (12),12 NTEE major groups: ntmaj10 plus higher education (BH) and hospitals (EH)
NTEEconf,NTEECONF,BMF-2006-01-501CX-NONPROFIT-PX,2006-01,Classification,Character,1,NTEE confidence rating,NTEE classification confidence rating (A/B/C)
MAJGRPB,MAJGRPB,BMF-2006-01-501CX-NONPROFIT-PX,2006-01,Classification,Character,1,Major NTEE group,Major NTEE group plus hospitals and higher education
INCOME,INCOME,BMF-2006-01-501CX-NONPROFIT-PX,2006-01,Financial Info,Numeric,1,Gross receipts,Gross receipts from most recently filed Form 990
ASSETS,ASSETS,BMF-2006-01-501CX-NONPROFIT-PX,2006-01,Financial Info,Numeric,1,"Total assets, end of year",Total assets (end of year) from most recent Form 990
cFiler,CFILER,BMF-2006-01-501CX-NONPROFIT-PX,2006-01,NCCS Financial Info,Character,1,990 filing w/n 2 years? (Y/N),Filed 990 return within 24 months of BMF file date? (Y/N)
cZFiler,CZFILER,BMF-2006-01-501CX-NONPROFIT-PX,2006-01,NCCS Financial Info,Character,1,990 filing $0 inc/assets w/n 2 years? (Y/N),"Filed 990 return with zero income and assets within 24 months of BMF file? (Y/N) - Beginning 2008, over 95% of 'zero filers' (cZFiler=Y) filed Form 990-N (e-Postcard) for tax years ending on or after December 31, 2007."
cTaxPer,CTAXPER,BMF-2006-01-501CX-NONPROFIT-PX,2006-01,NCCS Financial Info,Character,6,Ending date for tax period,Ending date for tax period of NCCS financial data in yyyymm format.
cTotRev,CTOTREV,BMF-2006-01-501CX-NONPROFIT-PX,2006-01,NCCS Financial Info,Numeric,6,Total Revenue,"Total Revenue from most recent Form 990 (Part I, line 12 on Form 990; Part I, line 9 on Form 990-EZ; or Part I, line 12(a) on Form 990-PF)"
cAssets,CASSETS,BMF-2006-01-501CX-NONPROFIT-PX,2006-01,NCCS Financial Info,Numeric,6,"Total Assets, BV End of Year","Total Assets (Book Value at end of year) from most recent Form 990 (Part IV, line 59(B) on Form 990; Part II, line 25(B) on Form 990-EZ; or Part II, line 16(b) on Form 990-PF)"
cFinSrc,CFINSRC,BMF-2006-01-501CX-NONPROFIT-PX,2006-01,NCCS Financial Info,Character,10,Source of NCCS Financial Data,Source of financial data added by NCCS (primarily the most recent Form 990 filing as of BMF date from NCCS Core files)
RULEDATE,RULEDATE,BMF-2006-01-501CX-NONPROFIT-PX,2006-01,Other Descriptive Info,Character,6,Ruling date (YYYYMM) from IRS,Ruling date: year and month of IRS ruling or determination letter recognizing orgs exempt status (YYYYMM)
FNDNCD,FNDNCD,BMF-2006-01-501CX-NONPROFIT-PX,2006-01,Other Descriptive Info,Character,6,Reason for 501(c)(3) status,"Reason for & type of 501(c)(3) exempt status including codes for operating and grantmaking foundations, and broad type of public charity"
SEC_NAME,SEC_NAME,BMF-2006-01-501CX-NONPROFIT-PX,2006-01,Other Descriptive Info,Character,35,Sort Name (Secondary name),Secondary organization name
LEVEL1,LEVEL1,BMF-2006-01-501CX-NONPROFIT-PX,2006-01,Other Classification,Character,35,Public charity or priv. fndn?,Public charity or private foundation?
LEVEL2,LEVEL2,BMF-2006-01-501CX-NONPROFIT-PX,2006-01,Other Classification,Character,35,Reporting public charity group,Reporting public charity groups.
level3,LEVEL3,BMF-2006-01-501CX-NONPROFIT-PX,2006-01,Other Classification,Character,35,Major NTEE category,Major NTEE category
level4,LEVEL4,BMF-2006-01-501CX-NONPROFIT-PX,2006-01,Other Classification,Character,35,NTEE-CC Major Group,NTEE-CC Major Group
NAICS,NAICS,BMF-2006-01-501CX-NONPROFIT-PX,2006-01,Other Classification,Character,6,NAICS,NAICS Code
accper,ACCPER,BMF-2006-01-501CX-NONPROFIT-PX,2006-01,Miscellaneous,Character,2,Accounting period (MM),Accounting period
RandNum,RANDNUM,BMF-2006-01-501CX-NONPROFIT-PX,2006-01,Miscellaneous,Numeric,2,Random number between 0 and 1,Random number between 0 and 1 used for creating samples
EIN,EIN,BMF-2006-05-501CX-NONPROFIT-PX,2006-05,Basic Info,Character,9,Employer Identification Number,Employer identification number.
NAME,NAME,BMF-2006-05-501CX-NONPROFIT-PX,2006-05,Basic Info,Character,60,Name of organization,Organization name.
STATE,STATE,BMF-2006-05-501CX-NONPROFIT-PX,2006-05,Basic Info,Character,2,State,Two-letter state abbreviation.
NTEE1,NTEE1,BMF-2006-05-501CX-NONPROFIT-PX,2006-05,Basic Info,Character,2,NTEE major group,NTEE major group (A-Z)
NTEECC,NTEECC,BMF-2006-05-501CX-NONPROFIT-PX,2006-05,Basic Info,Character,4,NTEECC primary purpose,NTEECC classification
CITY,CITY,BMF-2006-05-501CX-NONPROFIT-PX,2006-05,Basic Info,Character,22,City,City
zip5,ZIP5,BMF-2006-05-501CX-NONPROFIT-PX,2006-05,Basic Info,Character,5,"Zip code, 5 digits",First 5 digits of zip code
FIPS,FIPS,BMF-2006-05-501CX-NONPROFIT-PX,2006-05,Basic Info,Character,5,State + County FIPS code,2-digit State + 3-digit County FIPS code (Federal Information Processing Standard). See also U.S. Census Bureau State & County QuickFacts .
MSA,MSA,BMF-2006-05-501CX-NONPROFIT-PX,2006-05,Basic Info,Character,4,Metropolitan Statistical Area,Metropolitan Statistical Area (NCCS file) ( list )
MSA_NECH,MSA_NECH,BMF-2006-05-501CX-NONPROFIT-PX,2006-05,Basic Info,Character,4,Metropolitan Statistical Area,Metropolitan Statistical Area (NCCS file) ( list )
PMSA,PMSA,BMF-2006-05-501CX-NONPROFIT-PX,2006-05,Basic Info,Character,4,Primary MSA,Primary Metropolitan Statistical Area
outnccs,OUTNCCS,BMF-2006-05-501CX-NONPROFIT-PX,2006-05,Basic Info,Character,20,Out of Scope flag,Out-of-scope (IN/OUT) (see OUTREAS doc. for details)
OUTREAS,OUTREAS,BMF-2006-05-501CX-NONPROFIT-PX,2006-05,Basic Info,Character,20,Reason why out of scope,Reason why out of scope
Filer,FILER,BMF-2006-05-501CX-NONPROFIT-PX,2006-05,Basic Info,Character,20,990 filing w/n 2 years? (Y/N),Filed 990 return within 24 months of BMF file? (Y/N)
ZFiler,ZFILER,BMF-2006-05-501CX-NONPROFIT-PX,2006-05,Basic Info,Character,20,990 filing $0 inc/assets w/n 2 years? (Y/N),"Filed 990 return with zero income and assets within 24 months of BMF file? (Y/N) - Beginning 2008, over 95% of 'zero filers' (ZFiler=Y) filed Form 990-N (e-Postcard) for tax years ending on or after December 31, 2007."
SUBSECCD,SUBSECCD,BMF-2006-05-501CX-NONPROFIT-PX,2006-05,Classification,Character,20,Subsection code,"IRS subsection code (03=501(c)(3), etc.)"
ntmaj5,NTMAJ5,BMF-2006-05-501CX-NONPROFIT-PX,2006-05,Classification,Character,20,Major subsector,Major subsector (5)
ntmaj10,NTMAJ10,BMF-2006-05-501CX-NONPROFIT-PX,2006-05,Classification,Character,20,NTEE major group (10),10 NTEE major groups
ntmaj12,NTMAJ12,BMF-2006-05-501CX-NONPROFIT-PX,2006-05,Classification,Character,20,NTEE major group (12),12 NTEE major groups: ntmaj10 plus higher education (BH) and hospitals (EH)
NTEEconf,NTEECONF,BMF-2006-05-501CX-NONPROFIT-PX,2006-05,Classification,Character,1,NTEE confidence rating,NTEE classification confidence rating (A/B/C)
MAJGRPB,MAJGRPB,BMF-2006-05-501CX-NONPROFIT-PX,2006-05,Classification,Character,1,Major NTEE group,Major NTEE group plus hospitals and higher education
INCOME,INCOME,BMF-2006-05-501CX-NONPROFIT-PX,2006-05,Financial Info,Numeric,1,Gross receipts,Gross receipts from most recently filed Form 990
ASSETS,ASSETS,BMF-2006-05-501CX-NONPROFIT-PX,2006-05,Financial Info,Numeric,1,"Total assets, end of year",Total assets (end of year) from most recent Form 990
cFiler,CFILER,BMF-2006-05-501CX-NONPROFIT-PX,2006-05,NCCS Financial Info,Character,1,990 filing w/n 2 years? (Y/N),Filed 990 return within 24 months of BMF file date? (Y/N)
cZFiler,CZFILER,BMF-2006-05-501CX-NONPROFIT-PX,2006-05,NCCS Financial Info,Character,1,990 filing $0 inc/assets w/n 2 years? (Y/N),"Filed 990 return with zero income and assets within 24 months of BMF file? (Y/N) - Beginning 2008, over 95% of 'zero filers' (cZFiler=Y) filed Form 990-N (e-Postcard) for tax years ending on or after December 31, 2007."
cTaxPer,CTAXPER,BMF-2006-05-501CX-NONPROFIT-PX,2006-05,NCCS Financial Info,Character,6,Ending date for tax period,Ending date for tax period of NCCS financial data in yyyymm format.
cTotRev,CTOTREV,BMF-2006-05-501CX-NONPROFIT-PX,2006-05,NCCS Financial Info,Numeric,6,Total Revenue,"Total Revenue from most recent Form 990 (Part I, line 12 on Form 990; Part I, line 9 on Form 990-EZ; or Part I, line 12(a) on Form 990-PF)"
cAssets,CASSETS,BMF-2006-05-501CX-NONPROFIT-PX,2006-05,NCCS Financial Info,Numeric,6,"Total Assets, BV End of Year","Total Assets (Book Value at end of year) from most recent Form 990 (Part IV, line 59(B) on Form 990; Part II, line 25(B) on Form 990-EZ; or Part II, line 16(b) on Form 990-PF)"
cFinSrc,CFINSRC,BMF-2006-05-501CX-NONPROFIT-PX,2006-05,NCCS Financial Info,Character,10,Source of NCCS Financial Data,Source of financial data added by NCCS (primarily the most recent Form 990 filing as of BMF date from NCCS Core files)
RULEDATE,RULEDATE,BMF-2006-05-501CX-NONPROFIT-PX,2006-05,Other Descriptive Info,Character,6,Ruling date (YYYYMM) from IRS,Ruling date: year and month of IRS ruling or determination letter recognizing orgs exempt status (YYYYMM)
FNDNCD,FNDNCD,BMF-2006-05-501CX-NONPROFIT-PX,2006-05,Other Descriptive Info,Character,6,Reason for 501(c)(3) status,"Reason for & type of 501(c)(3) exempt status including codes for operating and grantmaking foundations, and broad type of public charity"
SEC_NAME,SEC_NAME,BMF-2006-05-501CX-NONPROFIT-PX,2006-05,Other Descriptive Info,Character,35,Sort Name (Secondary name),Secondary organization name
LEVEL1,LEVEL1,BMF-2006-05-501CX-NONPROFIT-PX,2006-05,Other Classification,Character,35,Public charity or priv. fndn?,Public charity or private foundation?
LEVEL2,LEVEL2,BMF-2006-05-501CX-NONPROFIT-PX,2006-05,Other Classification,Character,35,Reporting public charity group,Reporting public charity groups.
level3,LEVEL3,BMF-2006-05-501CX-NONPROFIT-PX,2006-05,Other Classification,Character,35,Major NTEE category,Major NTEE category
level4,LEVEL4,BMF-2006-05-501CX-NONPROFIT-PX,2006-05,Other Classification,Character,35,NTEE-CC Major Group,NTEE-CC Major Group
NAICS,NAICS,BMF-2006-05-501CX-NONPROFIT-PX,2006-05,Other Classification,Character,6,NAICS,NAICS Code
accper,ACCPER,BMF-2006-05-501CX-NONPROFIT-PX,2006-05,Miscellaneous,Character,2,Accounting period (MM),Accounting period
RandNum,RANDNUM,BMF-2006-05-501CX-NONPROFIT-PX,2006-05,Miscellaneous,Numeric,2,Random number between 0 and 1,Random number between 0 and 1 used for creating samples
EIN,EIN,BMF-2006-11-501CX-NONPROFIT-PX,2006-11,Basic Info,Character,9,Employer Identification Number,Employer identification number.
NAME,NAME,BMF-2006-11-501CX-NONPROFIT-PX,2006-11,Basic Info,Character,60,Name of organization,Organization name.
STATE,STATE,BMF-2006-11-501CX-NONPROFIT-PX,2006-11,Basic Info,Character,2,State,Two-letter state abbreviation.
NTEE1,NTEE1,BMF-2006-11-501CX-NONPROFIT-PX,2006-11,Basic Info,Character,2,NTEE major group,NTEE major group (A-Z)
NTEECC,NTEECC,BMF-2006-11-501CX-NONPROFIT-PX,2006-11,Basic Info,Character,4,NTEECC primary purpose,NTEECC classification
CITY,CITY,BMF-2006-11-501CX-NONPROFIT-PX,2006-11,Basic Info,Character,22,City,City
zip5,ZIP5,BMF-2006-11-501CX-NONPROFIT-PX,2006-11,Basic Info,Character,5,"Zip code, 5 digits",First 5 digits of zip code
FIPS,FIPS,BMF-2006-11-501CX-NONPROFIT-PX,2006-11,Basic Info,Character,5,State + County FIPS code,2-digit State + 3-digit County FIPS code (Federal Information Processing Standard). See also U.S. Census Bureau State & County QuickFacts .
MSA_NECH,MSA_NECH,BMF-2006-11-501CX-NONPROFIT-PX,2006-11,Basic Info,Character,4,Metropolitan Statistical Area,Metropolitan Statistical Area (NCCS file) ( list )
PMSA,PMSA,BMF-2006-11-501CX-NONPROFIT-PX,2006-11,Basic Info,Character,4,Primary MSA,Primary Metropolitan Statistical Area
TAXPER,TAXPER,BMF-2006-11-501CX-NONPROFIT-PX,2006-11,Basic Info,Character,20,Ending date for tax period,"Ending date for tax period of financial data. Core files for 1997 on are in ""yyyymm"" format (199412=Dec. 1994). Earlier years use 2-digit year (""9412"")."
outnccs,OUTNCCS,BMF-2006-11-501CX-NONPROFIT-PX,2006-11,Basic Info,Character,20,Out of Scope flag,Out-of-scope (IN/OUT) (see OUTREAS doc. for details)
OUTREAS,OUTREAS,BMF-2006-11-501CX-NONPROFIT-PX,2006-11,Basic Info,Character,20,Reason why out of scope,Reason why out of scope
Filer,FILER,BMF-2006-11-501CX-NONPROFIT-PX,2006-11,Basic Info,Character,20,990 filing w/n 2 years? (Y/N),Filed 990 return within 24 months of BMF file? (Y/N)
ZFiler,ZFILER,BMF-2006-11-501CX-NONPROFIT-PX,2006-11,Basic Info,Character,20,990 filing $0 inc/assets w/n 2 years? (Y/N),"Filed 990 return with zero income and assets within 24 months of BMF file? (Y/N) - Beginning 2008, over 95% of 'zero filers' (ZFiler=Y) filed Form 990-N (e-Postcard) for tax years ending on or after December 31, 2007."
SUBSECCD,SUBSECCD,BMF-2006-11-501CX-NONPROFIT-PX,2006-11,Classification,Character,20,Subsection code,"IRS subsection code (03=501(c)(3), etc.)"
ntmaj5,NTMAJ5,BMF-2006-11-501CX-NONPROFIT-PX,2006-11,Classification,Character,20,Major subsector,Major subsector (5)
ntmaj10,NTMAJ10,BMF-2006-11-501CX-NONPROFIT-PX,2006-11,Classification,Character,20,NTEE major group (10),10 NTEE major groups
ntmaj12,NTMAJ12,BMF-2006-11-501CX-NONPROFIT-PX,2006-11,Classification,Character,20,NTEE major group (12),12 NTEE major groups: ntmaj10 plus higher education (BH) and hospitals (EH)
NTEEconf,NTEECONF,BMF-2006-11-501CX-NONPROFIT-PX,2006-11,Classification,Character,1,NTEE confidence rating,NTEE classification confidence rating (A/B/C)
MAJGRPB,MAJGRPB,BMF-2006-11-501CX-NONPROFIT-PX,2006-11,Classification,Character,1,Major NTEE group,Major NTEE group plus hospitals and higher education
INCOME,INCOME,BMF-2006-11-501CX-NONPROFIT-PX,2006-11,Financial Info,Numeric,1,Gross receipts,Gross receipts from most recently filed Form 990
ASSETS,ASSETS,BMF-2006-11-501CX-NONPROFIT-PX,2006-11,Financial Info,Numeric,1,"Total assets, end of year",Total assets (end of year) from most recent Form 990
cFiler,CFILER,BMF-2006-11-501CX-NONPROFIT-PX,2006-11,NCCS Financial Info,Character,1,990 filing w/n 2 years? (Y/N),Filed 990 return within 24 months of BMF file date? (Y/N)
cZFiler,CZFILER,BMF-2006-11-501CX-NONPROFIT-PX,2006-11,NCCS Financial Info,Character,1,990 filing $0 inc/assets w/n 2 years? (Y/N),"Filed 990 return with zero income and assets within 24 months of BMF file? (Y/N) - Beginning 2008, over 95% of 'zero filers' (cZFiler=Y) filed Form 990-N (e-Postcard) for tax years ending on or after December 31, 2007."
cTaxPer,CTAXPER,BMF-2006-11-501CX-NONPROFIT-PX,2006-11,NCCS Financial Info,Character,6,Ending date for tax period,Ending date for tax period of NCCS financial data in yyyymm format.
cTotRev,CTOTREV,BMF-2006-11-501CX-NONPROFIT-PX,2006-11,NCCS Financial Info,Numeric,6,Total Revenue,"Total Revenue from most recent Form 990 (Part I, line 12 on Form 990; Part I, line 9 on Form 990-EZ; or Part I, line 12(a) on Form 990-PF)"
cAssets,CASSETS,BMF-2006-11-501CX-NONPROFIT-PX,2006-11,NCCS Financial Info,Numeric,6,"Total Assets, BV End of Year","Total Assets (Book Value at end of year) from most recent Form 990 (Part IV, line 59(B) on Form 990; Part II, line 25(B) on Form 990-EZ; or Part II, line 16(b) on Form 990-PF)"
cFinSrc,CFINSRC,BMF-2006-11-501CX-NONPROFIT-PX,2006-11,NCCS Financial Info,Character,10,Source of NCCS Financial Data,Source of financial data added by NCCS (primarily the most recent Form 990 filing as of BMF date from NCCS Core files)
RULEDATE,RULEDATE,BMF-2006-11-501CX-NONPROFIT-PX,2006-11,Other Descriptive Info,Character,6,Ruling date (YYYYMM) from IRS,Ruling date: year and month of IRS ruling or determination letter recognizing orgs exempt status (YYYYMM)
FNDNCD,FNDNCD,BMF-2006-11-501CX-NONPROFIT-PX,2006-11,Other Descriptive Info,Character,6,Reason for 501(c)(3) status,"Reason for & type of 501(c)(3) exempt status including codes for operating and grantmaking foundations, and broad type of public charity"
SEC_NAME,SEC_NAME,BMF-2006-11-501CX-NONPROFIT-PX,2006-11,Other Descriptive Info,Character,35,Sort Name (Secondary name),Secondary organization name
LEVEL1,LEVEL1,BMF-2006-11-501CX-NONPROFIT-PX,2006-11,Other Classification,Character,35,Public charity or priv. fndn?,Public charity or private foundation?
LEVEL2,LEVEL2,BMF-2006-11-501CX-NONPROFIT-PX,2006-11,Other Classification,Character,35,Reporting public charity group,Reporting public charity groups.
level3,LEVEL3,BMF-2006-11-501CX-NONPROFIT-PX,2006-11,Other Classification,Character,35,Major NTEE category,Major NTEE category
level4,LEVEL4,BMF-2006-11-501CX-NONPROFIT-PX,2006-11,Other Classification,Character,35,NTEE-CC Major Group,NTEE-CC Major Group
NAICS,NAICS,BMF-2006-11-501CX-NONPROFIT-PX,2006-11,Other Classification,Character,6,NAICS,NAICS Code
accper,ACCPER,BMF-2006-11-501CX-NONPROFIT-PX,2006-11,Miscellaneous,Character,2,Accounting period (MM),Accounting period
RandNum,RANDNUM,BMF-2006-11-501CX-NONPROFIT-PX,2006-11,Miscellaneous,Numeric,2,Random number between 0 and 1,Random number between 0 and 1 used for creating samples
EIN,EIN,BMF-2007-01-501CX-NONPROFIT-PX,2007-01,Basic Info,Character,9,Employer Identification Number,Employer identification number.
NAME,NAME,BMF-2007-01-501CX-NONPROFIT-PX,2007-01,Basic Info,Character,60,Name of organization,Organization name.
STATE,STATE,BMF-2007-01-501CX-NONPROFIT-PX,2007-01,Basic Info,Character,2,State,Two-letter state abbreviation.
NTEE1,NTEE1,BMF-2007-01-501CX-NONPROFIT-PX,2007-01,Basic Info,Character,2,NTEE major group,NTEE major group (A-Z)
NTEECC,NTEECC,BMF-2007-01-501CX-NONPROFIT-PX,2007-01,Basic Info,Character,4,NTEECC primary purpose,NTEECC classification
CITY,CITY,BMF-2007-01-501CX-NONPROFIT-PX,2007-01,Basic Info,Character,22,City,City
zip5,ZIP5,BMF-2007-01-501CX-NONPROFIT-PX,2007-01,Basic Info,Character,5,"Zip code, 5 digits",First 5 digits of zip code
FIPS,FIPS,BMF-2007-01-501CX-NONPROFIT-PX,2007-01,Basic Info,Character,5,State + County FIPS code,2-digit State + 3-digit County FIPS code (Federal Information Processing Standard). See also U.S. Census Bureau State & County QuickFacts .
MSA_NECH,MSA_NECH,BMF-2007-01-501CX-NONPROFIT-PX,2007-01,Basic Info,Character,4,Metropolitan Statistical Area,Metropolitan Statistical Area (NCCS file) ( list )
PMSA,PMSA,BMF-2007-01-501CX-NONPROFIT-PX,2007-01,Basic Info,Character,4,Primary MSA,Primary Metropolitan Statistical Area
TAXPER,TAXPER,BMF-2007-01-501CX-NONPROFIT-PX,2007-01,Basic Info,Character,20,Ending date for tax period,"Ending date for tax period of financial data. Core files for 1997 on are in ""yyyymm"" format (199412=Dec. 1994). Earlier years use 2-digit year (""9412"")."
outnccs,OUTNCCS,BMF-2007-01-501CX-NONPROFIT-PX,2007-01,Basic Info,Character,20,Out of Scope flag,Out-of-scope (IN/OUT) (see OUTREAS doc. for details)
OUTREAS,OUTREAS,BMF-2007-01-501CX-NONPROFIT-PX,2007-01,Basic Info,Character,20,Reason why out of scope,Reason why out of scope
Filer,FILER,BMF-2007-01-501CX-NONPROFIT-PX,2007-01,Basic Info,Character,20,990 filing w/n 2 years? (Y/N),Filed 990 return within 24 months of BMF file? (Y/N)
ZFiler,ZFILER,BMF-2007-01-501CX-NONPROFIT-PX,2007-01,Basic Info,Character,20,990 filing $0 inc/assets w/n 2 years? (Y/N),"Filed 990 return with zero income and assets within 24 months of BMF file? (Y/N) - Beginning 2008, over 95% of 'zero filers' (ZFiler=Y) filed Form 990-N (e-Postcard) for tax years ending on or after December 31, 2007."
SUBSECCD,SUBSECCD,BMF-2007-01-501CX-NONPROFIT-PX,2007-01,Classification,Character,20,Subsection code,"IRS subsection code (03=501(c)(3), etc.)"
ntmaj5,NTMAJ5,BMF-2007-01-501CX-NONPROFIT-PX,2007-01,Classification,Character,20,Major subsector,Major subsector (5)
ntmaj10,NTMAJ10,BMF-2007-01-501CX-NONPROFIT-PX,2007-01,Classification,Character,20,NTEE major group (10),10 NTEE major groups
ntmaj12,NTMAJ12,BMF-2007-01-501CX-NONPROFIT-PX,2007-01,Classification,Character,20,NTEE major group (12),12 NTEE major groups: ntmaj10 plus higher education (BH) and hospitals (EH)
NTEEconf,NTEECONF,BMF-2007-01-501CX-NONPROFIT-PX,2007-01,Classification,Character,1,NTEE confidence rating,NTEE classification confidence rating (A/B/C)
MAJGRPB,MAJGRPB,BMF-2007-01-501CX-NONPROFIT-PX,2007-01,Classification,Character,1,Major NTEE group,Major NTEE group plus hospitals and higher education
INCOME,INCOME,BMF-2007-01-501CX-NONPROFIT-PX,2007-01,Financial Info,Numeric,1,Gross receipts,Gross receipts from most recently filed Form 990
ASSETS,ASSETS,BMF-2007-01-501CX-NONPROFIT-PX,2007-01,Financial Info,Numeric,1,"Total assets, end of year",Total assets (end of year) from most recent Form 990
cFiler,CFILER,BMF-2007-01-501CX-NONPROFIT-PX,2007-01,NCCS Financial Info,Character,1,990 filing w/n 2 years? (Y/N),Filed 990 return within 24 months of BMF file date? (Y/N)
cZFiler,CZFILER,BMF-2007-01-501CX-NONPROFIT-PX,2007-01,NCCS Financial Info,Character,1,990 filing $0 inc/assets w/n 2 years? (Y/N),"Filed 990 return with zero income and assets within 24 months of BMF file? (Y/N) - Beginning 2008, over 95% of 'zero filers' (cZFiler=Y) filed Form 990-N (e-Postcard) for tax years ending on or after December 31, 2007."
cTaxPer,CTAXPER,BMF-2007-01-501CX-NONPROFIT-PX,2007-01,NCCS Financial Info,Character,6,Ending date for tax period,Ending date for tax period of NCCS financial data in yyyymm format.
cTotRev,CTOTREV,BMF-2007-01-501CX-NONPROFIT-PX,2007-01,NCCS Financial Info,Numeric,6,Total Revenue,"Total Revenue from most recent Form 990 (Part I, line 12 on Form 990; Part I, line 9 on Form 990-EZ; or Part I, line 12(a) on Form 990-PF)"
cAssets,CASSETS,BMF-2007-01-501CX-NONPROFIT-PX,2007-01,NCCS Financial Info,Numeric,6,"Total Assets, BV End of Year","Total Assets (Book Value at end of year) from most recent Form 990 (Part IV, line 59(B) on Form 990; Part II, line 25(B) on Form 990-EZ; or Part II, line 16(b) on Form 990-PF)"
cFinSrc,CFINSRC,BMF-2007-01-501CX-NONPROFIT-PX,2007-01,NCCS Financial Info,Character,10,Source of NCCS Financial Data,Source of financial data added by NCCS (primarily the most recent Form 990 filing as of BMF date from NCCS Core files)
RULEDATE,RULEDATE,BMF-2007-01-501CX-NONPROFIT-PX,2007-01,Other Descriptive Info,Character,6,Ruling date (YYYYMM) from IRS,Ruling date: year and month of IRS ruling or determination letter recognizing orgs exempt status (YYYYMM)
FNDNCD,FNDNCD,BMF-2007-01-501CX-NONPROFIT-PX,2007-01,Other Descriptive Info,Character,6,Reason for 501(c)(3) status,"Reason for & type of 501(c)(3) exempt status including codes for operating and grantmaking foundations, and broad type of public charity"
SEC_NAME,SEC_NAME,BMF-2007-01-501CX-NONPROFIT-PX,2007-01,Other Descriptive Info,Character,35,Sort Name (Secondary name),Secondary organization name
LEVEL1,LEVEL1,BMF-2007-01-501CX-NONPROFIT-PX,2007-01,Other Classification,Character,35,Public charity or priv. fndn?,Public charity or private foundation?
LEVEL2,LEVEL2,BMF-2007-01-501CX-NONPROFIT-PX,2007-01,Other Classification,Character,35,Reporting public charity group,Reporting public charity groups.
level3,LEVEL3,BMF-2007-01-501CX-NONPROFIT-PX,2007-01,Other Classification,Character,35,Major NTEE category,Major NTEE category
level4,LEVEL4,BMF-2007-01-501CX-NONPROFIT-PX,2007-01,Other Classification,Character,35,NTEE-CC Major Group,NTEE-CC Major Group
NAICS,NAICS,BMF-2007-01-501CX-NONPROFIT-PX,2007-01,Other Classification,Character,6,NAICS,NAICS Code
accper,ACCPER,BMF-2007-01-501CX-NONPROFIT-PX,2007-01,Miscellaneous,Character,2,Accounting period (MM),Accounting period
RandNum,RANDNUM,BMF-2007-01-501CX-NONPROFIT-PX,2007-01,Miscellaneous,Numeric,2,Random number between 0 and 1,Random number between 0 and 1 used for creating samples
EIN,EIN,BMF-2007-04-501CX-NONPROFIT-PX,2007-04,Basic Info,Character,9,Employer Identification Number,Employer identification number.
NAME,NAME,BMF-2007-04-501CX-NONPROFIT-PX,2007-04,Basic Info,Character,60,Name of organization,Organization name.
STATE,STATE,BMF-2007-04-501CX-NONPROFIT-PX,2007-04,Basic Info,Character,2,State,Two-letter state abbreviation.
NTEE1,NTEE1,BMF-2007-04-501CX-NONPROFIT-PX,2007-04,Basic Info,Character,2,NTEE major group,NTEE major group (A-Z)
NTEECC,NTEECC,BMF-2007-04-501CX-NONPROFIT-PX,2007-04,Basic Info,Character,4,NTEECC primary purpose,NTEECC classification
CITY,CITY,BMF-2007-04-501CX-NONPROFIT-PX,2007-04,Basic Info,Character,22,City,City
zip5,ZIP5,BMF-2007-04-501CX-NONPROFIT-PX,2007-04,Basic Info,Character,5,"Zip code, 5 digits",First 5 digits of zip code
FIPS,FIPS,BMF-2007-04-501CX-NONPROFIT-PX,2007-04,Basic Info,Character,5,State + County FIPS code,2-digit State + 3-digit County FIPS code (Federal Information Processing Standard). See also U.S. Census Bureau State & County QuickFacts .
MSA_NECH,MSA_NECH,BMF-2007-04-501CX-NONPROFIT-PX,2007-04,Basic Info,Character,4,Metropolitan Statistical Area,Metropolitan Statistical Area (NCCS file) ( list )
PMSA,PMSA,BMF-2007-04-501CX-NONPROFIT-PX,2007-04,Basic Info,Character,4,Primary MSA,Primary Metropolitan Statistical Area
TAXPER,TAXPER,BMF-2007-04-501CX-NONPROFIT-PX,2007-04,Basic Info,Character,20,Ending date for tax period,"Ending date for tax period of financial data. Core files for 1997 on are in ""yyyymm"" format (199412=Dec. 1994). Earlier years use 2-digit year (""9412"")."
outnccs,OUTNCCS,BMF-2007-04-501CX-NONPROFIT-PX,2007-04,Basic Info,Character,20,Out of Scope flag,Out-of-scope (IN/OUT) (see OUTREAS doc. for details)
OUTREAS,OUTREAS,BMF-2007-04-501CX-NONPROFIT-PX,2007-04,Basic Info,Character,20,Reason why out of scope,Reason why out of scope
Filer,FILER,BMF-2007-04-501CX-NONPROFIT-PX,2007-04,Basic Info,Character,20,990 filing w/n 2 years? (Y/N),Filed 990 return within 24 months of BMF file? (Y/N)
ZFiler,ZFILER,BMF-2007-04-501CX-NONPROFIT-PX,2007-04,Basic Info,Character,20,990 filing $0 inc/assets w/n 2 years? (Y/N),"Filed 990 return with zero income and assets within 24 months of BMF file? (Y/N) - Beginning 2008, over 95% of 'zero filers' (ZFiler=Y) filed Form 990-N (e-Postcard) for tax years ending on or after December 31, 2007."
SUBSECCD,SUBSECCD,BMF-2007-04-501CX-NONPROFIT-PX,2007-04,Classification,Character,20,Subsection code,"IRS subsection code (03=501(c)(3), etc.)"
ntmaj5,NTMAJ5,BMF-2007-04-501CX-NONPROFIT-PX,2007-04,Classification,Character,20,Major subsector,Major subsector (5)
ntmaj10,NTMAJ10,BMF-2007-04-501CX-NONPROFIT-PX,2007-04,Classification,Character,20,NTEE major group (10),10 NTEE major groups
ntmaj12,NTMAJ12,BMF-2007-04-501CX-NONPROFIT-PX,2007-04,Classification,Character,20,NTEE major group (12),12 NTEE major groups: ntmaj10 plus higher education (BH) and hospitals (EH)
NTEEconf,NTEECONF,BMF-2007-04-501CX-NONPROFIT-PX,2007-04,Classification,Character,1,NTEE confidence rating,NTEE classification confidence rating (A/B/C)
MAJGRPB,MAJGRPB,BMF-2007-04-501CX-NONPROFIT-PX,2007-04,Classification,Character,1,Major NTEE group,Major NTEE group plus hospitals and higher education
INCOME,INCOME,BMF-2007-04-501CX-NONPROFIT-PX,2007-04,Financial Info,Numeric,1,Gross receipts,Gross receipts from most recently filed Form 990
ASSETS,ASSETS,BMF-2007-04-501CX-NONPROFIT-PX,2007-04,Financial Info,Numeric,1,"Total assets, end of year",Total assets (end of year) from most recent Form 990
cFiler,CFILER,BMF-2007-04-501CX-NONPROFIT-PX,2007-04,NCCS Financial Info,Character,1,990 filing w/n 2 years? (Y/N),Filed 990 return within 24 months of BMF file date? (Y/N)
cZFiler,CZFILER,BMF-2007-04-501CX-NONPROFIT-PX,2007-04,NCCS Financial Info,Character,1,990 filing $0 inc/assets w/n 2 years? (Y/N),"Filed 990 return with zero income and assets within 24 months of BMF file? (Y/N) - Beginning 2008, over 95% of 'zero filers' (cZFiler=Y) filed Form 990-N (e-Postcard) for tax years ending on or after December 31, 2007."
cTaxPer,CTAXPER,BMF-2007-04-501CX-NONPROFIT-PX,2007-04,NCCS Financial Info,Character,6,Ending date for tax period,Ending date for tax period of NCCS financial data in yyyymm format.
cTotRev,CTOTREV,BMF-2007-04-501CX-NONPROFIT-PX,2007-04,NCCS Financial Info,Numeric,6,Total Revenue,"Total Revenue from most recent Form 990 (Part I, line 12 on Form 990; Part I, line 9 on Form 990-EZ; or Part I, line 12(a) on Form 990-PF)"
cAssets,CASSETS,BMF-2007-04-501CX-NONPROFIT-PX,2007-04,NCCS Financial Info,Numeric,6,"Total Assets, BV End of Year","Total Assets (Book Value at end of year) from most recent Form 990 (Part IV, line 59(B) on Form 990; Part II, line 25(B) on Form 990-EZ; or Part II, line 16(b) on Form 990-PF)"
cFinSrc,CFINSRC,BMF-2007-04-501CX-NONPROFIT-PX,2007-04,NCCS Financial Info,Character,10,Source of NCCS Financial Data,Source of financial data added by NCCS (primarily the most recent Form 990 filing as of BMF date from NCCS Core files)
RULEDATE,RULEDATE,BMF-2007-04-501CX-NONPROFIT-PX,2007-04,Other Descriptive Info,Character,6,Ruling date (YYYYMM) from IRS,Ruling date: year and month of IRS ruling or determination letter recognizing orgs exempt status (YYYYMM)
FNDNCD,FNDNCD,BMF-2007-04-501CX-NONPROFIT-PX,2007-04,Other Descriptive Info,Character,6,Reason for 501(c)(3) status,"Reason for & type of 501(c)(3) exempt status including codes for operating and grantmaking foundations, and broad type of public charity"
SEC_NAME,SEC_NAME,BMF-2007-04-501CX-NONPROFIT-PX,2007-04,Other Descriptive Info,Character,35,Sort Name (Secondary name),Secondary organization name
LEVEL1,LEVEL1,BMF-2007-04-501CX-NONPROFIT-PX,2007-04,Other Classification,Character,35,Public charity or priv. fndn?,Public charity or private foundation?
LEVEL2,LEVEL2,BMF-2007-04-501CX-NONPROFIT-PX,2007-04,Other Classification,Character,35,Reporting public charity group,Reporting public charity groups.
level3,LEVEL3,BMF-2007-04-501CX-NONPROFIT-PX,2007-04,Other Classification,Character,35,Major NTEE category,Major NTEE category
level4,LEVEL4,BMF-2007-04-501CX-NONPROFIT-PX,2007-04,Other Classification,Character,35,NTEE-CC Major Group,NTEE-CC Major Group
NAICS,NAICS,BMF-2007-04-501CX-NONPROFIT-PX,2007-04,Other Classification,Character,6,NAICS,NAICS Code
RandNum,RANDNUM,BMF-2007-04-501CX-NONPROFIT-PX,2007-04,Miscellaneous,Numeric,6,Random number between 0 and 1,Random number between 0 and 1 used for creating samples
accper,ACCPER,BMF-2007-04-501CX-NONPROFIT-PX,2007-04,Miscellaneous,Character,2,Accounting period (MM),Accounting period
EIN,EIN,BMF-2007-09-501CX-NONPROFIT-PX,2007-09,Basic Info,Character,9,Employer Identification Number,Employer identification number.
NAME,NAME,BMF-2007-09-501CX-NONPROFIT-PX,2007-09,Basic Info,Character,60,Name of organization,Organization name.
STATE,STATE,BMF-2007-09-501CX-NONPROFIT-PX,2007-09,Basic Info,Character,2,State,Two-letter state abbreviation.
NTEE1,NTEE1,BMF-2007-09-501CX-NONPROFIT-PX,2007-09,Basic Info,Character,2,NTEE major group,NTEE major group (A-Z)
NTEECC,NTEECC,BMF-2007-09-501CX-NONPROFIT-PX,2007-09,Basic Info,Character,4,NTEECC primary purpose,NTEECC classification
CITY,CITY,BMF-2007-09-501CX-NONPROFIT-PX,2007-09,Basic Info,Character,22,City,City
zip5,ZIP5,BMF-2007-09-501CX-NONPROFIT-PX,2007-09,Basic Info,Character,5,"Zip code, 5 digits",First 5 digits of zip code
FIPS,FIPS,BMF-2007-09-501CX-NONPROFIT-PX,2007-09,Basic Info,Character,5,State + County FIPS code,2-digit State + 3-digit County FIPS code (Federal Information Processing Standard). See also U.S. Census Bureau State & County QuickFacts .
MSA_NECH,MSA_NECH,BMF-2007-09-501CX-NONPROFIT-PX,2007-09,Basic Info,Character,4,Metropolitan Statistical Area,Metropolitan Statistical Area (NCCS file) ( list )
PMSA,PMSA,BMF-2007-09-501CX-NONPROFIT-PX,2007-09,Basic Info,Character,4,Primary MSA,Primary Metropolitan Statistical Area
TAXPER,TAXPER,BMF-2007-09-501CX-NONPROFIT-PX,2007-09,Basic Info,Character,20,Ending date for tax period,"Ending date for tax period of financial data. Core files for 1997 on are in ""yyyymm"" format (199412=Dec. 1994). Earlier years use 2-digit year (""9412"")."
outnccs,OUTNCCS,BMF-2007-09-501CX-NONPROFIT-PX,2007-09,Basic Info,Character,20,Out of Scope flag,Out-of-scope (IN/OUT) (see OUTREAS doc. for details)
OUTREAS,OUTREAS,BMF-2007-09-501CX-NONPROFIT-PX,2007-09,Basic Info,Character,20,Reason why out of scope,Reason why out of scope
Filer,FILER,BMF-2007-09-501CX-NONPROFIT-PX,2007-09,Basic Info,Character,20,990 filing w/n 2 years? (Y/N),Filed 990 return within 24 months of BMF file? (Y/N)
ZFiler,ZFILER,BMF-2007-09-501CX-NONPROFIT-PX,2007-09,Basic Info,Character,20,990 filing $0 inc/assets w/n 2 years? (Y/N),"Filed 990 return with zero income and assets within 24 months of BMF file? (Y/N) - Beginning 2008, over 95% of 'zero filers' (ZFiler=Y) filed Form 990-N (e-Postcard) for tax years ending on or after December 31, 2007."
SUBSECCD,SUBSECCD,BMF-2007-09-501CX-NONPROFIT-PX,2007-09,Classification,Character,20,Subsection code,"IRS subsection code (03=501(c)(3), etc.)"
ntmaj5,NTMAJ5,BMF-2007-09-501CX-NONPROFIT-PX,2007-09,Classification,Character,20,Major subsector,Major subsector (5)
ntmaj10,NTMAJ10,BMF-2007-09-501CX-NONPROFIT-PX,2007-09,Classification,Character,20,NTEE major group (10),10 NTEE major groups
ntmaj12,NTMAJ12,BMF-2007-09-501CX-NONPROFIT-PX,2007-09,Classification,Character,20,NTEE major group (12),12 NTEE major groups: ntmaj10 plus higher education (BH) and hospitals (EH)
NTEEconf,NTEECONF,BMF-2007-09-501CX-NONPROFIT-PX,2007-09,Classification,Character,1,NTEE confidence rating,NTEE classification confidence rating (A/B/C)
MAJGRPB,MAJGRPB,BMF-2007-09-501CX-NONPROFIT-PX,2007-09,Classification,Character,1,Major NTEE group,Major NTEE group plus hospitals and higher education
INCOME,INCOME,BMF-2007-09-501CX-NONPROFIT-PX,2007-09,Financial Info,Numeric,1,Gross receipts,Gross receipts from most recently filed Form 990
ASSETS,ASSETS,BMF-2007-09-501CX-NONPROFIT-PX,2007-09,Financial Info,Numeric,1,"Total assets, end of year",Total assets (end of year) from most recent Form 990
cFiler,CFILER,BMF-2007-09-501CX-NONPROFIT-PX,2007-09,NCCS Financial Info,Character,1,990 filing w/n 2 years? (Y/N),Filed 990 return within 24 months of BMF file date? (Y/N)
cZFiler,CZFILER,BMF-2007-09-501CX-NONPROFIT-PX,2007-09,NCCS Financial Info,Character,1,990 filing $0 inc/assets w/n 2 years? (Y/N),"Filed 990 return with zero income and assets within 24 months of BMF file? (Y/N) - Beginning 2008, over 95% of 'zero filers' (cZFiler=Y) filed Form 990-N (e-Postcard) for tax years ending on or after December 31, 2007."
cTaxPer,CTAXPER,BMF-2007-09-501CX-NONPROFIT-PX,2007-09,NCCS Financial Info,Character,6,Ending date for tax period,Ending date for tax period of NCCS financial data in yyyymm format.
cTotRev,CTOTREV,BMF-2007-09-501CX-NONPROFIT-PX,2007-09,NCCS Financial Info,Numeric,6,Total Revenue,"Total Revenue from most recent Form 990 (Part I, line 12 on Form 990; Part I, line 9 on Form 990-EZ; or Part I, line 12(a) on Form 990-PF)"
cAssets,CASSETS,BMF-2007-09-501CX-NONPROFIT-PX,2007-09,NCCS Financial Info,Numeric,6,"Total Assets, BV End of Year","Total Assets (Book Value at end of year) from most recent Form 990 (Part IV, line 59(B) on Form 990; Part II, line 25(B) on Form 990-EZ; or Part II, line 16(b) on Form 990-PF)"
cFinSrc,CFINSRC,BMF-2007-09-501CX-NONPROFIT-PX,2007-09,NCCS Financial Info,Character,10,Source of NCCS Financial Data,Source of financial data added by NCCS (primarily the most recent Form 990 filing as of BMF date from NCCS Core files)
RULEDATE,RULEDATE,BMF-2007-09-501CX-NONPROFIT-PX,2007-09,Other Descriptive Info,Character,6,Ruling date (YYYYMM) from IRS,Ruling date: year and month of IRS ruling or determination letter recognizing orgs exempt status (YYYYMM)
FNDNCD,FNDNCD,BMF-2007-09-501CX-NONPROFIT-PX,2007-09,Other Descriptive Info,Character,6,Reason for 501(c)(3) status,"Reason for & type of 501(c)(3) exempt status including codes for operating and grantmaking foundations, and broad type of public charity"
SEC_NAME,SEC_NAME,BMF-2007-09-501CX-NONPROFIT-PX,2007-09,Other Descriptive Info,Character,35,Sort Name (Secondary name),Secondary organization name
LEVEL1,LEVEL1,BMF-2007-09-501CX-NONPROFIT-PX,2007-09,Other Classification,Character,35,Public charity or priv. fndn?,Public charity or private foundation?
LEVEL2,LEVEL2,BMF-2007-09-501CX-NONPROFIT-PX,2007-09,Other Classification,Character,35,Reporting public charity group,Reporting public charity groups.
level3,LEVEL3,BMF-2007-09-501CX-NONPROFIT-PX,2007-09,Other Classification,Character,35,Major NTEE category,Major NTEE category
level4,LEVEL4,BMF-2007-09-501CX-NONPROFIT-PX,2007-09,Other Classification,Character,35,NTEE-CC Major Group,NTEE-CC Major Group
NAICS,NAICS,BMF-2007-09-501CX-NONPROFIT-PX,2007-09,Other Classification,Character,6,NAICS,NAICS Code
RandNum,RANDNUM,BMF-2007-09-501CX-NONPROFIT-PX,2007-09,Miscellaneous,Numeric,6,Random number between 0 and 1,Random number between 0 and 1 used for creating samples
accper,ACCPER,BMF-2007-09-501CX-NONPROFIT-PX,2007-09,Miscellaneous,Character,2,Accounting period (MM),Accounting period
EIN,EIN,BMF-2008-01-501CX-NONPROFIT-PX,2008-01,Basic Info,Character,9,Employer Identification Number,Employer identification number.
NAME,NAME,BMF-2008-01-501CX-NONPROFIT-PX,2008-01,Basic Info,Character,60,Name of organization,Organization name.
STATE,STATE,BMF-2008-01-501CX-NONPROFIT-PX,2008-01,Basic Info,Character,2,State,Two-letter state abbreviation.
NTEE1,NTEE1,BMF-2008-01-501CX-NONPROFIT-PX,2008-01,Basic Info,Character,2,NTEE major group,NTEE major group (A-Z)
NTEECC,NTEECC,BMF-2008-01-501CX-NONPROFIT-PX,2008-01,Basic Info,Character,4,NTEECC primary purpose,NTEECC classification
CITY,CITY,BMF-2008-01-501CX-NONPROFIT-PX,2008-01,Basic Info,Character,22,City,City
zip5,ZIP5,BMF-2008-01-501CX-NONPROFIT-PX,2008-01,Basic Info,Character,5,"Zip code, 5 digits",First 5 digits of zip code
FIPS,FIPS,BMF-2008-01-501CX-NONPROFIT-PX,2008-01,Basic Info,Character,5,State + County FIPS code,2-digit State + 3-digit County FIPS code (Federal Information Processing Standard). See also U.S. Census Bureau State & County QuickFacts .
MSA_NECH,MSA_NECH,BMF-2008-01-501CX-NONPROFIT-PX,2008-01,Basic Info,Character,4,Metropolitan Statistical Area,Metropolitan Statistical Area (NCCS file) ( list )
PMSA,PMSA,BMF-2008-01-501CX-NONPROFIT-PX,2008-01,Basic Info,Character,4,Primary MSA,Primary Metropolitan Statistical Area
TAXPER,TAXPER,BMF-2008-01-501CX-NONPROFIT-PX,2008-01,Basic Info,Character,20,Ending date for tax period,"Ending date for tax period of financial data. Core files for 1997 on are in ""yyyymm"" format (199412=Dec. 1994). Earlier years use 2-digit year (""9412"")."
outnccs,OUTNCCS,BMF-2008-01-501CX-NONPROFIT-PX,2008-01,Basic Info,Character,20,Out of Scope flag,Out-of-scope (IN/OUT) (see OUTREAS doc. for details)
OUTREAS,OUTREAS,BMF-2008-01-501CX-NONPROFIT-PX,2008-01,Basic Info,Character,20,Reason why out of scope,Reason why out of scope
Filer,FILER,BMF-2008-01-501CX-NONPROFIT-PX,2008-01,Basic Info,Character,20,990 filing w/n 2 years? (Y/N),Filed 990 return within 24 months of BMF file? (Y/N)
ZFiler,ZFILER,BMF-2008-01-501CX-NONPROFIT-PX,2008-01,Basic Info,Character,20,990 filing $0 inc/assets w/n 2 years? (Y/N),"Filed 990 return with zero income and assets within 24 months of BMF file? (Y/N) - Beginning 2008, over 95% of 'zero filers' (ZFiler=Y) filed Form 990-N (e-Postcard) for tax years ending on or after December 31, 2007."
SUBSECCD,SUBSECCD,BMF-2008-01-501CX-NONPROFIT-PX,2008-01,Classification,Character,20,Subsection code,"IRS subsection code (03=501(c)(3), etc.)"
ntmaj5,NTMAJ5,BMF-2008-01-501CX-NONPROFIT-PX,2008-01,Classification,Character,20,Major subsector,Major subsector (5)
ntmaj10,NTMAJ10,BMF-2008-01-501CX-NONPROFIT-PX,2008-01,Classification,Character,20,NTEE major group (10),10 NTEE major groups
ntmaj12,NTMAJ12,BMF-2008-01-501CX-NONPROFIT-PX,2008-01,Classification,Character,20,NTEE major group (12),12 NTEE major groups: ntmaj10 plus higher education (BH) and hospitals (EH)
NTEEconf,NTEECONF,BMF-2008-01-501CX-NONPROFIT-PX,2008-01,Classification,Character,1,NTEE confidence rating,NTEE classification confidence rating (A/B/C)
MAJGRPB,MAJGRPB,BMF-2008-01-501CX-NONPROFIT-PX,2008-01,Classification,Character,1,Major NTEE group,Major NTEE group plus hospitals and higher education
INCOME,INCOME,BMF-2008-01-501CX-NONPROFIT-PX,2008-01,Financial Info,Numeric,1,Gross receipts,Gross receipts from most recently filed Form 990
ASSETS,ASSETS,BMF-2008-01-501CX-NONPROFIT-PX,2008-01,Financial Info,Numeric,1,"Total assets, end of year",Total assets (end of year) from most recent Form 990
cFiler,CFILER,BMF-2008-01-501CX-NONPROFIT-PX,2008-01,NCCS Financial Info,Character,1,990 filing w/n 2 years? (Y/N),Filed 990 return within 24 months of BMF file date? (Y/N)
cZFiler,CZFILER,BMF-2008-01-501CX-NONPROFIT-PX,2008-01,NCCS Financial Info,Character,1,990 filing $0 inc/assets w/n 2 years? (Y/N),"Filed 990 return with zero income and assets within 24 months of BMF file? (Y/N) - Beginning 2008, over 95% of 'zero filers' (cZFiler=Y) filed Form 990-N (e-Postcard) for tax years ending on or after December 31, 2007."
cTaxPer,CTAXPER,BMF-2008-01-501CX-NONPROFIT-PX,2008-01,NCCS Financial Info,Character,6,Ending date for tax period,Ending date for tax period of NCCS financial data in yyyymm format.
cTotRev,CTOTREV,BMF-2008-01-501CX-NONPROFIT-PX,2008-01,NCCS Financial Info,Numeric,6,Total Revenue,"Total Revenue from most recent Form 990 (Part I, line 12 on Form 990; Part I, line 9 on Form 990-EZ; or Part I, line 12(a) on Form 990-PF)"
cAssets,CASSETS,BMF-2008-01-501CX-NONPROFIT-PX,2008-01,NCCS Financial Info,Numeric,6,"Total Assets, BV End of Year","Total Assets (Book Value at end of year) from most recent Form 990 (Part IV, line 59(B) on Form 990; Part II, line 25(B) on Form 990-EZ; or Part II, line 16(b) on Form 990-PF)"
cFinSrc,CFINSRC,BMF-2008-01-501CX-NONPROFIT-PX,2008-01,NCCS Financial Info,Character,10,Source of NCCS Financial Data,Source of financial data added by NCCS (primarily the most recent Form 990 filing as of BMF date from NCCS Core files)
RULEDATE,RULEDATE,BMF-2008-01-501CX-NONPROFIT-PX,2008-01,Other Descriptive Info,Character,6,Ruling date (YYYYMM) from IRS,Ruling date: year and month of IRS ruling or determination letter recognizing orgs exempt status (YYYYMM)
FNDNCD,FNDNCD,BMF-2008-01-501CX-NONPROFIT-PX,2008-01,Other Descriptive Info,Character,6,Reason for 501(c)(3) status,"Reason for & type of 501(c)(3) exempt status including codes for operating and grantmaking foundations, and broad type of public charity"
SEC_NAME,SEC_NAME,BMF-2008-01-501CX-NONPROFIT-PX,2008-01,Other Descriptive Info,Character,35,Sort Name (Secondary name),Secondary organization name
LEVEL1,LEVEL1,BMF-2008-01-501CX-NONPROFIT-PX,2008-01,Other Classification,Character,35,Public charity or priv. fndn?,Public charity or private foundation?
LEVEL2,LEVEL2,BMF-2008-01-501CX-NONPROFIT-PX,2008-01,Other Classification,Character,35,Reporting public charity group,Reporting public charity groups.
level3,LEVEL3,BMF-2008-01-501CX-NONPROFIT-PX,2008-01,Other Classification,Character,35,Major NTEE category,Major NTEE category
level4,LEVEL4,BMF-2008-01-501CX-NONPROFIT-PX,2008-01,Other Classification,Character,35,NTEE-CC Major Group,NTEE-CC Major Group
NAICS,NAICS,BMF-2008-01-501CX-NONPROFIT-PX,2008-01,Other Classification,Character,6,NAICS,NAICS Code
ACCPER,ACCPER,BMF-2008-01-501CX-NONPROFIT-PX,2008-01,Miscellaneous,Character,2,Accounting period (MM),Accounting period
RandNum,RANDNUM,BMF-2008-01-501CX-NONPROFIT-PX,2008-01,Miscellaneous,Numeric,2,Random number between 0 and 1,Random number between 0 and 1 used for creating samples
EIN,EIN,BMF-2008-04-501CX-NONPROFIT-PX,2008-04,Basic Info,Character,9,Employer Identification Number,Employer identification number.
NAME,NAME,BMF-2008-04-501CX-NONPROFIT-PX,2008-04,Basic Info,Character,60,Name of organization,Organization name.
STATE,STATE,BMF-2008-04-501CX-NONPROFIT-PX,2008-04,Basic Info,Character,2,State,Two-letter state abbreviation.
NTEE1,NTEE1,BMF-2008-04-501CX-NONPROFIT-PX,2008-04,Basic Info,Character,2,NTEE major group,NTEE major group (A-Z)
NTEECC,NTEECC,BMF-2008-04-501CX-NONPROFIT-PX,2008-04,Basic Info,Character,4,NTEECC primary purpose,NTEECC classification
CITY,CITY,BMF-2008-04-501CX-NONPROFIT-PX,2008-04,Basic Info,Character,22,City,City
zip5,ZIP5,BMF-2008-04-501CX-NONPROFIT-PX,2008-04,Basic Info,Character,5,"Zip code, 5 digits",First 5 digits of zip code
FIPS,FIPS,BMF-2008-04-501CX-NONPROFIT-PX,2008-04,Basic Info,Character,5,State + County FIPS code,2-digit State + 3-digit County FIPS code (Federal Information Processing Standard). See also U.S. Census Bureau State & County QuickFacts .
MSA_NECH,MSA_NECH,BMF-2008-04-501CX-NONPROFIT-PX,2008-04,Basic Info,Character,4,Metropolitan Statistical Area,Metropolitan Statistical Area (NCCS file) ( list )
PMSA,PMSA,BMF-2008-04-501CX-NONPROFIT-PX,2008-04,Basic Info,Character,4,Primary MSA,Primary Metropolitan Statistical Area
TAXPER,TAXPER,BMF-2008-04-501CX-NONPROFIT-PX,2008-04,Basic Info,Character,20,Ending date for tax period,"Ending date for tax period of financial data. Core files for 1997 on are in ""yyyymm"" format (199412=Dec. 1994). Earlier years use 2-digit year (""9412"")."
outnccs,OUTNCCS,BMF-2008-04-501CX-NONPROFIT-PX,2008-04,Basic Info,Character,20,Out of Scope flag,Out-of-scope (IN/OUT) (see OUTREAS doc. for details)
OUTREAS,OUTREAS,BMF-2008-04-501CX-NONPROFIT-PX,2008-04,Basic Info,Character,20,Reason why out of scope,Reason why out of scope
Filer,FILER,BMF-2008-04-501CX-NONPROFIT-PX,2008-04,Basic Info,Character,20,990 filing w/n 2 years? (Y/N),Filed 990 return within 24 months of BMF file? (Y/N)
ZFiler,ZFILER,BMF-2008-04-501CX-NONPROFIT-PX,2008-04,Basic Info,Character,20,990 filing $0 inc/assets w/n 2 years? (Y/N),"Filed 990 return with zero income and assets within 24 months of BMF file? (Y/N) - Beginning 2008, over 95% of 'zero filers' (ZFiler=Y) filed Form 990-N (e-Postcard) for tax years ending on or after December 31, 2007."
SUBSECCD,SUBSECCD,BMF-2008-04-501CX-NONPROFIT-PX,2008-04,Classification,Character,20,Subsection code,"IRS subsection code (03=501(c)(3), etc.)"
ntmaj5,NTMAJ5,BMF-2008-04-501CX-NONPROFIT-PX,2008-04,Classification,Character,20,Major subsector,Major subsector (5)
ntmaj10,NTMAJ10,BMF-2008-04-501CX-NONPROFIT-PX,2008-04,Classification,Character,20,NTEE major group (10),10 NTEE major groups
ntmaj12,NTMAJ12,BMF-2008-04-501CX-NONPROFIT-PX,2008-04,Classification,Character,20,NTEE major group (12),12 NTEE major groups: ntmaj10 plus higher education (BH) and hospitals (EH)
NTEEconf,NTEECONF,BMF-2008-04-501CX-NONPROFIT-PX,2008-04,Classification,Character,1,NTEE confidence rating,NTEE classification confidence rating (A/B/C)
MAJGRPB,MAJGRPB,BMF-2008-04-501CX-NONPROFIT-PX,2008-04,Classification,Character,1,Major NTEE group,Major NTEE group plus hospitals and higher education
INCOME,INCOME,BMF-2008-04-501CX-NONPROFIT-PX,2008-04,Financial Info,Numeric,1,Gross receipts,Gross receipts from most recently filed Form 990
ASSETS,ASSETS,BMF-2008-04-501CX-NONPROFIT-PX,2008-04,Financial Info,Numeric,1,"Total assets, end of year",Total assets (end of year) from most recent Form 990
cFiler,CFILER,BMF-2008-04-501CX-NONPROFIT-PX,2008-04,NCCS Financial Info,Character,1,990 filing w/n 2 years? (Y/N),Filed 990 return within 24 months of BMF file date? (Y/N)
cZFiler,CZFILER,BMF-2008-04-501CX-NONPROFIT-PX,2008-04,NCCS Financial Info,Character,1,990 filing $0 inc/assets w/n 2 years? (Y/N),"Filed 990 return with zero income and assets within 24 months of BMF file? (Y/N) - Beginning 2008, over 95% of 'zero filers' (cZFiler=Y) filed Form 990-N (e-Postcard) for tax years ending on or after December 31, 2007."
cTaxPer,CTAXPER,BMF-2008-04-501CX-NONPROFIT-PX,2008-04,NCCS Financial Info,Character,6,Ending date for tax period,Ending date for tax period of NCCS financial data in yyyymm format.
cTotRev,CTOTREV,BMF-2008-04-501CX-NONPROFIT-PX,2008-04,NCCS Financial Info,Numeric,6,Total Revenue,"Total Revenue from most recent Form 990 (Part I, line 12 on Form 990; Part I, line 9 on Form 990-EZ; or Part I, line 12(a) on Form 990-PF)"
cAssets,CASSETS,BMF-2008-04-501CX-NONPROFIT-PX,2008-04,NCCS Financial Info,Numeric,6,"Total Assets, BV End of Year","Total Assets (Book Value at end of year) from most recent Form 990 (Part IV, line 59(B) on Form 990; Part II, line 25(B) on Form 990-EZ; or Part II, line 16(b) on Form 990-PF)"
cFinSrc,CFINSRC,BMF-2008-04-501CX-NONPROFIT-PX,2008-04,NCCS Financial Info,Character,10,Source of NCCS Financial Data,Source of financial data added by NCCS (primarily the most recent Form 990 filing as of BMF date from NCCS Core files)
RULEDATE,RULEDATE,BMF-2008-04-501CX-NONPROFIT-PX,2008-04,Other Descriptive Info,Character,6,Ruling date (YYYYMM) from IRS,Ruling date: year and month of IRS ruling or determination letter recognizing orgs exempt status (YYYYMM)
FNDNCD,FNDNCD,BMF-2008-04-501CX-NONPROFIT-PX,2008-04,Other Descriptive Info,Character,6,Reason for 501(c)(3) status,"Reason for & type of 501(c)(3) exempt status including codes for operating and grantmaking foundations, and broad type of public charity"
SEC_NAME,SEC_NAME,BMF-2008-04-501CX-NONPROFIT-PX,2008-04,Other Descriptive Info,Character,35,Sort Name (Secondary name),Secondary organization name
LEVEL1,LEVEL1,BMF-2008-04-501CX-NONPROFIT-PX,2008-04,Other Classification,Character,35,Public charity or priv. fndn?,Public charity or private foundation?
LEVEL2,LEVEL2,BMF-2008-04-501CX-NONPROFIT-PX,2008-04,Other Classification,Character,35,Reporting public charity group,Reporting public charity groups.
level3,LEVEL3,BMF-2008-04-501CX-NONPROFIT-PX,2008-04,Other Classification,Character,35,Major NTEE category,Major NTEE category
level4,LEVEL4,BMF-2008-04-501CX-NONPROFIT-PX,2008-04,Other Classification,Character,35,NTEE-CC Major Group,NTEE-CC Major Group
NAICS,NAICS,BMF-2008-04-501CX-NONPROFIT-PX,2008-04,Other Classification,Character,6,NAICS,NAICS Code
RandNum,RANDNUM,BMF-2008-04-501CX-NONPROFIT-PX,2008-04,Miscellaneous,Numeric,6,Random number between 0 and 1,Random number between 0 and 1 used for creating samples
ACCPER,ACCPER,BMF-2008-04-501CX-NONPROFIT-PX,2008-04,Miscellaneous,Character,2,Accounting period (MM),Accounting period
EIN,EIN,BMF-2008-06-501CX-NONPROFIT-PX,2008-06,Basic Info,Character,9,Employer Identification Number,Employer identification number.
NAME,NAME,BMF-2008-06-501CX-NONPROFIT-PX,2008-06,Basic Info,Character,60,Name of organization,Organization name.
STATE,STATE,BMF-2008-06-501CX-NONPROFIT-PX,2008-06,Basic Info,Character,2,State,Two-letter state abbreviation.
NTEE1,NTEE1,BMF-2008-06-501CX-NONPROFIT-PX,2008-06,Basic Info,Character,2,NTEE major group,NTEE major group (A-Z)
NTEECC,NTEECC,BMF-2008-06-501CX-NONPROFIT-PX,2008-06,Basic Info,Character,4,NTEECC primary purpose,NTEECC classification
CITY,CITY,BMF-2008-06-501CX-NONPROFIT-PX,2008-06,Basic Info,Character,22,City,City
zip5,ZIP5,BMF-2008-06-501CX-NONPROFIT-PX,2008-06,Basic Info,Character,5,"Zip code, 5 digits",First 5 digits of zip code
FIPS,FIPS,BMF-2008-06-501CX-NONPROFIT-PX,2008-06,Basic Info,Character,5,State + County FIPS code,2-digit State + 3-digit County FIPS code (Federal Information Processing Standard). See also U.S. Census Bureau State & County QuickFacts .
MSA_NECH,MSA_NECH,BMF-2008-06-501CX-NONPROFIT-PX,2008-06,Basic Info,Character,4,Metropolitan Statistical Area,Metropolitan Statistical Area (NCCS file) ( list )
PMSA,PMSA,BMF-2008-06-501CX-NONPROFIT-PX,2008-06,Basic Info,Character,4,Primary MSA,Primary Metropolitan Statistical Area
TAXPER,TAXPER,BMF-2008-06-501CX-NONPROFIT-PX,2008-06,Basic Info,Character,20,Ending date for tax period,"Ending date for tax period of financial data. Core files for 1997 on are in ""yyyymm"" format (199412=Dec. 1994). Earlier years use 2-digit year (""9412"")."
outnccs,OUTNCCS,BMF-2008-06-501CX-NONPROFIT-PX,2008-06,Basic Info,Character,20,Out of Scope flag,Out-of-scope (IN/OUT) (see OUTREAS doc. for details)
OUTREAS,OUTREAS,BMF-2008-06-501CX-NONPROFIT-PX,2008-06,Basic Info,Character,20,Reason why out of scope,Reason why out of scope
Filer,FILER,BMF-2008-06-501CX-NONPROFIT-PX,2008-06,Basic Info,Character,20,990 filing w/n 2 years? (Y/N),Filed 990 return within 24 months of BMF file? (Y/N)
ZFiler,ZFILER,BMF-2008-06-501CX-NONPROFIT-PX,2008-06,Basic Info,Character,20,990 filing $0 inc/assets w/n 2 years? (Y/N),"Filed 990 return with zero income and assets within 24 months of BMF file? (Y/N) - Beginning 2008, over 95% of 'zero filers' (ZFiler=Y) filed Form 990-N (e-Postcard) for tax years ending on or after December 31, 2007."
SUBSECCD,SUBSECCD,BMF-2008-06-501CX-NONPROFIT-PX,2008-06,Classification,Character,20,Subsection code,"IRS subsection code (03=501(c)(3), etc.)"
ntmaj5,NTMAJ5,BMF-2008-06-501CX-NONPROFIT-PX,2008-06,Classification,Character,20,Major subsector,Major subsector (5)
ntmaj10,NTMAJ10,BMF-2008-06-501CX-NONPROFIT-PX,2008-06,Classification,Character,20,NTEE major group (10),10 NTEE major groups
ntmaj12,NTMAJ12,BMF-2008-06-501CX-NONPROFIT-PX,2008-06,Classification,Character,20,NTEE major group (12),12 NTEE major groups: ntmaj10 plus higher education (BH) and hospitals (EH)
NTEEconf,NTEECONF,BMF-2008-06-501CX-NONPROFIT-PX,2008-06,Classification,Character,1,NTEE confidence rating,NTEE classification confidence rating (A/B/C)
MAJGRPB,MAJGRPB,BMF-2008-06-501CX-NONPROFIT-PX,2008-06,Classification,Character,1,Major NTEE group,Major NTEE group plus hospitals and higher education
INCOME,INCOME,BMF-2008-06-501CX-NONPROFIT-PX,2008-06,Financial Info,Numeric,1,Gross receipts,Gross receipts from most recently filed Form 990
ASSETS,ASSETS,BMF-2008-06-501CX-NONPROFIT-PX,2008-06,Financial Info,Numeric,1,"Total assets, end of year",Total assets (end of year) from most recent Form 990
cFiler,CFILER,BMF-2008-06-501CX-NONPROFIT-PX,2008-06,NCCS Financial Info,Character,1,990 filing w/n 2 years? (Y/N),Filed 990 return within 24 months of BMF file date? (Y/N)
cZFiler,CZFILER,BMF-2008-06-501CX-NONPROFIT-PX,2008-06,NCCS Financial Info,Character,1,990 filing $0 inc/assets w/n 2 years? (Y/N),"Filed 990 return with zero income and assets within 24 months of BMF file? (Y/N) - Beginning 2008, over 95% of 'zero filers' (cZFiler=Y) filed Form 990-N (e-Postcard) for tax years ending on or after December 31, 2007."
cTaxPer,CTAXPER,BMF-2008-06-501CX-NONPROFIT-PX,2008-06,NCCS Financial Info,Character,6,Ending date for tax period,Ending date for tax period of NCCS financial data in yyyymm format.
cTotRev,CTOTREV,BMF-2008-06-501CX-NONPROFIT-PX,2008-06,NCCS Financial Info,Numeric,6,Total Revenue,"Total Revenue from most recent Form 990 (Part I, line 12 on Form 990; Part I, line 9 on Form 990-EZ; or Part I, line 12(a) on Form 990-PF)"
cAssets,CASSETS,BMF-2008-06-501CX-NONPROFIT-PX,2008-06,NCCS Financial Info,Numeric,6,"Total Assets, BV End of Year","Total Assets (Book Value at end of year) from most recent Form 990 (Part IV, line 59(B) on Form 990; Part II, line 25(B) on Form 990-EZ; or Part II, line 16(b) on Form 990-PF)"
cFinSrc,CFINSRC,BMF-2008-06-501CX-NONPROFIT-PX,2008-06,NCCS Financial Info,Character,10,Source of NCCS Financial Data,Source of financial data added by NCCS (primarily the most recent Form 990 filing as of BMF date from NCCS Core files)
RULEDATE,RULEDATE,BMF-2008-06-501CX-NONPROFIT-PX,2008-06,Other Descriptive Info,Character,6,Ruling date (YYYYMM) from IRS,Ruling date: year and month of IRS ruling or determination letter recognizing orgs exempt status (YYYYMM)
FNDNCD,FNDNCD,BMF-2008-06-501CX-NONPROFIT-PX,2008-06,Other Descriptive Info,Character,6,Reason for 501(c)(3) status,"Reason for & type of 501(c)(3) exempt status including codes for operating and grantmaking foundations, and broad type of public charity"
SEC_NAME,SEC_NAME,BMF-2008-06-501CX-NONPROFIT-PX,2008-06,Other Descriptive Info,Character,35,Sort Name (Secondary name),Secondary organization name
LEVEL1,LEVEL1,BMF-2008-06-501CX-NONPROFIT-PX,2008-06,Other Classification,Character,35,Public charity or priv. fndn?,Public charity or private foundation?
LEVEL2,LEVEL2,BMF-2008-06-501CX-NONPROFIT-PX,2008-06,Other Classification,Character,35,Reporting public charity group,Reporting public charity groups.
level3,LEVEL3,BMF-2008-06-501CX-NONPROFIT-PX,2008-06,Other Classification,Character,35,Major NTEE category,Major NTEE category
level4,LEVEL4,BMF-2008-06-501CX-NONPROFIT-PX,2008-06,Other Classification,Character,35,NTEE-CC Major Group,NTEE-CC Major Group
NAICS,NAICS,BMF-2008-06-501CX-NONPROFIT-PX,2008-06,Other Classification,Character,6,NAICS,NAICS Code
ACCPER,ACCPER,BMF-2008-06-501CX-NONPROFIT-PX,2008-06,Miscellaneous,Character,2,Accounting period (MM),Accounting period
randnum,RANDNUM,BMF-2008-06-501CX-NONPROFIT-PX,2008-06,Miscellaneous,Numeric,2,Random number between 0 and 1,Random number between 0 and 1 used for creating samples
EIN,EIN,BMF-2008-10-501CX-NONPROFIT-PX,2008-10,Basic Info,Character,9,Employer Identification Number,Employer identification number.
NAME,NAME,BMF-2008-10-501CX-NONPROFIT-PX,2008-10,Basic Info,Character,60,Name of organization,Organization name.
STATE,STATE,BMF-2008-10-501CX-NONPROFIT-PX,2008-10,Basic Info,Character,2,State,Two-letter state abbreviation.
NTEE1,NTEE1,BMF-2008-10-501CX-NONPROFIT-PX,2008-10,Basic Info,Character,2,NTEE major group,NTEE major group (A-Z)
NTEECC,NTEECC,BMF-2008-10-501CX-NONPROFIT-PX,2008-10,Basic Info,Character,4,NTEECC primary purpose,NTEECC classification
CITY,CITY,BMF-2008-10-501CX-NONPROFIT-PX,2008-10,Basic Info,Character,22,City,City
zip5,ZIP5,BMF-2008-10-501CX-NONPROFIT-PX,2008-10,Basic Info,Character,5,"Zip code, 5 digits",First 5 digits of zip code
FIPS,FIPS,BMF-2008-10-501CX-NONPROFIT-PX,2008-10,Basic Info,Character,5,State + County FIPS code,2-digit State + 3-digit County FIPS code (Federal Information Processing Standard). See also U.S. Census Bureau State & County QuickFacts .
MSA_NECH,MSA_NECH,BMF-2008-10-501CX-NONPROFIT-PX,2008-10,Basic Info,Character,4,Metropolitan Statistical Area,Metropolitan Statistical Area (NCCS file) ( list )
PMSA,PMSA,BMF-2008-10-501CX-NONPROFIT-PX,2008-10,Basic Info,Character,4,Primary MSA,Primary Metropolitan Statistical Area
TAXPER,TAXPER,BMF-2008-10-501CX-NONPROFIT-PX,2008-10,Basic Info,Character,20,Ending date for tax period,"Ending date for tax period of financial data. Core files for 1997 on are in ""yyyymm"" format (199412=Dec. 1994). Earlier years use 2-digit year (""9412"")."
outnccs,OUTNCCS,BMF-2008-10-501CX-NONPROFIT-PX,2008-10,Basic Info,Character,20,Out of Scope flag,Out-of-scope (IN/OUT) (see OUTREAS doc. for details)
OUTREAS,OUTREAS,BMF-2008-10-501CX-NONPROFIT-PX,2008-10,Basic Info,Character,20,Reason why out of scope,Reason why out of scope
Filer,FILER,BMF-2008-10-501CX-NONPROFIT-PX,2008-10,Basic Info,Character,20,990 filing w/n 2 years? (Y/N),Filed 990 return within 24 months of BMF file? (Y/N)
ZFiler,ZFILER,BMF-2008-10-501CX-NONPROFIT-PX,2008-10,Basic Info,Character,20,990 filing $0 inc/assets w/n 2 years? (Y/N),"Filed 990 return with zero income and assets within 24 months of BMF file? (Y/N) - Beginning 2008, over 95% of 'zero filers' (ZFiler=Y) filed Form 990-N (e-Postcard) for tax years ending on or after December 31, 2007."
SUBSECCD,SUBSECCD,BMF-2008-10-501CX-NONPROFIT-PX,2008-10,Classification,Character,20,Subsection code,"IRS subsection code (03=501(c)(3), etc.)"
ntmaj5,NTMAJ5,BMF-2008-10-501CX-NONPROFIT-PX,2008-10,Classification,Character,20,Major subsector,Major subsector (5)
ntmaj10,NTMAJ10,BMF-2008-10-501CX-NONPROFIT-PX,2008-10,Classification,Character,20,NTEE major group (10),10 NTEE major groups
ntmaj12,NTMAJ12,BMF-2008-10-501CX-NONPROFIT-PX,2008-10,Classification,Character,20,NTEE major group (12),12 NTEE major groups: ntmaj10 plus higher education (BH) and hospitals (EH)
NTEEconf,NTEECONF,BMF-2008-10-501CX-NONPROFIT-PX,2008-10,Classification,Character,1,NTEE confidence rating,NTEE classification confidence rating (A/B/C)
MAJGRPB,MAJGRPB,BMF-2008-10-501CX-NONPROFIT-PX,2008-10,Classification,Character,1,Major NTEE group,Major NTEE group plus hospitals and higher education
INCOME,INCOME,BMF-2008-10-501CX-NONPROFIT-PX,2008-10,Financial Info,Numeric,1,Gross receipts,Gross receipts from most recently filed Form 990
ASSETS,ASSETS,BMF-2008-10-501CX-NONPROFIT-PX,2008-10,Financial Info,Numeric,1,"Total assets, end of year",Total assets (end of year) from most recent Form 990
cFiler,CFILER,BMF-2008-10-501CX-NONPROFIT-PX,2008-10,NCCS Financial Info,Character,1,990 filing w/n 2 years? (Y/N),Filed 990 return within 24 months of BMF file date? (Y/N)
cZFiler,CZFILER,BMF-2008-10-501CX-NONPROFIT-PX,2008-10,NCCS Financial Info,Character,1,990 filing $0 inc/assets w/n 2 years? (Y/N),"Filed 990 return with zero income and assets within 24 months of BMF file? (Y/N) - Beginning 2008, over 95% of 'zero filers' (cZFiler=Y) filed Form 990-N (e-Postcard) for tax years ending on or after December 31, 2007."
cTaxPer,CTAXPER,BMF-2008-10-501CX-NONPROFIT-PX,2008-10,NCCS Financial Info,Character,6,Ending date for tax period,Ending date for tax period of NCCS financial data in yyyymm format.
cTotRev,CTOTREV,BMF-2008-10-501CX-NONPROFIT-PX,2008-10,NCCS Financial Info,Numeric,6,Total Revenue,"Total Revenue from most recent Form 990 (Part I, line 12 on Form 990; Part I, line 9 on Form 990-EZ; or Part I, line 12(a) on Form 990-PF)"
cAssets,CASSETS,BMF-2008-10-501CX-NONPROFIT-PX,2008-10,NCCS Financial Info,Numeric,6,"Total Assets, BV End of Year","Total Assets (Book Value at end of year) from most recent Form 990 (Part IV, line 59(B) on Form 990; Part II, line 25(B) on Form 990-EZ; or Part II, line 16(b) on Form 990-PF)"
cFinSrc,CFINSRC,BMF-2008-10-501CX-NONPROFIT-PX,2008-10,NCCS Financial Info,Character,10,Source of NCCS Financial Data,Source of financial data added by NCCS (primarily the most recent Form 990 filing as of BMF date from NCCS Core files)
RULEDATE,RULEDATE,BMF-2008-10-501CX-NONPROFIT-PX,2008-10,Other Descriptive Info,Character,6,Ruling date (YYYYMM) from IRS,Ruling date: year and month of IRS ruling or determination letter recognizing orgs exempt status (YYYYMM)
FNDNCD,FNDNCD,BMF-2008-10-501CX-NONPROFIT-PX,2008-10,Other Descriptive Info,Character,6,Reason for 501(c)(3) status,"Reason for & type of 501(c)(3) exempt status including codes for operating and grantmaking foundations, and broad type of public charity"
SEC_NAME,SEC_NAME,BMF-2008-10-501CX-NONPROFIT-PX,2008-10,Other Descriptive Info,Character,35,Sort Name (Secondary name),Secondary organization name
LEVEL1,LEVEL1,BMF-2008-10-501CX-NONPROFIT-PX,2008-10,Other Classification,Character,35,Public charity or priv. fndn?,Public charity or private foundation?
LEVEL2,LEVEL2,BMF-2008-10-501CX-NONPROFIT-PX,2008-10,Other Classification,Character,35,Reporting public charity group,Reporting public charity groups.
level3,LEVEL3,BMF-2008-10-501CX-NONPROFIT-PX,2008-10,Other Classification,Character,35,Major NTEE category,Major NTEE category
level4,LEVEL4,BMF-2008-10-501CX-NONPROFIT-PX,2008-10,Other Classification,Character,35,NTEE-CC Major Group,NTEE-CC Major Group
NAICS,NAICS,BMF-2008-10-501CX-NONPROFIT-PX,2008-10,Other Classification,Character,6,NAICS,NAICS Code
ACCPER,ACCPER,BMF-2008-10-501CX-NONPROFIT-PX,2008-10,Miscellaneous,Character,2,Accounting period (MM),Accounting period
randnum,RANDNUM,BMF-2008-10-501CX-NONPROFIT-PX,2008-10,Miscellaneous,Numeric,2,Random number between 0 and 1,Random number between 0 and 1 used for creating samples
EIN,EIN,BMF-2008-12-501CX-NONPROFIT-PX,2008-12,Basic Info,Character,9,Employer Identification Number,Employer identification number.
NAME,NAME,BMF-2008-12-501CX-NONPROFIT-PX,2008-12,Basic Info,Character,60,Name of organization,Organization name.
STATE,STATE,BMF-2008-12-501CX-NONPROFIT-PX,2008-12,Basic Info,Character,2,State,Two-letter state abbreviation.
NTEE1,NTEE1,BMF-2008-12-501CX-NONPROFIT-PX,2008-12,Basic Info,Character,2,NTEE major group,NTEE major group (A-Z)
NTEECC,NTEECC,BMF-2008-12-501CX-NONPROFIT-PX,2008-12,Basic Info,Character,4,NTEECC primary purpose,NTEECC classification
CITY,CITY,BMF-2008-12-501CX-NONPROFIT-PX,2008-12,Basic Info,Character,22,City,City
zip5,ZIP5,BMF-2008-12-501CX-NONPROFIT-PX,2008-12,Basic Info,Character,5,"Zip code, 5 digits",First 5 digits of zip code
FIPS,FIPS,BMF-2008-12-501CX-NONPROFIT-PX,2008-12,Basic Info,Character,5,State + County FIPS code,2-digit State + 3-digit County FIPS code (Federal Information Processing Standard). See also U.S. Census Bureau State & County QuickFacts .
MSA_NECH,MSA_NECH,BMF-2008-12-501CX-NONPROFIT-PX,2008-12,Basic Info,Character,4,Metropolitan Statistical Area,Metropolitan Statistical Area (NCCS file) ( list )
PMSA,PMSA,BMF-2008-12-501CX-NONPROFIT-PX,2008-12,Basic Info,Character,4,Primary MSA,Primary Metropolitan Statistical Area
TAXPER,TAXPER,BMF-2008-12-501CX-NONPROFIT-PX,2008-12,Basic Info,Character,20,Ending date for tax period,"Ending date for tax period of financial data. Core files for 1997 on are in ""yyyymm"" format (199412=Dec. 1994). Earlier years use 2-digit year (""9412"")."
outnccs,OUTNCCS,BMF-2008-12-501CX-NONPROFIT-PX,2008-12,Basic Info,Character,20,Out of Scope flag,Out-of-scope (IN/OUT) (see OUTREAS doc. for details)
OUTREAS,OUTREAS,BMF-2008-12-501CX-NONPROFIT-PX,2008-12,Basic Info,Character,20,Reason why out of scope,Reason why out of scope
Filer,FILER,BMF-2008-12-501CX-NONPROFIT-PX,2008-12,Basic Info,Character,20,990 filing w/n 2 years? (Y/N),Filed 990 return within 24 months of BMF file? (Y/N)
ZFiler,ZFILER,BMF-2008-12-501CX-NONPROFIT-PX,2008-12,Basic Info,Character,20,990 filing $0 inc/assets w/n 2 years? (Y/N),"Filed 990 return with zero income and assets within 24 months of BMF file? (Y/N) - Beginning 2008, over 95% of 'zero filers' (ZFiler=Y) filed Form 990-N (e-Postcard) for tax years ending on or after December 31, 2007."
SUBSECCD,SUBSECCD,BMF-2008-12-501CX-NONPROFIT-PX,2008-12,Classification,Character,20,Subsection code,"IRS subsection code (03=501(c)(3), etc.)"
ntmaj5,NTMAJ5,BMF-2008-12-501CX-NONPROFIT-PX,2008-12,Classification,Character,20,Major subsector,Major subsector (5)
ntmaj10,NTMAJ10,BMF-2008-12-501CX-NONPROFIT-PX,2008-12,Classification,Character,20,NTEE major group (10),10 NTEE major groups
ntmaj12,NTMAJ12,BMF-2008-12-501CX-NONPROFIT-PX,2008-12,Classification,Character,20,NTEE major group (12),12 NTEE major groups: ntmaj10 plus higher education (BH) and hospitals (EH)
NTEEconf,NTEECONF,BMF-2008-12-501CX-NONPROFIT-PX,2008-12,Classification,Character,1,NTEE confidence rating,NTEE classification confidence rating (A/B/C)
MAJGRPB,MAJGRPB,BMF-2008-12-501CX-NONPROFIT-PX,2008-12,Classification,Character,1,Major NTEE group,Major NTEE group plus hospitals and higher education
INCOME,INCOME,BMF-2008-12-501CX-NONPROFIT-PX,2008-12,Financial Info,Numeric,1,Gross receipts,Gross receipts from most recently filed Form 990
ASSETS,ASSETS,BMF-2008-12-501CX-NONPROFIT-PX,2008-12,Financial Info,Numeric,1,"Total assets, end of year",Total assets (end of year) from most recent Form 990
cFiler,CFILER,BMF-2008-12-501CX-NONPROFIT-PX,2008-12,NCCS Financial Info,Character,1,990 filing w/n 2 years? (Y/N),Filed 990 return within 24 months of BMF file date? (Y/N)
cZFiler,CZFILER,BMF-2008-12-501CX-NONPROFIT-PX,2008-12,NCCS Financial Info,Character,1,990 filing $0 inc/assets w/n 2 years? (Y/N),"Filed 990 return with zero income and assets within 24 months of BMF file? (Y/N) - Beginning 2008, over 95% of 'zero filers' (cZFiler=Y) filed Form 990-N (e-Postcard) for tax years ending on or after December 31, 2007."
cTaxPer,CTAXPER,BMF-2008-12-501CX-NONPROFIT-PX,2008-12,NCCS Financial Info,Character,6,Ending date for tax period,Ending date for tax period of NCCS financial data in yyyymm format.
cTotRev,CTOTREV,BMF-2008-12-501CX-NONPROFIT-PX,2008-12,NCCS Financial Info,Numeric,6,Total Revenue,"Total Revenue from most recent Form 990 (Part I, line 12 on Form 990; Part I, line 9 on Form 990-EZ; or Part I, line 12(a) on Form 990-PF)"
cAssets,CASSETS,BMF-2008-12-501CX-NONPROFIT-PX,2008-12,NCCS Financial Info,Numeric,6,"Total Assets, BV End of Year","Total Assets (Book Value at end of year) from most recent Form 990 (Part IV, line 59(B) on Form 990; Part II, line 25(B) on Form 990-EZ; or Part II, line 16(b) on Form 990-PF)"
cFinSrc,CFINSRC,BMF-2008-12-501CX-NONPROFIT-PX,2008-12,NCCS Financial Info,Character,10,Source of NCCS Financial Data,Source of financial data added by NCCS (primarily the most recent Form 990 filing as of BMF date from NCCS Core files)
RULEDATE,RULEDATE,BMF-2008-12-501CX-NONPROFIT-PX,2008-12,Other Descriptive Info,Character,6,Ruling date (YYYYMM) from IRS,Ruling date: year and month of IRS ruling or determination letter recognizing orgs exempt status (YYYYMM)
FNDNCD,FNDNCD,BMF-2008-12-501CX-NONPROFIT-PX,2008-12,Other Descriptive Info,Character,6,Reason for 501(c)(3) status,"Reason for & type of 501(c)(3) exempt status including codes for operating and grantmaking foundations, and broad type of public charity"
SEC_NAME,SEC_NAME,BMF-2008-12-501CX-NONPROFIT-PX,2008-12,Other Descriptive Info,Character,35,Sort Name (Secondary name),Secondary organization name
LEVEL1,LEVEL1,BMF-2008-12-501CX-NONPROFIT-PX,2008-12,Other Classification,Character,35,Public charity or priv. fndn?,Public charity or private foundation?
LEVEL2,LEVEL2,BMF-2008-12-501CX-NONPROFIT-PX,2008-12,Other Classification,Character,35,Reporting public charity group,Reporting public charity groups.
level3,LEVEL3,BMF-2008-12-501CX-NONPROFIT-PX,2008-12,Other Classification,Character,35,Major NTEE category,Major NTEE category
level4,LEVEL4,BMF-2008-12-501CX-NONPROFIT-PX,2008-12,Other Classification,Character,35,NTEE-CC Major Group,NTEE-CC Major Group
NAICS,NAICS,BMF-2008-12-501CX-NONPROFIT-PX,2008-12,Other Classification,Character,6,NAICS,NAICS Code
ACCPER,ACCPER,BMF-2008-12-501CX-NONPROFIT-PX,2008-12,Miscellaneous,Character,2,Accounting period (MM),Accounting period
randnum,RANDNUM,BMF-2008-12-501CX-NONPROFIT-PX,2008-12,Miscellaneous,Numeric,2,Random number between 0 and 1,Random number between 0 and 1 used for creating samples
EIN,EIN,BMF-2009-04-501CX-NONPROFIT-PX,2009-04,Basic Info,Character,9,Employer Identification Number,Employer identification number.
NAME,NAME,BMF-2009-04-501CX-NONPROFIT-PX,2009-04,Basic Info,Character,60,Name of organization,Organization name.
STATE,STATE,BMF-2009-04-501CX-NONPROFIT-PX,2009-04,Basic Info,Character,2,State,Two-letter state abbreviation.
NTEE1,NTEE1,BMF-2009-04-501CX-NONPROFIT-PX,2009-04,Basic Info,Character,2,NTEE major group,NTEE major group (A-Z)
NTEECC,NTEECC,BMF-2009-04-501CX-NONPROFIT-PX,2009-04,Basic Info,Character,4,NTEECC primary purpose,NTEECC classification
CITY,CITY,BMF-2009-04-501CX-NONPROFIT-PX,2009-04,Basic Info,Character,22,City,City
zip5,ZIP5,BMF-2009-04-501CX-NONPROFIT-PX,2009-04,Basic Info,Character,5,"Zip code, 5 digits",First 5 digits of zip code
FIPS,FIPS,BMF-2009-04-501CX-NONPROFIT-PX,2009-04,Basic Info,Character,5,State + County FIPS code,2-digit State + 3-digit County FIPS code (Federal Information Processing Standard). See also U.S. Census Bureau State & County QuickFacts .
MSA_NECH,MSA_NECH,BMF-2009-04-501CX-NONPROFIT-PX,2009-04,Basic Info,Character,4,Metropolitan Statistical Area,Metropolitan Statistical Area (NCCS file) ( list )
PMSA,PMSA,BMF-2009-04-501CX-NONPROFIT-PX,2009-04,Basic Info,Character,4,Primary MSA,Primary Metropolitan Statistical Area
TAXPER,TAXPER,BMF-2009-04-501CX-NONPROFIT-PX,2009-04,Basic Info,Character,20,Ending date for tax period,"Ending date for tax period of financial data. Core files for 1997 on are in ""yyyymm"" format (199412=Dec. 1994). Earlier years use 2-digit year (""9412"")."
outnccs,OUTNCCS,BMF-2009-04-501CX-NONPROFIT-PX,2009-04,Basic Info,Character,20,Out of Scope flag,Out-of-scope (IN/OUT) (see OUTREAS doc. for details)
OUTREAS,OUTREAS,BMF-2009-04-501CX-NONPROFIT-PX,2009-04,Basic Info,Character,20,Reason why out of scope,Reason why out of scope
Filer,FILER,BMF-2009-04-501CX-NONPROFIT-PX,2009-04,Basic Info,Character,20,990 filing w/n 2 years? (Y/N),Filed 990 return within 24 months of BMF file? (Y/N)
ZFiler,ZFILER,BMF-2009-04-501CX-NONPROFIT-PX,2009-04,Basic Info,Character,20,990 filing $0 inc/assets w/n 2 years? (Y/N),"Filed 990 return with zero income and assets within 24 months of BMF file? (Y/N) - Beginning 2008, over 95% of 'zero filers' (ZFiler=Y) filed Form 990-N (e-Postcard) for tax years ending on or after December 31, 2007."
SUBSECCD,SUBSECCD,BMF-2009-04-501CX-NONPROFIT-PX,2009-04,Classification,Character,20,Subsection code,"IRS subsection code (03=501(c)(3), etc.)"
ntmaj5,NTMAJ5,BMF-2009-04-501CX-NONPROFIT-PX,2009-04,Classification,Character,20,Major subsector,Major subsector (5)
ntmaj10,NTMAJ10,BMF-2009-04-501CX-NONPROFIT-PX,2009-04,Classification,Character,20,NTEE major group (10),10 NTEE major groups
ntmaj12,NTMAJ12,BMF-2009-04-501CX-NONPROFIT-PX,2009-04,Classification,Character,20,NTEE major group (12),12 NTEE major groups: ntmaj10 plus higher education (BH) and hospitals (EH)
NTEEconf,NTEECONF,BMF-2009-04-501CX-NONPROFIT-PX,2009-04,Classification,Character,1,NTEE confidence rating,NTEE classification confidence rating (A/B/C)
MAJGRPB,MAJGRPB,BMF-2009-04-501CX-NONPROFIT-PX,2009-04,Classification,Character,1,Major NTEE group,Major NTEE group plus hospitals and higher education
INCOME,INCOME,BMF-2009-04-501CX-NONPROFIT-PX,2009-04,Financial Info,Numeric,1,Gross receipts,Gross receipts from most recently filed Form 990
ASSETS,ASSETS,BMF-2009-04-501CX-NONPROFIT-PX,2009-04,Financial Info,Numeric,1,"Total assets, end of year",Total assets (end of year) from most recent Form 990
cFiler,CFILER,BMF-2009-04-501CX-NONPROFIT-PX,2009-04,NCCS Financial Info,Character,1,990 filing w/n 2 years? (Y/N),Filed 990 return within 24 months of BMF file date? (Y/N)
cZFiler,CZFILER,BMF-2009-04-501CX-NONPROFIT-PX,2009-04,NCCS Financial Info,Character,1,990 filing $0 inc/assets w/n 2 years? (Y/N),"Filed 990 return with zero income and assets within 24 months of BMF file? (Y/N) - Beginning 2008, over 95% of 'zero filers' (cZFiler=Y) filed Form 990-N (e-Postcard) for tax years ending on or after December 31, 2007."
cTaxPer,CTAXPER,BMF-2009-04-501CX-NONPROFIT-PX,2009-04,NCCS Financial Info,Character,6,Ending date for tax period,Ending date for tax period of NCCS financial data in yyyymm format.
cTotRev,CTOTREV,BMF-2009-04-501CX-NONPROFIT-PX,2009-04,NCCS Financial Info,Numeric,6,Total Revenue,"Total Revenue from most recent Form 990 (Part I, line 12 on Form 990; Part I, line 9 on Form 990-EZ; or Part I, line 12(a) on Form 990-PF)"
cAssets,CASSETS,BMF-2009-04-501CX-NONPROFIT-PX,2009-04,NCCS Financial Info,Numeric,6,"Total Assets, BV End of Year","Total Assets (Book Value at end of year) from most recent Form 990 (Part IV, line 59(B) on Form 990; Part II, line 25(B) on Form 990-EZ; or Part II, line 16(b) on Form 990-PF)"
cFinSrc,CFINSRC,BMF-2009-04-501CX-NONPROFIT-PX,2009-04,NCCS Financial Info,Character,10,Source of NCCS Financial Data,Source of financial data added by NCCS (primarily the most recent Form 990 filing as of BMF date from NCCS Core files)
RULEDATE,RULEDATE,BMF-2009-04-501CX-NONPROFIT-PX,2009-04,Other Descriptive Info,Character,6,Ruling date (YYYYMM) from IRS,Ruling date: year and month of IRS ruling or determination letter recognizing orgs exempt status (YYYYMM)
FNDNCD,FNDNCD,BMF-2009-04-501CX-NONPROFIT-PX,2009-04,Other Descriptive Info,Character,6,Reason for 501(c)(3) status,"Reason for & type of 501(c)(3) exempt status including codes for operating and grantmaking foundations, and broad type of public charity"
SEC_NAME,SEC_NAME,BMF-2009-04-501CX-NONPROFIT-PX,2009-04,Other Descriptive Info,Character,35,Sort Name (Secondary name),Secondary organization name
LEVEL1,LEVEL1,BMF-2009-04-501CX-NONPROFIT-PX,2009-04,Other Classification,Character,35,Public charity or priv. fndn?,Public charity or private foundation?
LEVEL2,LEVEL2,BMF-2009-04-501CX-NONPROFIT-PX,2009-04,Other Classification,Character,35,Reporting public charity group,Reporting public charity groups.
level3,LEVEL3,BMF-2009-04-501CX-NONPROFIT-PX,2009-04,Other Classification,Character,35,Major NTEE category,Major NTEE category
level4,LEVEL4,BMF-2009-04-501CX-NONPROFIT-PX,2009-04,Other Classification,Character,35,NTEE-CC Major Group,NTEE-CC Major Group
NAICS,NAICS,BMF-2009-04-501CX-NONPROFIT-PX,2009-04,Other Classification,Character,6,NAICS,NAICS Code
randnum,RANDNUM,BMF-2009-04-501CX-NONPROFIT-PX,2009-04,Miscellaneous,Numeric,6,Random number between 0 and 1,Random number between 0 and 1 used for creating samples
ACCPER,ACCPER,BMF-2009-04-501CX-NONPROFIT-PX,2009-04,Miscellaneous,Character,2,Accounting period (MM),Accounting period
EIN,EIN,BMF-2009-07-501CX-NONPROFIT-PX,2009-07,Basic Info,Character,9,Employer Identification Number,Employer identification number.
NAME,NAME,BMF-2009-07-501CX-NONPROFIT-PX,2009-07,Basic Info,Character,60,Name of organization,Organization name.
STATE,STATE,BMF-2009-07-501CX-NONPROFIT-PX,2009-07,Basic Info,Character,2,State,Two-letter state abbreviation.
NTEE1,NTEE1,BMF-2009-07-501CX-NONPROFIT-PX,2009-07,Basic Info,Character,2,NTEE major group,NTEE major group (A-Z)
NTEECC,NTEECC,BMF-2009-07-501CX-NONPROFIT-PX,2009-07,Basic Info,Character,4,NTEECC primary purpose,NTEECC classification
CITY,CITY,BMF-2009-07-501CX-NONPROFIT-PX,2009-07,Basic Info,Character,22,City,City
zip5,ZIP5,BMF-2009-07-501CX-NONPROFIT-PX,2009-07,Basic Info,Character,5,"Zip code, 5 digits",First 5 digits of zip code
FIPS,FIPS,BMF-2009-07-501CX-NONPROFIT-PX,2009-07,Basic Info,Character,5,State + County FIPS code,2-digit State + 3-digit County FIPS code (Federal Information Processing Standard). See also U.S. Census Bureau State & County QuickFacts .
MSA_NECH,MSA_NECH,BMF-2009-07-501CX-NONPROFIT-PX,2009-07,Basic Info,Character,4,Metropolitan Statistical Area,Metropolitan Statistical Area (NCCS file) ( list )
PMSA,PMSA,BMF-2009-07-501CX-NONPROFIT-PX,2009-07,Basic Info,Character,4,Primary MSA,Primary Metropolitan Statistical Area
TAXPER,TAXPER,BMF-2009-07-501CX-NONPROFIT-PX,2009-07,Basic Info,Character,20,Ending date for tax period,"Ending date for tax period of financial data. Core files for 1997 on are in ""yyyymm"" format (199412=Dec. 1994). Earlier years use 2-digit year (""9412"")."
outnccs,OUTNCCS,BMF-2009-07-501CX-NONPROFIT-PX,2009-07,Basic Info,Character,20,Out of Scope flag,Out-of-scope (IN/OUT) (see OUTREAS doc. for details)
OUTREAS,OUTREAS,BMF-2009-07-501CX-NONPROFIT-PX,2009-07,Basic Info,Character,20,Reason why out of scope,Reason why out of scope
Filer,FILER,BMF-2009-07-501CX-NONPROFIT-PX,2009-07,Basic Info,Character,20,990 filing w/n 2 years? (Y/N),Filed 990 return within 24 months of BMF file? (Y/N)
ZFiler,ZFILER,BMF-2009-07-501CX-NONPROFIT-PX,2009-07,Basic Info,Character,20,990 filing $0 inc/assets w/n 2 years? (Y/N),"Filed 990 return with zero income and assets within 24 months of BMF file? (Y/N) - Beginning 2008, over 95% of 'zero filers' (ZFiler=Y) filed Form 990-N (e-Postcard) for tax years ending on or after December 31, 2007."
SUBSECCD,SUBSECCD,BMF-2009-07-501CX-NONPROFIT-PX,2009-07,Classification,Character,20,Subsection code,"IRS subsection code (03=501(c)(3), etc.)"
ntmaj5,NTMAJ5,BMF-2009-07-501CX-NONPROFIT-PX,2009-07,Classification,Character,20,Major subsector,Major subsector (5)
ntmaj10,NTMAJ10,BMF-2009-07-501CX-NONPROFIT-PX,2009-07,Classification,Character,20,NTEE major group (10),10 NTEE major groups
ntmaj12,NTMAJ12,BMF-2009-07-501CX-NONPROFIT-PX,2009-07,Classification,Character,20,NTEE major group (12),12 NTEE major groups: ntmaj10 plus higher education (BH) and hospitals (EH)
NTEEconf,NTEECONF,BMF-2009-07-501CX-NONPROFIT-PX,2009-07,Classification,Character,1,NTEE confidence rating,NTEE classification confidence rating (A/B/C)
MAJGRPB,MAJGRPB,BMF-2009-07-501CX-NONPROFIT-PX,2009-07,Classification,Character,1,Major NTEE group,Major NTEE group plus hospitals and higher education
INCOME,INCOME,BMF-2009-07-501CX-NONPROFIT-PX,2009-07,Financial Info,Numeric,1,Gross receipts,Gross receipts from most recently filed Form 990
ASSETS,ASSETS,BMF-2009-07-501CX-NONPROFIT-PX,2009-07,Financial Info,Numeric,1,"Total assets, end of year",Total assets (end of year) from most recent Form 990
cFiler,CFILER,BMF-2009-07-501CX-NONPROFIT-PX,2009-07,NCCS Financial Info,Character,1,990 filing w/n 2 years? (Y/N),Filed 990 return within 24 months of BMF file date? (Y/N)
cZFiler,CZFILER,BMF-2009-07-501CX-NONPROFIT-PX,2009-07,NCCS Financial Info,Character,1,990 filing $0 inc/assets w/n 2 years? (Y/N),"Filed 990 return with zero income and assets within 24 months of BMF file? (Y/N) - Beginning 2008, over 95% of 'zero filers' (cZFiler=Y) filed Form 990-N (e-Postcard) for tax years ending on or after December 31, 2007."
cTaxPer,CTAXPER,BMF-2009-07-501CX-NONPROFIT-PX,2009-07,NCCS Financial Info,Character,6,Ending date for tax period,Ending date for tax period of NCCS financial data in yyyymm format.
cTotRev,CTOTREV,BMF-2009-07-501CX-NONPROFIT-PX,2009-07,NCCS Financial Info,Numeric,6,Total Revenue,"Total Revenue from most recent Form 990 (Part I, line 12 on Form 990; Part I, line 9 on Form 990-EZ; or Part I, line 12(a) on Form 990-PF)"
cAssets,CASSETS,BMF-2009-07-501CX-NONPROFIT-PX,2009-07,NCCS Financial Info,Numeric,6,"Total Assets, BV End of Year","Total Assets (Book Value at end of year) from most recent Form 990 (Part IV, line 59(B) on Form 990; Part II, line 25(B) on Form 990-EZ; or Part II, line 16(b) on Form 990-PF)"
cFinSrc,CFINSRC,BMF-2009-07-501CX-NONPROFIT-PX,2009-07,NCCS Financial Info,Character,10,Source of NCCS Financial Data,Source of financial data added by NCCS (primarily the most recent Form 990 filing as of BMF date from NCCS Core files)
RULEDATE,RULEDATE,BMF-2009-07-501CX-NONPROFIT-PX,2009-07,Other Descriptive Info,Character,6,Ruling date (YYYYMM) from IRS,Ruling date: year and month of IRS ruling or determination letter recognizing orgs exempt status (YYYYMM)
FNDNCD,FNDNCD,BMF-2009-07-501CX-NONPROFIT-PX,2009-07,Other Descriptive Info,Character,6,Reason for 501(c)(3) status,"Reason for & type of 501(c)(3) exempt status including codes for operating and grantmaking foundations, and broad type of public charity"
SEC_NAME,SEC_NAME,BMF-2009-07-501CX-NONPROFIT-PX,2009-07,Other Descriptive Info,Character,35,Sort Name (Secondary name),Secondary organization name
LEVEL1,LEVEL1,BMF-2009-07-501CX-NONPROFIT-PX,2009-07,Other Classification,Character,35,Public charity or priv. fndn?,Public charity or private foundation?
LEVEL2,LEVEL2,BMF-2009-07-501CX-NONPROFIT-PX,2009-07,Other Classification,Character,35,Reporting public charity group,Reporting public charity groups.
level3,LEVEL3,BMF-2009-07-501CX-NONPROFIT-PX,2009-07,Other Classification,Character,35,Major NTEE category,Major NTEE category
level4,LEVEL4,BMF-2009-07-501CX-NONPROFIT-PX,2009-07,Other Classification,Character,35,NTEE-CC Major Group,NTEE-CC Major Group
NAICS,NAICS,BMF-2009-07-501CX-NONPROFIT-PX,2009-07,Other Classification,Character,6,NAICS,NAICS Code
ACCPER,ACCPER,BMF-2009-07-501CX-NONPROFIT-PX,2009-07,Miscellaneous,Character,2,Accounting period (MM),Accounting period
randnum,RANDNUM,BMF-2009-07-501CX-NONPROFIT-PX,2009-07,Miscellaneous,Numeric,2,Random number between 0 and 1,Random number between 0 and 1 used for creating samples
EIN,EIN,BMF-2009-10-501CX-NONPROFIT-PX,2009-10,Basic Info,Character,9,Employer Identification Number,Employer identification number.
NAME,NAME,BMF-2009-10-501CX-NONPROFIT-PX,2009-10,Basic Info,Character,60,Name of organization,Organization name.
STATE,STATE,BMF-2009-10-501CX-NONPROFIT-PX,2009-10,Basic Info,Character,2,State,Two-letter state abbreviation.
NTEE1,NTEE1,BMF-2009-10-501CX-NONPROFIT-PX,2009-10,Basic Info,Character,2,NTEE major group,NTEE major group (A-Z)
NTEECC,NTEECC,BMF-2009-10-501CX-NONPROFIT-PX,2009-10,Basic Info,Character,4,NTEECC primary purpose,NTEECC classification
CITY,CITY,BMF-2009-10-501CX-NONPROFIT-PX,2009-10,Basic Info,Character,22,City,City
zip5,ZIP5,BMF-2009-10-501CX-NONPROFIT-PX,2009-10,Basic Info,Character,5,"Zip code, 5 digits",First 5 digits of zip code
FIPS,FIPS,BMF-2009-10-501CX-NONPROFIT-PX,2009-10,Basic Info,Character,5,State + County FIPS code,2-digit State + 3-digit County FIPS code (Federal Information Processing Standard). See also U.S. Census Bureau State & County QuickFacts .
MSA_NECH,MSA_NECH,BMF-2009-10-501CX-NONPROFIT-PX,2009-10,Basic Info,Character,4,Metropolitan Statistical Area,Metropolitan Statistical Area (NCCS file) ( list )
PMSA,PMSA,BMF-2009-10-501CX-NONPROFIT-PX,2009-10,Basic Info,Character,4,Primary MSA,Primary Metropolitan Statistical Area
TAXPER,TAXPER,BMF-2009-10-501CX-NONPROFIT-PX,2009-10,Basic Info,Character,20,Ending date for tax period,"Ending date for tax period of financial data. Core files for 1997 on are in ""yyyymm"" format (199412=Dec. 1994). Earlier years use 2-digit year (""9412"")."
outnccs,OUTNCCS,BMF-2009-10-501CX-NONPROFIT-PX,2009-10,Basic Info,Character,20,Out of Scope flag,Out-of-scope (IN/OUT) (see OUTREAS doc. for details)
OUTREAS,OUTREAS,BMF-2009-10-501CX-NONPROFIT-PX,2009-10,Basic Info,Character,20,Reason why out of scope,Reason why out of scope
Filer,FILER,BMF-2009-10-501CX-NONPROFIT-PX,2009-10,Basic Info,Character,20,990 filing w/n 2 years? (Y/N),"Filed 990 return (Form 990, Form 990-EZ, Form 990-PF, or Form 990-N) within 24 months of BMF file? (Y/N)"
ZFILER,ZFILER,BMF-2009-10-501CX-NONPROFIT-PX,2009-10,Basic Info,Character,20,990 filing $0 inc/assets w/n 2 years? (Y/N),"Filed 990 return with zero income and assets within 24 months of BMF file? (Y/N) - Beginning 2008, over 95% of 'zero filers' (ZFiler=Y) filed Form 990-N (e-Postcard) for tax years ending on or after December 31, 2007."
SUBSECCD,SUBSECCD,BMF-2009-10-501CX-NONPROFIT-PX,2009-10,Classification,Character,20,Subsection code,"IRS subsection code (03=501(c)(3), etc.)"
ntmaj5,NTMAJ5,BMF-2009-10-501CX-NONPROFIT-PX,2009-10,Classification,Character,20,Major subsector,Major subsector (5)
ntmaj10,NTMAJ10,BMF-2009-10-501CX-NONPROFIT-PX,2009-10,Classification,Character,20,NTEE major group (10),10 NTEE major groups
ntmaj12,NTMAJ12,BMF-2009-10-501CX-NONPROFIT-PX,2009-10,Classification,Character,20,NTEE major group (12),12 NTEE major groups: ntmaj10 plus higher education (BH) and hospitals (EH)
NTEEconf,NTEECONF,BMF-2009-10-501CX-NONPROFIT-PX,2009-10,Classification,Character,1,NTEE confidence rating,NTEE classification confidence rating (A/B/C)
MAJGRPB,MAJGRPB,BMF-2009-10-501CX-NONPROFIT-PX,2009-10,Classification,Character,1,Major NTEE group,Major NTEE group plus hospitals and higher education
INCOME,INCOME,BMF-2009-10-501CX-NONPROFIT-PX,2009-10,Financial Info,Numeric,1,Gross receipts,Gross receipts from most recently filed Form 990
ASSETS,ASSETS,BMF-2009-10-501CX-NONPROFIT-PX,2009-10,Financial Info,Numeric,1,"Total assets, end of year",Total assets (end of year) from most recent Form 990
cFiler,CFILER,BMF-2009-10-501CX-NONPROFIT-PX,2009-10,NCCS Financial Info,Character,1,990 filing w/n 2 years? (Y/N),Filed 990 return within 24 months of BMF file date? (Y/N)
cZFiler,CZFILER,BMF-2009-10-501CX-NONPROFIT-PX,2009-10,NCCS Financial Info,Character,1,990 filing $0 inc/assets w/n 2 years? (Y/N),"Filed 990 return with zero income and assets within 24 months of BMF file? (Y/N) - Beginning 2008, over 95% of 'zero filers' (cZFiler=Y) filed Form 990-N (e-Postcard) for tax years ending on or after December 31, 2007."
cTaxPer,CTAXPER,BMF-2009-10-501CX-NONPROFIT-PX,2009-10,NCCS Financial Info,Character,6,Ending date for tax period,Ending date for tax period of NCCS financial data in yyyymm format.
cTotRev,CTOTREV,BMF-2009-10-501CX-NONPROFIT-PX,2009-10,NCCS Financial Info,Numeric,6,Total Revenue,"Total Revenue from most recent Form 990 (Part I, line 12 on Form 990; Part I, line 9 on Form 990-EZ; or Part I, line 12(a) on Form 990-PF)"
cAssets,CASSETS,BMF-2009-10-501CX-NONPROFIT-PX,2009-10,NCCS Financial Info,Numeric,6,"Total Assets, BV End of Year","Total Assets (Book Value at end of year) from most recent Form 990 (Part IV, line 59(B) on Form 990; Part II, line 25(B) on Form 990-EZ; or Part II, line 16(b) on Form 990-PF)"
cFinSrc,CFINSRC,BMF-2009-10-501CX-NONPROFIT-PX,2009-10,NCCS Financial Info,Character,10,Source of NCCS Financial Data,Source of financial data added by NCCS (primarily the most recent Form 990 filing as of BMF date from NCCS Core files)
RULEDATE,RULEDATE,BMF-2009-10-501CX-NONPROFIT-PX,2009-10,Other Descriptive Info,Character,6,Ruling date (YYYYMM) from IRS,Ruling date: year and month of IRS ruling or determination letter recognizing orgs exempt status (YYYYMM)
FNDNCD,FNDNCD,BMF-2009-10-501CX-NONPROFIT-PX,2009-10,Other Descriptive Info,Character,6,Reason for 501(c)(3) status,"Reason for & type of 501(c)(3) exempt status including codes for operating and grantmaking foundations, and broad type of public charity"
SEC_NAME,SEC_NAME,BMF-2009-10-501CX-NONPROFIT-PX,2009-10,Other Descriptive Info,Character,35,Sort Name (Secondary name),Secondary organization name
LEVEL1,LEVEL1,BMF-2009-10-501CX-NONPROFIT-PX,2009-10,Other Classification,Character,35,Public charity or priv. fndn?,Public charity or private foundation?
LEVEL2,LEVEL2,BMF-2009-10-501CX-NONPROFIT-PX,2009-10,Other Classification,Character,35,Reporting public charity group,Reporting public charity groups.
level3,LEVEL3,BMF-2009-10-501CX-NONPROFIT-PX,2009-10,Other Classification,Character,35,Major NTEE category,Major NTEE category
level4,LEVEL4,BMF-2009-10-501CX-NONPROFIT-PX,2009-10,Other Classification,Character,35,NTEE-CC Major Group,NTEE-CC Major Group
NAICS,NAICS,BMF-2009-10-501CX-NONPROFIT-PX,2009-10,Other Classification,Character,6,NAICS,NAICS Code
ACCPER,ACCPER,BMF-2009-10-501CX-NONPROFIT-PX,2009-10,Miscellaneous,Character,2,Accounting period (MM),Accounting period
randnum,RANDNUM,BMF-2009-10-501CX-NONPROFIT-PX,2009-10,Miscellaneous,Numeric,2,Random number between 0 and 1,Random number between 0 and 1 used for creating samples
EIN,EIN,BMF-2010-01-501CX-NONPROFIT-PX,2010-01,Basic Info,Character,9,Employer Identification Number,Employer identification number.
NAME,NAME,BMF-2010-01-501CX-NONPROFIT-PX,2010-01,Basic Info,Character,60,Name of organization,Organization name.
STATE,STATE,BMF-2010-01-501CX-NONPROFIT-PX,2010-01,Basic Info,Character,2,State,Two-letter state abbreviation.
NTEE1,NTEE1,BMF-2010-01-501CX-NONPROFIT-PX,2010-01,Basic Info,Character,2,NTEE major group,NTEE major group (A-Z)
NTEECC,NTEECC,BMF-2010-01-501CX-NONPROFIT-PX,2010-01,Basic Info,Character,4,NTEECC primary purpose,NTEECC classification
CITY,CITY,BMF-2010-01-501CX-NONPROFIT-PX,2010-01,Basic Info,Character,22,City,City
zip5,ZIP5,BMF-2010-01-501CX-NONPROFIT-PX,2010-01,Basic Info,Character,5,"Zip code, 5 digits",First 5 digits of zip code
FIPS,FIPS,BMF-2010-01-501CX-NONPROFIT-PX,2010-01,Basic Info,Character,5,State + County FIPS code,2-digit State + 3-digit County FIPS code (Federal Information Processing Standard). See also U.S. Census Bureau State & County QuickFacts .
MSA_NECH,MSA_NECH,BMF-2010-01-501CX-NONPROFIT-PX,2010-01,Basic Info,Character,4,Metropolitan Statistical Area,Metropolitan Statistical Area (NCCS file) ( list )
PMSA,PMSA,BMF-2010-01-501CX-NONPROFIT-PX,2010-01,Basic Info,Character,4,Primary MSA,Primary Metropolitan Statistical Area
TAXPER,TAXPER,BMF-2010-01-501CX-NONPROFIT-PX,2010-01,Basic Info,Character,20,Ending date for tax period,"Ending date for tax period of financial data. Core files for 1997 on are in ""yyyymm"" format (199412=Dec. 1994). Earlier years use 2-digit year (""9412"")."
outnccs,OUTNCCS,BMF-2010-01-501CX-NONPROFIT-PX,2010-01,Basic Info,Character,20,Out of Scope flag,Out-of-scope (IN/OUT) (see OUTREAS doc. for details)
OUTREAS,OUTREAS,BMF-2010-01-501CX-NONPROFIT-PX,2010-01,Basic Info,Character,20,Reason why out of scope,Reason why out of scope
Filer,FILER,BMF-2010-01-501CX-NONPROFIT-PX,2010-01,Basic Info,Character,20,990 filing w/n 2 years? (Y/N),"Filed 990 return (Form 990, Form 990-EZ, Form 990-PF, or Form 990-N) within 24 months of BMF file? (Y/N)"
ZFILER,ZFILER,BMF-2010-01-501CX-NONPROFIT-PX,2010-01,Basic Info,Character,20,990 filing $0 inc/assets w/n 2 years? (Y/N),"Filed 990 return with zero income and assets within 24 months of BMF file? (Y/N) - Beginning 2008, over 95% of 'zero filers' (ZFiler=Y) filed Form 990-N (e-Postcard) for tax years ending on or after December 31, 2007."
SUBSECCD,SUBSECCD,BMF-2010-01-501CX-NONPROFIT-PX,2010-01,Classification,Character,20,Subsection code,"IRS subsection code (03=501(c)(3), etc.)"
ntmaj5,NTMAJ5,BMF-2010-01-501CX-NONPROFIT-PX,2010-01,Classification,Character,20,Major subsector,Major subsector (5)
ntmaj10,NTMAJ10,BMF-2010-01-501CX-NONPROFIT-PX,2010-01,Classification,Character,20,NTEE major group (10),10 NTEE major groups
ntmaj12,NTMAJ12,BMF-2010-01-501CX-NONPROFIT-PX,2010-01,Classification,Character,20,NTEE major group (12),12 NTEE major groups: ntmaj10 plus higher education (BH) and hospitals (EH)
NTEEconf,NTEECONF,BMF-2010-01-501CX-NONPROFIT-PX,2010-01,Classification,Character,1,NTEE confidence rating,NTEE classification confidence rating (A/B/C)
MAJGRPB,MAJGRPB,BMF-2010-01-501CX-NONPROFIT-PX,2010-01,Classification,Character,1,Major NTEE group,Major NTEE group plus hospitals and higher education
INCOME,INCOME,BMF-2010-01-501CX-NONPROFIT-PX,2010-01,Financial Info,Numeric,1,Gross receipts,Gross receipts from most recently filed Form 990
ASSETS,ASSETS,BMF-2010-01-501CX-NONPROFIT-PX,2010-01,Financial Info,Numeric,1,"Total assets, end of year",Total assets (end of year) from most recent Form 990
cFiler,CFILER,BMF-2010-01-501CX-NONPROFIT-PX,2010-01,NCCS Financial Info,Character,1,990 filing w/n 2 years? (Y/N),Filed 990 return within 24 months of BMF file date? (Y/N)
czFiler,CZFILER,BMF-2010-01-501CX-NONPROFIT-PX,2010-01,NCCS Financial Info,Character,1,990 filing $0 inc/assets w/n 2 years? (Y/N),"Filed 990 return with zero income and assets within 24 months of BMF file? (Y/N) - Beginning 2008, over 95% of 'zero filers' (cZFiler=Y) filed Form 990-N (e-Postcard) for tax years ending on or after December 31, 2007."
cTaxPer,CTAXPER,BMF-2010-01-501CX-NONPROFIT-PX,2010-01,NCCS Financial Info,Character,6,Ending date for tax period,Ending date for tax period of NCCS financial data in yyyymm format.
cTotRev,CTOTREV,BMF-2010-01-501CX-NONPROFIT-PX,2010-01,NCCS Financial Info,Numeric,6,Total Revenue,"Total Revenue from most recent Form 990 (Part I, line 12 on Form 990; Part I, line 9 on Form 990-EZ; or Part I, line 12(a) on Form 990-PF)"
cAssets,CASSETS,BMF-2010-01-501CX-NONPROFIT-PX,2010-01,NCCS Financial Info,Numeric,6,"Total Assets, BV End of Year","Total Assets (Book Value at end of year) from most recent Form 990 (Part IV, line 59(B) on Form 990; Part II, line 25(B) on Form 990-EZ; or Part II, line 16(b) on Form 990-PF)"
cFinSrc,CFINSRC,BMF-2010-01-501CX-NONPROFIT-PX,2010-01,NCCS Financial Info,Character,10,Source of NCCS Financial Data,Source of financial data added by NCCS (primarily the most recent Form 990 filing as of BMF date from NCCS Core files)
RULEDATE,RULEDATE,BMF-2010-01-501CX-NONPROFIT-PX,2010-01,Other Descriptive Info,Character,6,Ruling date (YYYYMM) from IRS,Ruling date: year and month of IRS ruling or determination letter recognizing orgs exempt status (YYYYMM)
FNDNCD,FNDNCD,BMF-2010-01-501CX-NONPROFIT-PX,2010-01,Other Descriptive Info,Character,6,Reason for 501(c)(3) status,"Reason for & type of 501(c)(3) exempt status including codes for operating and grantmaking foundations, and broad type of public charity"
SEC_NAME,SEC_NAME,BMF-2010-01-501CX-NONPROFIT-PX,2010-01,Other Descriptive Info,Character,35,Sort Name (Secondary name),Secondary organization name
LEVEL1,LEVEL1,BMF-2010-01-501CX-NONPROFIT-PX,2010-01,Other Classification,Character,35,Public charity or priv. fndn?,Public charity or private foundation?
LEVEL2,LEVEL2,BMF-2010-01-501CX-NONPROFIT-PX,2010-01,Other Classification,Character,35,Reporting public charity group,Reporting public charity groups.
level3,LEVEL3,BMF-2010-01-501CX-NONPROFIT-PX,2010-01,Other Classification,Character,35,Major NTEE category,Major NTEE category
level4,LEVEL4,BMF-2010-01-501CX-NONPROFIT-PX,2010-01,Other Classification,Character,35,NTEE-CC Major Group,NTEE-CC Major Group
NAICS,NAICS,BMF-2010-01-501CX-NONPROFIT-PX,2010-01,Other Classification,Character,6,NAICS,NAICS Code
ACCPER,ACCPER,BMF-2010-01-501CX-NONPROFIT-PX,2010-01,Miscellaneous,Character,2,Accounting period (MM),Accounting period
randnum,RANDNUM,BMF-2010-01-501CX-NONPROFIT-PX,2010-01,Miscellaneous,Numeric,2,Random number between 0 and 1,Random number between 0 and 1 used for creating samples
EIN,EIN,BMF-2010-04-501CX-NONPROFIT-PX,2010-04,Basic Info,Character,9,Employer Identification Number,Employer identification number.
NAME,NAME,BMF-2010-04-501CX-NONPROFIT-PX,2010-04,Basic Info,Character,60,Name of organization,Organization name.
STATE,STATE,BMF-2010-04-501CX-NONPROFIT-PX,2010-04,Basic Info,Character,2,State,Two-letter state abbreviation.
NTEE1,NTEE1,BMF-2010-04-501CX-NONPROFIT-PX,2010-04,Basic Info,Character,2,NTEE major group,NTEE major group (A-Z)
NTEECC,NTEECC,BMF-2010-04-501CX-NONPROFIT-PX,2010-04,Basic Info,Character,4,NTEECC primary purpose,NTEECC classification
CITY,CITY,BMF-2010-04-501CX-NONPROFIT-PX,2010-04,Basic Info,Character,22,City,City
zip5,ZIP5,BMF-2010-04-501CX-NONPROFIT-PX,2010-04,Basic Info,Character,5,"Zip code, 5 digits",First 5 digits of zip code
FIPS,FIPS,BMF-2010-04-501CX-NONPROFIT-PX,2010-04,Basic Info,Character,5,State + County FIPS code,2-digit State + 3-digit County FIPS code (Federal Information Processing Standard). See also U.S. Census Bureau State & County QuickFacts .
MSA_NECH,MSA_NECH,BMF-2010-04-501CX-NONPROFIT-PX,2010-04,Basic Info,Character,4,Metropolitan Statistical Area,Metropolitan Statistical Area (NCCS file) ( list )
PMSA,PMSA,BMF-2010-04-501CX-NONPROFIT-PX,2010-04,Basic Info,Character,4,Primary MSA,Primary Metropolitan Statistical Area
TAXPER,TAXPER,BMF-2010-04-501CX-NONPROFIT-PX,2010-04,Basic Info,Character,20,Ending date for tax period,"Ending date for tax period of financial data. Core files for 1997 on are in ""yyyymm"" format (199412=Dec. 1994). Earlier years use 2-digit year (""9412"")."
outnccs,OUTNCCS,BMF-2010-04-501CX-NONPROFIT-PX,2010-04,Basic Info,Character,20,Out of Scope flag,Out-of-scope (IN/OUT) (see OUTREAS doc. for details)
OUTREAS,OUTREAS,BMF-2010-04-501CX-NONPROFIT-PX,2010-04,Basic Info,Character,20,Reason why out of scope,Reason why out of scope
Filer,FILER,BMF-2010-04-501CX-NONPROFIT-PX,2010-04,Basic Info,Character,20,990 filing w/n 2 years? (Y/N),"Filed 990 return (Form 990, Form 990-EZ, Form 990-PF, or Form 990-N) within 24 months of BMF file? (Y/N)"
ZFILER,ZFILER,BMF-2010-04-501CX-NONPROFIT-PX,2010-04,Basic Info,Character,20,990 filing $0 inc/assets w/n 2 years? (Y/N),"Filed 990 return with zero income and assets within 24 months of BMF file? (Y/N) - Beginning 2008, over 95% of 'zero filers' (ZFiler=Y) filed Form 990-N (e-Postcard) for tax years ending on or after December 31, 2007."
SUBSECCD,SUBSECCD,BMF-2010-04-501CX-NONPROFIT-PX,2010-04,Classification,Character,20,Subsection code,"IRS subsection code (03=501(c)(3), etc.)"
ntmaj5,NTMAJ5,BMF-2010-04-501CX-NONPROFIT-PX,2010-04,Classification,Character,20,Major subsector,Major subsector (5)
ntmaj10,NTMAJ10,BMF-2010-04-501CX-NONPROFIT-PX,2010-04,Classification,Character,20,NTEE major group (10),10 NTEE major groups
ntmaj12,NTMAJ12,BMF-2010-04-501CX-NONPROFIT-PX,2010-04,Classification,Character,20,NTEE major group (12),12 NTEE major groups: ntmaj10 plus higher education (BH) and hospitals (EH)
NTEEconf,NTEECONF,BMF-2010-04-501CX-NONPROFIT-PX,2010-04,Classification,Character,1,NTEE confidence rating,NTEE classification confidence rating (A/B/C)
MAJGRPB,MAJGRPB,BMF-2010-04-501CX-NONPROFIT-PX,2010-04,Classification,Character,1,Major NTEE group,Major NTEE group plus hospitals and higher education
INCOME,INCOME,BMF-2010-04-501CX-NONPROFIT-PX,2010-04,Financial Info,Numeric,1,Gross receipts,Gross receipts from most recently filed Form 990
ASSETS,ASSETS,BMF-2010-04-501CX-NONPROFIT-PX,2010-04,Financial Info,Numeric,1,"Total assets, end of year",Total assets (end of year) from most recent Form 990
cFiler,CFILER,BMF-2010-04-501CX-NONPROFIT-PX,2010-04,NCCS Financial Info,Character,1,990 filing w/n 2 years? (Y/N),Filed 990 return within 24 months of BMF file date? (Y/N)
czFiler,CZFILER,BMF-2010-04-501CX-NONPROFIT-PX,2010-04,NCCS Financial Info,Character,1,990 filing $0 inc/assets w/n 2 years? (Y/N),"Filed 990 return with zero income and assets within 24 months of BMF file? (Y/N) - Beginning 2008, over 95% of 'zero filers' (cZFiler=Y) filed Form 990-N (e-Postcard) for tax years ending on or after December 31, 2007."
cTaxPer,CTAXPER,BMF-2010-04-501CX-NONPROFIT-PX,2010-04,NCCS Financial Info,Character,6,Ending date for tax period,Ending date for tax period of NCCS financial data in yyyymm format.
cTotRev,CTOTREV,BMF-2010-04-501CX-NONPROFIT-PX,2010-04,NCCS Financial Info,Numeric,6,Total Revenue,"Total Revenue from most recent Form 990 (Part I, line 12 on Form 990; Part I, line 9 on Form 990-EZ; or Part I, line 12(a) on Form 990-PF)"
cAssets,CASSETS,BMF-2010-04-501CX-NONPROFIT-PX,2010-04,NCCS Financial Info,Numeric,6,"Total Assets, BV End of Year","Total Assets (Book Value at end of year) from most recent Form 990 (Part IV, line 59(B) on Form 990; Part II, line 25(B) on Form 990-EZ; or Part II, line 16(b) on Form 990-PF)"
cFinSrc,CFINSRC,BMF-2010-04-501CX-NONPROFIT-PX,2010-04,NCCS Financial Info,Character,10,Source of NCCS Financial Data,Source of financial data added by NCCS (primarily the most recent Form 990 filing as of BMF date from NCCS Core files)
RULEDATE,RULEDATE,BMF-2010-04-501CX-NONPROFIT-PX,2010-04,Other Descriptive Info,Character,6,Ruling date (YYYYMM) from IRS,Ruling date: year and month of IRS ruling or determination letter recognizing orgs exempt status (YYYYMM)
FNDNCD,FNDNCD,BMF-2010-04-501CX-NONPROFIT-PX,2010-04,Other Descriptive Info,Character,6,Reason for 501(c)(3) status,"Reason for & type of 501(c)(3) exempt status including codes for operating and grantmaking foundations, and broad type of public charity"
SEC_NAME,SEC_NAME,BMF-2010-04-501CX-NONPROFIT-PX,2010-04,Other Descriptive Info,Character,35,Sort Name (Secondary name),Secondary organization name
LEVEL1,LEVEL1,BMF-2010-04-501CX-NONPROFIT-PX,2010-04,Other Classification,Character,35,Public charity or priv. fndn?,Public charity or private foundation?
LEVEL2,LEVEL2,BMF-2010-04-501CX-NONPROFIT-PX,2010-04,Other Classification,Character,35,Reporting public charity group,Reporting public charity groups.
level3,LEVEL3,BMF-2010-04-501CX-NONPROFIT-PX,2010-04,Other Classification,Character,35,Major NTEE category,Major NTEE category
level4,LEVEL4,BMF-2010-04-501CX-NONPROFIT-PX,2010-04,Other Classification,Character,35,NTEE-CC Major Group,NTEE-CC Major Group
NAICS,NAICS,BMF-2010-04-501CX-NONPROFIT-PX,2010-04,Other Classification,Character,6,NAICS,NAICS Code
ACCPER,ACCPER,BMF-2010-04-501CX-NONPROFIT-PX,2010-04,Miscellaneous,Character,2,Accounting period (MM),Accounting period
randnum,RANDNUM,BMF-2010-04-501CX-NONPROFIT-PX,2010-04,Miscellaneous,Numeric,2,Random number between 0 and 1,Random number between 0 and 1 used for creating samples
LONGITUDE,LONGITUDE,BMF-2010-04-501CX-NONPROFIT-PX,2010-04,Miscellaneous,Numeric,2,Longitude,Longitude of the organization headquarters or address provided to IRS (includes some PO Boxes)
LATITUDE,LATITUDE,BMF-2010-04-501CX-NONPROFIT-PX,2010-04,Miscellaneous,Numeric,2,Latitude,"Latitude of organization headquarters or address provided to IRS, including some P.O. Boxes."
EIN,EIN,BMF-2010-08-501CX-NONPROFIT-PX,2010-08,Basic Info,Character,9,Employer Identification Number,Employer identification number.
NAME,NAME,BMF-2010-08-501CX-NONPROFIT-PX,2010-08,Basic Info,Character,60,Name of organization,Organization name.
STATE,STATE,BMF-2010-08-501CX-NONPROFIT-PX,2010-08,Basic Info,Character,2,State,Two-letter state abbreviation.
NTEE1,NTEE1,BMF-2010-08-501CX-NONPROFIT-PX,2010-08,Basic Info,Character,2,NTEE major group,NTEE major group (A-Z)
NTEECC,NTEECC,BMF-2010-08-501CX-NONPROFIT-PX,2010-08,Basic Info,Character,4,NTEECC primary purpose,NTEECC classification
CITY,CITY,BMF-2010-08-501CX-NONPROFIT-PX,2010-08,Basic Info,Character,22,City,City
zip5,ZIP5,BMF-2010-08-501CX-NONPROFIT-PX,2010-08,Basic Info,Character,5,"Zip code, 5 digits",First 5 digits of zip code
FIPS,FIPS,BMF-2010-08-501CX-NONPROFIT-PX,2010-08,Basic Info,Character,5,State + County FIPS code,2-digit State + 3-digit County FIPS code (Federal Information Processing Standard). See also U.S. Census Bureau State & County QuickFacts .
MSA_NECH,MSA_NECH,BMF-2010-08-501CX-NONPROFIT-PX,2010-08,Basic Info,Character,4,Metropolitan Statistical Area,Metropolitan Statistical Area (NCCS file) ( list )
PMSA,PMSA,BMF-2010-08-501CX-NONPROFIT-PX,2010-08,Basic Info,Character,4,Primary MSA,Primary Metropolitan Statistical Area
TAXPER,TAXPER,BMF-2010-08-501CX-NONPROFIT-PX,2010-08,Basic Info,Character,20,Ending date for tax period,"Ending date for tax period of financial data. Core files for 1997 on are in ""yyyymm"" format (199412=Dec. 1994). Earlier years use 2-digit year (""9412"")."
outnccs,OUTNCCS,BMF-2010-08-501CX-NONPROFIT-PX,2010-08,Basic Info,Character,20,Out of Scope flag,Out-of-scope (IN/OUT) (see OUTREAS doc. for details)
OUTREAS,OUTREAS,BMF-2010-08-501CX-NONPROFIT-PX,2010-08,Basic Info,Character,20,Reason why out of scope,Reason why out of scope
Filer,FILER,BMF-2010-08-501CX-NONPROFIT-PX,2010-08,Basic Info,Character,20,990 filing w/n 2 years? (Y/N),"Filed 990 return (Form 990, Form 990-EZ, Form 990-PF, or Form 990-N) within 24 months of BMF file? (Y/N)"
ZFILER,ZFILER,BMF-2010-08-501CX-NONPROFIT-PX,2010-08,Basic Info,Character,20,990 filing $0 inc/assets w/n 2 years? (Y/N),"Filed 990 return with zero income and assets within 24 months of BMF file? (Y/N) - Beginning 2008, over 95% of 'zero filers' (ZFiler=Y) filed Form 990-N (e-Postcard) for tax years ending on or after December 31, 2007."
SUBSECCD,SUBSECCD,BMF-2010-08-501CX-NONPROFIT-PX,2010-08,Classification,Character,20,Subsection code,"IRS subsection code (03=501(c)(3), etc.)"
ntmaj5,NTMAJ5,BMF-2010-08-501CX-NONPROFIT-PX,2010-08,Classification,Character,20,Major subsector,Major subsector (5)
ntmaj10,NTMAJ10,BMF-2010-08-501CX-NONPROFIT-PX,2010-08,Classification,Character,20,NTEE major group (10),10 NTEE major groups
ntmaj12,NTMAJ12,BMF-2010-08-501CX-NONPROFIT-PX,2010-08,Classification,Character,20,NTEE major group (12),12 NTEE major groups: ntmaj10 plus higher education (BH) and hospitals (EH)
NTEEconf,NTEECONF,BMF-2010-08-501CX-NONPROFIT-PX,2010-08,Classification,Character,1,NTEE confidence rating,NTEE classification confidence rating (A/B/C)
MAJGRPB,MAJGRPB,BMF-2010-08-501CX-NONPROFIT-PX,2010-08,Classification,Character,1,Major NTEE group,Major NTEE group plus hospitals and higher education
INCOME,INCOME,BMF-2010-08-501CX-NONPROFIT-PX,2010-08,Financial Info,Numeric,1,Gross receipts,Gross receipts from most recently filed Form 990
ASSETS,ASSETS,BMF-2010-08-501CX-NONPROFIT-PX,2010-08,Financial Info,Numeric,1,"Total assets, end of year",Total assets (end of year) from most recent Form 990
cFiler,CFILER,BMF-2010-08-501CX-NONPROFIT-PX,2010-08,NCCS Financial Info,Character,1,990 filing w/n 2 years? (Y/N),Filed 990 return within 24 months of BMF file date? (Y/N)
czFiler,CZFILER,BMF-2010-08-501CX-NONPROFIT-PX,2010-08,NCCS Financial Info,Character,1,990 filing $0 inc/assets w/n 2 years? (Y/N),"Filed 990 return with zero income and assets within 24 months of BMF file? (Y/N) - Beginning 2008, over 95% of 'zero filers' (cZFiler=Y) filed Form 990-N (e-Postcard) for tax years ending on or after December 31, 2007."
cTaxPer,CTAXPER,BMF-2010-08-501CX-NONPROFIT-PX,2010-08,NCCS Financial Info,Character,6,Ending date for tax period,Ending date for tax period of NCCS financial data in yyyymm format.
cTotRev,CTOTREV,BMF-2010-08-501CX-NONPROFIT-PX,2010-08,NCCS Financial Info,Numeric,6,Total Revenue,"Total Revenue from most recent Form 990 (Part I, line 12 on Form 990; Part I, line 9 on Form 990-EZ; or Part I, line 12(a) on Form 990-PF)"
cAssets,CASSETS,BMF-2010-08-501CX-NONPROFIT-PX,2010-08,NCCS Financial Info,Numeric,6,"Total Assets, BV End of Year","Total Assets (Book Value at end of year) from most recent Form 990 (Part IV, line 59(B) on Form 990; Part II, line 25(B) on Form 990-EZ; or Part II, line 16(b) on Form 990-PF)"
cFinSrc,CFINSRC,BMF-2010-08-501CX-NONPROFIT-PX,2010-08,NCCS Financial Info,Character,10,Source of NCCS Financial Data,Source of financial data added by NCCS (primarily the most recent Form 990 filing as of BMF date from NCCS Core files)
RULEDATE,RULEDATE,BMF-2010-08-501CX-NONPROFIT-PX,2010-08,Other Descriptive Info,Character,6,Ruling date (YYYYMM) from IRS,Ruling date: year and month of IRS ruling or determination letter recognizing orgs exempt status (YYYYMM)
FNDNCD,FNDNCD,BMF-2010-08-501CX-NONPROFIT-PX,2010-08,Other Descriptive Info,Character,6,Reason for 501(c)(3) status,"Reason for & type of 501(c)(3) exempt status including codes for operating and grantmaking foundations, and broad type of public charity"
FRCD,FRCD,BMF-2010-08-501CX-NONPROFIT-PX,2010-08,Other Descriptive Info,Character,6,Filing Requirement Code,Filing requirements code. The 1st 2 characters indicate the requirements for 990/990-EZ forms. The 3rd character = 1 if a 990-PF is required or 0 if not.
SEC_NAME,SEC_NAME,BMF-2010-08-501CX-NONPROFIT-PX,2010-08,Other Descriptive Info,Character,35,Sort Name (Secondary name),Secondary organization name
GEN,GEN,BMF-2010-08-501CX-NONPROFIT-PX,2010-08,Other Descriptive Info,Character,4,Group Exemption Number,Group Exemption Number
LEVEL1,LEVEL1,BMF-2010-08-501CX-NONPROFIT-PX,2010-08,Other Classification,Character,4,Public charity or priv. fndn?,Public charity or private foundation?
LEVEL2,LEVEL2,BMF-2010-08-501CX-NONPROFIT-PX,2010-08,Other Classification,Character,4,Reporting public charity group,Reporting public charity groups.
level3,LEVEL3,BMF-2010-08-501CX-NONPROFIT-PX,2010-08,Other Classification,Character,4,Major NTEE category,Major NTEE category
level4,LEVEL4,BMF-2010-08-501CX-NONPROFIT-PX,2010-08,Other Classification,Character,4,NTEE-CC Major Group,NTEE-CC Major Group
NAICS,NAICS,BMF-2010-08-501CX-NONPROFIT-PX,2010-08,Other Classification,Character,6,NAICS,NAICS Code
randnum,RANDNUM,BMF-2010-08-501CX-NONPROFIT-PX,2010-08,Miscellaneous,Numeric,6,Random number between 0 and 1,Random number between 0 and 1 used for creating samples
ACCPER,ACCPER,BMF-2010-08-501CX-NONPROFIT-PX,2010-08,Miscellaneous,Character,2,Accounting period (MM),Accounting period
EIN,EIN,BMF-2010-11-501CX-NONPROFIT-PX,2010-11,Basic Info,Character,9,Employer Identification Number,Employer identification number.
NAME,NAME,BMF-2010-11-501CX-NONPROFIT-PX,2010-11,Basic Info,Character,60,Name of organization,Organization name.
STATE,STATE,BMF-2010-11-501CX-NONPROFIT-PX,2010-11,Basic Info,Character,2,State,Two-letter state abbreviation.
NTEE1,NTEE1,BMF-2010-11-501CX-NONPROFIT-PX,2010-11,Basic Info,Character,2,NTEE major group,NTEE major group (A-Z)
NTEECC,NTEECC,BMF-2010-11-501CX-NONPROFIT-PX,2010-11,Basic Info,Character,4,NTEECC primary purpose,NTEECC classification
CITY,CITY,BMF-2010-11-501CX-NONPROFIT-PX,2010-11,Basic Info,Character,22,City,City
zip5,ZIP5,BMF-2010-11-501CX-NONPROFIT-PX,2010-11,Basic Info,Character,5,"Zip code, 5 digits",First 5 digits of zip code
FIPS,FIPS,BMF-2010-11-501CX-NONPROFIT-PX,2010-11,Basic Info,Character,5,State + County FIPS code,2-digit State + 3-digit County FIPS code (Federal Information Processing Standard). See also U.S. Census Bureau State & County QuickFacts .
MSA_NECH,MSA_NECH,BMF-2010-11-501CX-NONPROFIT-PX,2010-11,Basic Info,Character,4,Metropolitan Statistical Area,Metropolitan Statistical Area (NCCS file) ( list )
PMSA,PMSA,BMF-2010-11-501CX-NONPROFIT-PX,2010-11,Basic Info,Character,4,Primary MSA,Primary Metropolitan Statistical Area
TAXPER,TAXPER,BMF-2010-11-501CX-NONPROFIT-PX,2010-11,Basic Info,Character,20,Ending date for tax period,"Ending date for tax period of financial data. Core files for 1997 on are in ""yyyymm"" format (199412=Dec. 1994). Earlier years use 2-digit year (""9412"")."
outnccs,OUTNCCS,BMF-2010-11-501CX-NONPROFIT-PX,2010-11,Basic Info,Character,20,Out of Scope flag,Out-of-scope (IN/OUT) (see OUTREAS doc. for details)
OUTREAS,OUTREAS,BMF-2010-11-501CX-NONPROFIT-PX,2010-11,Basic Info,Character,20,Reason why out of scope,Reason why out of scope
Filer,FILER,BMF-2010-11-501CX-NONPROFIT-PX,2010-11,Basic Info,Character,20,990 filing w/n 2 years? (Y/N),"Filed 990 return (Form 990, Form 990-EZ, Form 990-PF, or Form 990-N) within 24 months of BMF file? (Y/N)"
ZFILER,ZFILER,BMF-2010-11-501CX-NONPROFIT-PX,2010-11,Basic Info,Character,20,990 filing $0 inc/assets w/n 2 years? (Y/N),"Filed 990 return with zero income and assets within 24 months of BMF file? (Y/N) - Beginning 2008, over 95% of 'zero filers' (ZFiler=Y) filed Form 990-N (e-Postcard) for tax years ending on or after December 31, 2007."
SUBSECCD,SUBSECCD,BMF-2010-11-501CX-NONPROFIT-PX,2010-11,Classification,Character,20,Subsection code,"IRS subsection code (03=501(c)(3), etc.)"
ntmaj5,NTMAJ5,BMF-2010-11-501CX-NONPROFIT-PX,2010-11,Classification,Character,20,Major subsector,Major subsector (5)
ntmaj10,NTMAJ10,BMF-2010-11-501CX-NONPROFIT-PX,2010-11,Classification,Character,20,NTEE major group (10),10 NTEE major groups
ntmaj12,NTMAJ12,BMF-2010-11-501CX-NONPROFIT-PX,2010-11,Classification,Character,20,NTEE major group (12),12 NTEE major groups: ntmaj10 plus higher education (BH) and hospitals (EH)
NTEEconf,NTEECONF,BMF-2010-11-501CX-NONPROFIT-PX,2010-11,Classification,Character,1,NTEE confidence rating,NTEE classification confidence rating (A/B/C)
MAJGRPB,MAJGRPB,BMF-2010-11-501CX-NONPROFIT-PX,2010-11,Classification,Character,1,Major NTEE group,Major NTEE group plus hospitals and higher education
INCOME,INCOME,BMF-2010-11-501CX-NONPROFIT-PX,2010-11,Financial Info,Numeric,1,Gross receipts,Gross receipts from most recently filed Form 990
ASSETS,ASSETS,BMF-2010-11-501CX-NONPROFIT-PX,2010-11,Financial Info,Numeric,1,"Total assets, end of year",Total assets (end of year) from most recent Form 990
cFiler,CFILER,BMF-2010-11-501CX-NONPROFIT-PX,2010-11,NCCS Financial Info,Character,1,990 filing w/n 2 years? (Y/N),Filed 990 return within 24 months of BMF file date? (Y/N)
czFiler,CZFILER,BMF-2010-11-501CX-NONPROFIT-PX,2010-11,NCCS Financial Info,Character,1,990 filing $0 inc/assets w/n 2 years? (Y/N),"Filed 990 return with zero income and assets within 24 months of BMF file? (Y/N) - Beginning 2008, over 95% of 'zero filers' (cZFiler=Y) filed Form 990-N (e-Postcard) for tax years ending on or after December 31, 2007."
cTaxPer,CTAXPER,BMF-2010-11-501CX-NONPROFIT-PX,2010-11,NCCS Financial Info,Character,6,Ending date for tax period,Ending date for tax period of NCCS financial data in yyyymm format.
cTotRev,CTOTREV,BMF-2010-11-501CX-NONPROFIT-PX,2010-11,NCCS Financial Info,Numeric,6,Total Revenue,"Total Revenue from most recent Form 990 (Part I, line 12 on Form 990; Part I, line 9 on Form 990-EZ; or Part I, line 12(a) on Form 990-PF)"
cAssets,CASSETS,BMF-2010-11-501CX-NONPROFIT-PX,2010-11,NCCS Financial Info,Numeric,6,"Total Assets, BV End of Year","Total Assets (Book Value at end of year) from most recent Form 990 (Part IV, line 59(B) on Form 990; Part II, line 25(B) on Form 990-EZ; or Part II, line 16(b) on Form 990-PF)"
cFinSrc,CFINSRC,BMF-2010-11-501CX-NONPROFIT-PX,2010-11,NCCS Financial Info,Character,10,Source of NCCS Financial Data,Source of financial data added by NCCS (primarily the most recent Form 990 filing as of BMF date from NCCS Core files)
RULEDATE,RULEDATE,BMF-2010-11-501CX-NONPROFIT-PX,2010-11,Other Descriptive Info,Character,6,Ruling date (YYYYMM) from IRS,Ruling date: year and month of IRS ruling or determination letter recognizing orgs exempt status (YYYYMM)
FNDNCD,FNDNCD,BMF-2010-11-501CX-NONPROFIT-PX,2010-11,Other Descriptive Info,Character,6,Reason for 501(c)(3) status,"Reason for & type of 501(c)(3) exempt status including codes for operating and grantmaking foundations, and broad type of public charity"
FRCD,FRCD,BMF-2010-11-501CX-NONPROFIT-PX,2010-11,Other Descriptive Info,Character,6,Filing Requirement Code,Filing requirements code. The 1st 2 characters indicate the requirements for 990/990-EZ forms. The 3rd character = 1 if a 990-PF is required or 0 if not.
SEC_NAME,SEC_NAME,BMF-2010-11-501CX-NONPROFIT-PX,2010-11,Other Descriptive Info,Character,35,Sort Name (Secondary name),Secondary organization name
GEN,GEN,BMF-2010-11-501CX-NONPROFIT-PX,2010-11,Other Descriptive Info,Character,4,Group Exemption Number,Group Exemption Number
LEVEL1,LEVEL1,BMF-2010-11-501CX-NONPROFIT-PX,2010-11,Other Classification,Character,4,Public charity or priv. fndn?,Public charity or private foundation?
LEVEL2,LEVEL2,BMF-2010-11-501CX-NONPROFIT-PX,2010-11,Other Classification,Character,4,Reporting public charity group,Reporting public charity groups.
level3,LEVEL3,BMF-2010-11-501CX-NONPROFIT-PX,2010-11,Other Classification,Character,4,Major NTEE category,Major NTEE category
level4,LEVEL4,BMF-2010-11-501CX-NONPROFIT-PX,2010-11,Other Classification,Character,4,NTEE-CC Major Group,NTEE-CC Major Group
NAICS,NAICS,BMF-2010-11-501CX-NONPROFIT-PX,2010-11,Other Classification,Character,6,NAICS,NAICS Code
ACCPER,ACCPER,BMF-2010-11-501CX-NONPROFIT-PX,2010-11,Miscellaneous,Character,2,Accounting period (MM),Accounting period
randnum,RANDNUM,BMF-2010-11-501CX-NONPROFIT-PX,2010-11,Miscellaneous,Numeric,2,Random number between 0 and 1,Random number between 0 and 1 used for creating samples
EIN,EIN,BMF-2011-06-501CX-NONPROFIT-PX,2011-06,Basic Info,Character,9,Employer Identification Number,Employer identification number.
NAME,NAME,BMF-2011-06-501CX-NONPROFIT-PX,2011-06,Basic Info,Character,60,Name of organization,Organization name.
STATE,STATE,BMF-2011-06-501CX-NONPROFIT-PX,2011-06,Basic Info,Character,2,State,Two-letter state abbreviation.
NTEE1,NTEE1,BMF-2011-06-501CX-NONPROFIT-PX,2011-06,Basic Info,Character,2,NTEE major group,NTEE major group (A-Z)
NTEECC,NTEECC,BMF-2011-06-501CX-NONPROFIT-PX,2011-06,Basic Info,Character,4,NTEECC primary purpose,NTEECC classification
CITY,CITY,BMF-2011-06-501CX-NONPROFIT-PX,2011-06,Basic Info,Character,22,City,City
zip5,ZIP5,BMF-2011-06-501CX-NONPROFIT-PX,2011-06,Basic Info,Character,5,"Zip code, 5 digits",First 5 digits of zip code
FIPS,FIPS,BMF-2011-06-501CX-NONPROFIT-PX,2011-06,Basic Info,Character,5,State + County FIPS code,2-digit State + 3-digit County FIPS code (Federal Information Processing Standard). See also U.S. Census Bureau State & County QuickFacts .
MSA_NECH,MSA_NECH,BMF-2011-06-501CX-NONPROFIT-PX,2011-06,Basic Info,Character,4,Metropolitan Statistical Area,Metropolitan Statistical Area (NCCS file) ( list )
PMSA,PMSA,BMF-2011-06-501CX-NONPROFIT-PX,2011-06,Basic Info,Character,4,Primary MSA,Primary Metropolitan Statistical Area
TAXPER,TAXPER,BMF-2011-06-501CX-NONPROFIT-PX,2011-06,Basic Info,Character,20,Ending date for tax period,"Ending date for tax period of financial data. Core files for 1997 on are in ""yyyymm"" format (199412=Dec. 1994). Earlier years use 2-digit year (""9412"")."
outnccs,OUTNCCS,BMF-2011-06-501CX-NONPROFIT-PX,2011-06,Basic Info,Character,20,Out of Scope flag,Out-of-scope (IN/OUT) (see OUTREAS doc. for details)
OUTREAS,OUTREAS,BMF-2011-06-501CX-NONPROFIT-PX,2011-06,Basic Info,Character,20,Reason why out of scope,Reason why out of scope
Filer,FILER,BMF-2011-06-501CX-NONPROFIT-PX,2011-06,Basic Info,Character,20,990 filing w/n 2 years? (Y/N),"Filed 990 return (Form 990, Form 990-EZ, Form 990-PF, or Form 990-N) within 24 months of BMF file? (Y/N)"
ZFILER,ZFILER,BMF-2011-06-501CX-NONPROFIT-PX,2011-06,Basic Info,Character,20,990 filing $0 inc/assets w/n 2 years? (Y/N),"Filed 990 return with zero income and assets within 24 months of BMF file? (Y/N) - Beginning 2008, over 95% of 'zero filers' (ZFiler=Y) filed Form 990-N (e-Postcard) for tax years ending on or after December 31, 2007."
SUBSECCD,SUBSECCD,BMF-2011-06-501CX-NONPROFIT-PX,2011-06,Classification,Character,20,Subsection code,"IRS subsection code (03=501(c)(3), etc.)"
ntmaj5,NTMAJ5,BMF-2011-06-501CX-NONPROFIT-PX,2011-06,Classification,Character,20,Major subsector,Major subsector (5)
ntmaj10,NTMAJ10,BMF-2011-06-501CX-NONPROFIT-PX,2011-06,Classification,Character,20,NTEE major group (10),10 NTEE major groups
ntmaj12,NTMAJ12,BMF-2011-06-501CX-NONPROFIT-PX,2011-06,Classification,Character,20,NTEE major group (12),12 NTEE major groups: ntmaj10 plus higher education (BH) and hospitals (EH)
NTEEconf,NTEECONF,BMF-2011-06-501CX-NONPROFIT-PX,2011-06,Classification,Character,1,NTEE confidence rating,NTEE classification confidence rating (A/B/C)
MAJGRPB,MAJGRPB,BMF-2011-06-501CX-NONPROFIT-PX,2011-06,Classification,Character,1,Major NTEE group,Major NTEE group plus hospitals and higher education
INCOME,INCOME,BMF-2011-06-501CX-NONPROFIT-PX,2011-06,Financial Info,Numeric,1,Gross receipts,Gross receipts from most recently filed Form 990
ASSETS,ASSETS,BMF-2011-06-501CX-NONPROFIT-PX,2011-06,Financial Info,Numeric,1,"Total assets, end of year",Total assets (end of year) from most recent Form 990
cFiler,CFILER,BMF-2011-06-501CX-NONPROFIT-PX,2011-06,NCCS Financial Info,Character,1,990 filing w/n 2 years? (Y/N),Filed 990 return within 24 months of BMF file date? (Y/N)
czFiler,CZFILER,BMF-2011-06-501CX-NONPROFIT-PX,2011-06,NCCS Financial Info,Character,1,990 filing $0 inc/assets w/n 2 years? (Y/N),"Filed 990 return with zero income and assets within 24 months of BMF file? (Y/N) - Beginning 2008, over 95% of 'zero filers' (cZFiler=Y) filed Form 990-N (e-Postcard) for tax years ending on or after December 31, 2007."
cTaxPer,CTAXPER,BMF-2011-06-501CX-NONPROFIT-PX,2011-06,NCCS Financial Info,Character,6,Ending date for tax period,Ending date for tax period of NCCS financial data in yyyymm format.
cTotRev,CTOTREV,BMF-2011-06-501CX-NONPROFIT-PX,2011-06,NCCS Financial Info,Numeric,6,Total Revenue,"Total Revenue from most recent Form 990 (Part I, line 12 on Form 990; Part I, line 9 on Form 990-EZ; or Part I, line 12(a) on Form 990-PF)"
cAssets,CASSETS,BMF-2011-06-501CX-NONPROFIT-PX,2011-06,NCCS Financial Info,Numeric,6,"Total Assets, BV End of Year","Total Assets (Book Value at end of year) from most recent Form 990 (Part IV, line 59(B) on Form 990; Part II, line 25(B) on Form 990-EZ; or Part II, line 16(b) on Form 990-PF)"
cFinSrc,CFINSRC,BMF-2011-06-501CX-NONPROFIT-PX,2011-06,NCCS Financial Info,Character,10,Source of NCCS Financial Data,Source of financial data added by NCCS (primarily the most recent Form 990 filing as of BMF date from NCCS Core files)
RULEDATE,RULEDATE,BMF-2011-06-501CX-NONPROFIT-PX,2011-06,Other Descriptive Info,Character,6,Ruling date (YYYYMM) from IRS,Ruling date: year and month of IRS ruling or determination letter recognizing orgs exempt status (YYYYMM)
FNDNCD,FNDNCD,BMF-2011-06-501CX-NONPROFIT-PX,2011-06,Other Descriptive Info,Character,6,Reason for 501(c)(3) status,"Reason for & type of 501(c)(3) exempt status including codes for operating and grantmaking foundations, and broad type of public charity"
FRCD,FRCD,BMF-2011-06-501CX-NONPROFIT-PX,2011-06,Other Descriptive Info,Character,6,Filing Requirement Code,Filing requirements code. The 1st 2 characters indicate the requirements for 990/990-EZ forms. The 3rd character = 1 if a 990-PF is required or 0 if not.
SEC_NAME,SEC_NAME,BMF-2011-06-501CX-NONPROFIT-PX,2011-06,Other Descriptive Info,Character,35,Sort Name (Secondary name),Secondary organization name
GEN,GEN,BMF-2011-06-501CX-NONPROFIT-PX,2011-06,Other Descriptive Info,Character,4,Group Exemption Number,Group Exemption Number
LEVEL1,LEVEL1,BMF-2011-06-501CX-NONPROFIT-PX,2011-06,Other Classification,Character,4,Public charity or priv. fndn?,Public charity or private foundation?
LEVEL2,LEVEL2,BMF-2011-06-501CX-NONPROFIT-PX,2011-06,Other Classification,Character,4,Reporting public charity group,Reporting public charity groups.
level3,LEVEL3,BMF-2011-06-501CX-NONPROFIT-PX,2011-06,Other Classification,Character,4,Major NTEE category,Major NTEE category
level4,LEVEL4,BMF-2011-06-501CX-NONPROFIT-PX,2011-06,Other Classification,Character,4,NTEE-CC Major Group,NTEE-CC Major Group
NAICS,NAICS,BMF-2011-06-501CX-NONPROFIT-PX,2011-06,Other Classification,Character,6,NAICS,NAICS Code
ACCPER,ACCPER,BMF-2011-06-501CX-NONPROFIT-PX,2011-06,Miscellaneous,Character,2,Accounting period (MM),Accounting period
randnum,RANDNUM,BMF-2011-06-501CX-NONPROFIT-PX,2011-06,Miscellaneous,Numeric,2,Random number between 0 and 1,Random number between 0 and 1 used for creating samples
EIN,EIN,BMF-2011-07-501CX-NONPROFIT-PX,2011-07,Basic Info,Character,9,Employer Identification Number,Employer identification number.
NAME,NAME,BMF-2011-07-501CX-NONPROFIT-PX,2011-07,Basic Info,Character,60,Name of organization,Organization name.
STATE,STATE,BMF-2011-07-501CX-NONPROFIT-PX,2011-07,Basic Info,Character,2,State,Two-letter state abbreviation.
NTEE1,NTEE1,BMF-2011-07-501CX-NONPROFIT-PX,2011-07,Basic Info,Character,2,NTEE major group,NTEE major group (A-Z)
NTEECC,NTEECC,BMF-2011-07-501CX-NONPROFIT-PX,2011-07,Basic Info,Character,4,NTEECC primary purpose,NTEECC classification
CITY,CITY,BMF-2011-07-501CX-NONPROFIT-PX,2011-07,Basic Info,Character,22,City,City
zip5,ZIP5,BMF-2011-07-501CX-NONPROFIT-PX,2011-07,Basic Info,Character,5,"Zip code, 5 digits",First 5 digits of zip code
FIPS,FIPS,BMF-2011-07-501CX-NONPROFIT-PX,2011-07,Basic Info,Character,5,State + County FIPS code,2-digit State + 3-digit County FIPS code (Federal Information Processing Standard). See also U.S. Census Bureau State & County QuickFacts .
MSA_NECH,MSA_NECH,BMF-2011-07-501CX-NONPROFIT-PX,2011-07,Basic Info,Character,4,Metropolitan Statistical Area,Metropolitan Statistical Area (NCCS file) ( list )
PMSA,PMSA,BMF-2011-07-501CX-NONPROFIT-PX,2011-07,Basic Info,Character,4,Primary MSA,Primary Metropolitan Statistical Area
TAXPER,TAXPER,BMF-2011-07-501CX-NONPROFIT-PX,2011-07,Basic Info,Character,20,Ending date for tax period,"Ending date for tax period of financial data. Core files for 1997 on are in ""yyyymm"" format (199412=Dec. 1994). Earlier years use 2-digit year (""9412"")."
outnccs,OUTNCCS,BMF-2011-07-501CX-NONPROFIT-PX,2011-07,Basic Info,Character,20,Out of Scope flag,Out-of-scope (IN/OUT) (see OUTREAS doc. for details)
OUTREAS,OUTREAS,BMF-2011-07-501CX-NONPROFIT-PX,2011-07,Basic Info,Character,20,Reason why out of scope,Reason why out of scope
Filer,FILER,BMF-2011-07-501CX-NONPROFIT-PX,2011-07,Basic Info,Character,20,990 filing w/n 2 years? (Y/N),"Filed 990 return (Form 990, Form 990-EZ, Form 990-PF, or Form 990-N) within 24 months of BMF file? (Y/N)"
ZFILER,ZFILER,BMF-2011-07-501CX-NONPROFIT-PX,2011-07,Basic Info,Character,20,990 filing $0 inc/assets w/n 2 years? (Y/N),"Filed 990 return with zero income and assets within 24 months of BMF file? (Y/N) - Beginning 2008, over 95% of 'zero filers' (ZFiler=Y) filed Form 990-N (e-Postcard) for tax years ending on or after December 31, 2007."
SUBSECCD,SUBSECCD,BMF-2011-07-501CX-NONPROFIT-PX,2011-07,Classification,Character,20,Subsection code,"IRS subsection code (03=501(c)(3), etc.)"
ntmaj5,NTMAJ5,BMF-2011-07-501CX-NONPROFIT-PX,2011-07,Classification,Character,20,Major subsector,Major subsector (5)
ntmaj10,NTMAJ10,BMF-2011-07-501CX-NONPROFIT-PX,2011-07,Classification,Character,20,NTEE major group (10),10 NTEE major groups
ntmaj12,NTMAJ12,BMF-2011-07-501CX-NONPROFIT-PX,2011-07,Classification,Character,20,NTEE major group (12),12 NTEE major groups: ntmaj10 plus higher education (BH) and hospitals (EH)
NTEEconf,NTEECONF,BMF-2011-07-501CX-NONPROFIT-PX,2011-07,Classification,Character,1,NTEE confidence rating,NTEE classification confidence rating (A/B/C)
MAJGRPB,MAJGRPB,BMF-2011-07-501CX-NONPROFIT-PX,2011-07,Classification,Character,1,Major NTEE group,Major NTEE group plus hospitals and higher education
INCOME,INCOME,BMF-2011-07-501CX-NONPROFIT-PX,2011-07,Financial Info,Numeric,1,Gross receipts,Gross receipts from most recently filed Form 990
ASSETS,ASSETS,BMF-2011-07-501CX-NONPROFIT-PX,2011-07,Financial Info,Numeric,1,"Total assets, end of year",Total assets (end of year) from most recent Form 990
cFiler,CFILER,BMF-2011-07-501CX-NONPROFIT-PX,2011-07,NCCS Financial Info,Character,1,990 filing w/n 2 years? (Y/N),Filed 990 return within 24 months of BMF file date? (Y/N)
czFiler,CZFILER,BMF-2011-07-501CX-NONPROFIT-PX,2011-07,NCCS Financial Info,Character,1,990 filing $0 inc/assets w/n 2 years? (Y/N),"Filed 990 return with zero income and assets within 24 months of BMF file? (Y/N) - Beginning 2008, over 95% of 'zero filers' (cZFiler=Y) filed Form 990-N (e-Postcard) for tax years ending on or after December 31, 2007."
cTaxPer,CTAXPER,BMF-2011-07-501CX-NONPROFIT-PX,2011-07,NCCS Financial Info,Character,6,Ending date for tax period,Ending date for tax period of NCCS financial data in yyyymm format.
cTotRev,CTOTREV,BMF-2011-07-501CX-NONPROFIT-PX,2011-07,NCCS Financial Info,Numeric,6,Total Revenue,"Total Revenue from most recent Form 990 (Part I, line 12 on Form 990; Part I, line 9 on Form 990-EZ; or Part I, line 12(a) on Form 990-PF)"
cAssets,CASSETS,BMF-2011-07-501CX-NONPROFIT-PX,2011-07,NCCS Financial Info,Numeric,6,"Total Assets, BV End of Year","Total Assets (Book Value at end of year) from most recent Form 990 (Part IV, line 59(B) on Form 990; Part II, line 25(B) on Form 990-EZ; or Part II, line 16(b) on Form 990-PF)"
cFinSrc,CFINSRC,BMF-2011-07-501CX-NONPROFIT-PX,2011-07,NCCS Financial Info,Character,10,Source of NCCS Financial Data,Source of financial data added by NCCS (primarily the most recent Form 990 filing as of BMF date from NCCS Core files)
RULEDATE,RULEDATE,BMF-2011-07-501CX-NONPROFIT-PX,2011-07,Other Descriptive Info,Character,6,Ruling date (YYYYMM) from IRS,Ruling date: year and month of IRS ruling or determination letter recognizing orgs exempt status (YYYYMM)
FNDNCD,FNDNCD,BMF-2011-07-501CX-NONPROFIT-PX,2011-07,Other Descriptive Info,Character,6,Reason for 501(c)(3) status,"Reason for & type of 501(c)(3) exempt status including codes for operating and grantmaking foundations, and broad type of public charity"
FRCD,FRCD,BMF-2011-07-501CX-NONPROFIT-PX,2011-07,Other Descriptive Info,Character,6,Filing Requirement Code,Filing requirements code. The 1st 2 characters indicate the requirements for 990/990-EZ forms. The 3rd character = 1 if a 990-PF is required or 0 if not.
SEC_NAME,SEC_NAME,BMF-2011-07-501CX-NONPROFIT-PX,2011-07,Other Descriptive Info,Character,35,Sort Name (Secondary name),Secondary organization name
GEN,GEN,BMF-2011-07-501CX-NONPROFIT-PX,2011-07,Other Descriptive Info,Character,4,Group Exemption Number,Group Exemption Number
LEVEL1,LEVEL1,BMF-2011-07-501CX-NONPROFIT-PX,2011-07,Other Classification,Character,4,Public charity or priv. fndn?,Public charity or private foundation?
LEVEL2,LEVEL2,BMF-2011-07-501CX-NONPROFIT-PX,2011-07,Other Classification,Character,4,Reporting public charity group,Reporting public charity groups.
level3,LEVEL3,BMF-2011-07-501CX-NONPROFIT-PX,2011-07,Other Classification,Character,4,Major NTEE category,Major NTEE category
level4,LEVEL4,BMF-2011-07-501CX-NONPROFIT-PX,2011-07,Other Classification,Character,4,NTEE-CC Major Group,NTEE-CC Major Group
NAICS,NAICS,BMF-2011-07-501CX-NONPROFIT-PX,2011-07,Other Classification,Character,6,NAICS,NAICS Code
ACCPER,ACCPER,BMF-2011-07-501CX-NONPROFIT-PX,2011-07,Miscellaneous,Character,2,Accounting period (MM),Accounting period
randnum,RANDNUM,BMF-2011-07-501CX-NONPROFIT-PX,2011-07,Miscellaneous,Numeric,2,Random number between 0 and 1,Random number between 0 and 1 used for creating samples
EIN,EIN,BMF-2011-08-501CX-NONPROFIT-PX,2011-08,Basic Info,Character,9,Employer Identification Number,Employer identification number.
NAME,NAME,BMF-2011-08-501CX-NONPROFIT-PX,2011-08,Basic Info,Character,60,Name of organization,Organization name.
STATE,STATE,BMF-2011-08-501CX-NONPROFIT-PX,2011-08,Basic Info,Character,2,State,Two-letter state abbreviation.
NTEE1,NTEE1,BMF-2011-08-501CX-NONPROFIT-PX,2011-08,Basic Info,Character,2,NTEE major group,NTEE major group (A-Z)
NTEECC,NTEECC,BMF-2011-08-501CX-NONPROFIT-PX,2011-08,Basic Info,Character,4,NTEECC primary purpose,NTEECC classification
CITY,CITY,BMF-2011-08-501CX-NONPROFIT-PX,2011-08,Basic Info,Character,22,City,City
zip5,ZIP5,BMF-2011-08-501CX-NONPROFIT-PX,2011-08,Basic Info,Character,5,"Zip code, 5 digits",First 5 digits of zip code
FIPS,FIPS,BMF-2011-08-501CX-NONPROFIT-PX,2011-08,Basic Info,Character,5,State + County FIPS code,2-digit State + 3-digit County FIPS code (Federal Information Processing Standard). See also U.S. Census Bureau State & County QuickFacts .
MSA_NECH,MSA_NECH,BMF-2011-08-501CX-NONPROFIT-PX,2011-08,Basic Info,Character,4,Metropolitan Statistical Area,Metropolitan Statistical Area (NCCS file) ( list )
PMSA,PMSA,BMF-2011-08-501CX-NONPROFIT-PX,2011-08,Basic Info,Character,4,Primary MSA,Primary Metropolitan Statistical Area
TAXPER,TAXPER,BMF-2011-08-501CX-NONPROFIT-PX,2011-08,Basic Info,Character,20,Ending date for tax period,"Ending date for tax period of financial data. Core files for 1997 on are in ""yyyymm"" format (199412=Dec. 1994). Earlier years use 2-digit year (""9412"")."
outnccs,OUTNCCS,BMF-2011-08-501CX-NONPROFIT-PX,2011-08,Basic Info,Character,20,Out of Scope flag,Out-of-scope (IN/OUT) (see OUTREAS doc. for details)
OUTREAS,OUTREAS,BMF-2011-08-501CX-NONPROFIT-PX,2011-08,Basic Info,Character,20,Reason why out of scope,Reason why out of scope
Filer,FILER,BMF-2011-08-501CX-NONPROFIT-PX,2011-08,Basic Info,Character,20,990 filing w/n 2 years? (Y/N),"Filed 990 return (Form 990, Form 990-EZ, Form 990-PF, or Form 990-N) within 24 months of BMF file? (Y/N)"
ZFILER,ZFILER,BMF-2011-08-501CX-NONPROFIT-PX,2011-08,Basic Info,Character,20,990 filing $0 inc/assets w/n 2 years? (Y/N),"Filed 990 return with zero income and assets within 24 months of BMF file? (Y/N) - Beginning 2008, over 95% of 'zero filers' (ZFiler=Y) filed Form 990-N (e-Postcard) for tax years ending on or after December 31, 2007."
SUBSECCD,SUBSECCD,BMF-2011-08-501CX-NONPROFIT-PX,2011-08,Classification,Character,20,Subsection code,"IRS subsection code (03=501(c)(3), etc.)"
ntmaj5,NTMAJ5,BMF-2011-08-501CX-NONPROFIT-PX,2011-08,Classification,Character,20,Major subsector,Major subsector (5)
ntmaj10,NTMAJ10,BMF-2011-08-501CX-NONPROFIT-PX,2011-08,Classification,Character,20,NTEE major group (10),10 NTEE major groups
ntmaj12,NTMAJ12,BMF-2011-08-501CX-NONPROFIT-PX,2011-08,Classification,Character,20,NTEE major group (12),12 NTEE major groups: ntmaj10 plus higher education (BH) and hospitals (EH)
NTEEconf,NTEECONF,BMF-2011-08-501CX-NONPROFIT-PX,2011-08,Classification,Character,1,NTEE confidence rating,NTEE classification confidence rating (A/B/C)
MAJGRPB,MAJGRPB,BMF-2011-08-501CX-NONPROFIT-PX,2011-08,Classification,Character,1,Major NTEE group,Major NTEE group plus hospitals and higher education
INCOME,INCOME,BMF-2011-08-501CX-NONPROFIT-PX,2011-08,Financial Info,Numeric,1,Gross receipts,Gross receipts from most recently filed Form 990
ASSETS,ASSETS,BMF-2011-08-501CX-NONPROFIT-PX,2011-08,Financial Info,Numeric,1,"Total assets, end of year",Total assets (end of year) from most recent Form 990
cFiler,CFILER,BMF-2011-08-501CX-NONPROFIT-PX,2011-08,NCCS Financial Info,Character,1,990 filing w/n 2 years? (Y/N),Filed 990 return within 24 months of BMF file date? (Y/N)
czFiler,CZFILER,BMF-2011-08-501CX-NONPROFIT-PX,2011-08,NCCS Financial Info,Character,1,990 filing $0 inc/assets w/n 2 years? (Y/N),"Filed 990 return with zero income and assets within 24 months of BMF file? (Y/N) - Beginning 2008, over 95% of 'zero filers' (cZFiler=Y) filed Form 990-N (e-Postcard) for tax years ending on or after December 31, 2007."
cTaxPer,CTAXPER,BMF-2011-08-501CX-NONPROFIT-PX,2011-08,NCCS Financial Info,Character,6,Ending date for tax period,Ending date for tax period of NCCS financial data in yyyymm format.
cTotRev,CTOTREV,BMF-2011-08-501CX-NONPROFIT-PX,2011-08,NCCS Financial Info,Numeric,6,Total Revenue,"Total Revenue from most recent Form 990 (Part I, line 12 on Form 990; Part I, line 9 on Form 990-EZ; or Part I, line 12(a) on Form 990-PF)"
cAssets,CASSETS,BMF-2011-08-501CX-NONPROFIT-PX,2011-08,NCCS Financial Info,Numeric,6,"Total Assets, BV End of Year","Total Assets (Book Value at end of year) from most recent Form 990 (Part IV, line 59(B) on Form 990; Part II, line 25(B) on Form 990-EZ; or Part II, line 16(b) on Form 990-PF)"
cFinSrc,CFINSRC,BMF-2011-08-501CX-NONPROFIT-PX,2011-08,NCCS Financial Info,Character,10,Source of NCCS Financial Data,Source of financial data added by NCCS (primarily the most recent Form 990 filing as of BMF date from NCCS Core files)
RULEDATE,RULEDATE,BMF-2011-08-501CX-NONPROFIT-PX,2011-08,Other Descriptive Info,Character,6,Ruling date (YYYYMM) from IRS,Ruling date: year and month of IRS ruling or determination letter recognizing orgs exempt status (YYYYMM)
FNDNCD,FNDNCD,BMF-2011-08-501CX-NONPROFIT-PX,2011-08,Other Descriptive Info,Character,6,Reason for 501(c)(3) status,"Reason for & type of 501(c)(3) exempt status including codes for operating and grantmaking foundations, and broad type of public charity"
FRCD,FRCD,BMF-2011-08-501CX-NONPROFIT-PX,2011-08,Other Descriptive Info,Character,6,Filing Requirement Code,Filing requirements code. The 1st 2 characters indicate the requirements for 990/990-EZ forms. The 3rd character = 1 if a 990-PF is required or 0 if not.
SEC_NAME,SEC_NAME,BMF-2011-08-501CX-NONPROFIT-PX,2011-08,Other Descriptive Info,Character,35,Sort Name (Secondary name),Secondary organization name
GEN,GEN,BMF-2011-08-501CX-NONPROFIT-PX,2011-08,Other Descriptive Info,Character,4,Group Exemption Number,Group Exemption Number
LEVEL1,LEVEL1,BMF-2011-08-501CX-NONPROFIT-PX,2011-08,Other Classification,Character,4,Public charity or priv. fndn?,Public charity or private foundation?
LEVEL2,LEVEL2,BMF-2011-08-501CX-NONPROFIT-PX,2011-08,Other Classification,Character,4,Reporting public charity group,Reporting public charity groups.
level3,LEVEL3,BMF-2011-08-501CX-NONPROFIT-PX,2011-08,Other Classification,Character,4,Major NTEE category,Major NTEE category
level4,LEVEL4,BMF-2011-08-501CX-NONPROFIT-PX,2011-08,Other Classification,Character,4,NTEE-CC Major Group,NTEE-CC Major Group
NAICS,NAICS,BMF-2011-08-501CX-NONPROFIT-PX,2011-08,Other Classification,Character,6,NAICS,NAICS Code
ACCPER,ACCPER,BMF-2011-08-501CX-NONPROFIT-PX,2011-08,Miscellaneous,Character,2,Accounting period (MM),Accounting period
randnum,RANDNUM,BMF-2011-08-501CX-NONPROFIT-PX,2011-08,Miscellaneous,Numeric,2,Random number between 0 and 1,Random number between 0 and 1 used for creating samples
EIN,EIN,BMF-2011-09-501CX-NONPROFIT-PX,2011-09,Basic Info,Character,9,Employer Identification Number,Employer identification number.
NAME,NAME,BMF-2011-09-501CX-NONPROFIT-PX,2011-09,Basic Info,Character,60,Name of organization,Organization name.
STATE,STATE,BMF-2011-09-501CX-NONPROFIT-PX,2011-09,Basic Info,Character,2,State,Two-letter state abbreviation.
NTEE1,NTEE1,BMF-2011-09-501CX-NONPROFIT-PX,2011-09,Basic Info,Character,2,NTEE major group,NTEE major group (A-Z)
NTEECC,NTEECC,BMF-2011-09-501CX-NONPROFIT-PX,2011-09,Basic Info,Character,4,NTEECC primary purpose,NTEECC classification
CITY,CITY,BMF-2011-09-501CX-NONPROFIT-PX,2011-09,Basic Info,Character,22,City,City
zip5,ZIP5,BMF-2011-09-501CX-NONPROFIT-PX,2011-09,Basic Info,Character,5,"Zip code, 5 digits",First 5 digits of zip code
FIPS,FIPS,BMF-2011-09-501CX-NONPROFIT-PX,2011-09,Basic Info,Character,5,State + County FIPS code,2-digit State + 3-digit County FIPS code (Federal Information Processing Standard). See also U.S. Census Bureau State & County QuickFacts .
MSA_NECH,MSA_NECH,BMF-2011-09-501CX-NONPROFIT-PX,2011-09,Basic Info,Character,4,Metropolitan Statistical Area,Metropolitan Statistical Area (NCCS file) ( list )
PMSA,PMSA,BMF-2011-09-501CX-NONPROFIT-PX,2011-09,Basic Info,Character,4,Primary MSA,Primary Metropolitan Statistical Area
TAXPER,TAXPER,BMF-2011-09-501CX-NONPROFIT-PX,2011-09,Basic Info,Character,20,Ending date for tax period,"Ending date for tax period of financial data. Core files for 1997 on are in ""yyyymm"" format (199412=Dec. 1994). Earlier years use 2-digit year (""9412"")."
outnccs,OUTNCCS,BMF-2011-09-501CX-NONPROFIT-PX,2011-09,Basic Info,Character,20,Out of Scope flag,Out-of-scope (IN/OUT) (see OUTREAS doc. for details)
OUTREAS,OUTREAS,BMF-2011-09-501CX-NONPROFIT-PX,2011-09,Basic Info,Character,20,Reason why out of scope,Reason why out of scope
Filer,FILER,BMF-2011-09-501CX-NONPROFIT-PX,2011-09,Basic Info,Character,20,990 filing w/n 2 years? (Y/N),"Filed 990 return (Form 990, Form 990-EZ, Form 990-PF, or Form 990-N) within 24 months of BMF file? (Y/N)"
ZFILER,ZFILER,BMF-2011-09-501CX-NONPROFIT-PX,2011-09,Basic Info,Character,20,990 filing $0 inc/assets w/n 2 years? (Y/N),"Filed 990 return with zero income and assets within 24 months of BMF file? (Y/N) - Beginning 2008, over 95% of 'zero filers' (ZFiler=Y) filed Form 990-N (e-Postcard) for tax years ending on or after December 31, 2007."
SUBSECCD,SUBSECCD,BMF-2011-09-501CX-NONPROFIT-PX,2011-09,Classification,Character,20,Subsection code,"IRS subsection code (03=501(c)(3), etc.)"
ntmaj5,NTMAJ5,BMF-2011-09-501CX-NONPROFIT-PX,2011-09,Classification,Character,20,Major subsector,Major subsector (5)
ntmaj10,NTMAJ10,BMF-2011-09-501CX-NONPROFIT-PX,2011-09,Classification,Character,20,NTEE major group (10),10 NTEE major groups
ntmaj12,NTMAJ12,BMF-2011-09-501CX-NONPROFIT-PX,2011-09,Classification,Character,20,NTEE major group (12),12 NTEE major groups: ntmaj10 plus higher education (BH) and hospitals (EH)
NTEEconf,NTEECONF,BMF-2011-09-501CX-NONPROFIT-PX,2011-09,Classification,Character,1,NTEE confidence rating,NTEE classification confidence rating (A/B/C)
MAJGRPB,MAJGRPB,BMF-2011-09-501CX-NONPROFIT-PX,2011-09,Classification,Character,1,Major NTEE group,Major NTEE group plus hospitals and higher education
INCOME,INCOME,BMF-2011-09-501CX-NONPROFIT-PX,2011-09,Financial Info,Numeric,1,Gross receipts,Gross receipts from most recently filed Form 990
ASSETS,ASSETS,BMF-2011-09-501CX-NONPROFIT-PX,2011-09,Financial Info,Numeric,1,"Total assets, end of year",Total assets (end of year) from most recent Form 990
cFiler,CFILER,BMF-2011-09-501CX-NONPROFIT-PX,2011-09,NCCS Financial Info,Character,1,990 filing w/n 2 years? (Y/N),Filed 990 return within 24 months of BMF file date? (Y/N)
czFiler,CZFILER,BMF-2011-09-501CX-NONPROFIT-PX,2011-09,NCCS Financial Info,Character,1,990 filing $0 inc/assets w/n 2 years? (Y/N),"Filed 990 return with zero income and assets within 24 months of BMF file? (Y/N) - Beginning 2008, over 95% of 'zero filers' (cZFiler=Y) filed Form 990-N (e-Postcard) for tax years ending on or after December 31, 2007."
cTaxPer,CTAXPER,BMF-2011-09-501CX-NONPROFIT-PX,2011-09,NCCS Financial Info,Character,6,Ending date for tax period,Ending date for tax period of NCCS financial data in yyyymm format.
cTotRev,CTOTREV,BMF-2011-09-501CX-NONPROFIT-PX,2011-09,NCCS Financial Info,Numeric,6,Total Revenue,"Total Revenue from most recent Form 990 (Part I, line 12 on Form 990; Part I, line 9 on Form 990-EZ; or Part I, line 12(a) on Form 990-PF)"
cAssets,CASSETS,BMF-2011-09-501CX-NONPROFIT-PX,2011-09,NCCS Financial Info,Numeric,6,"Total Assets, BV End of Year","Total Assets (Book Value at end of year) from most recent Form 990 (Part IV, line 59(B) on Form 990; Part II, line 25(B) on Form 990-EZ; or Part II, line 16(b) on Form 990-PF)"
cFinSrc,CFINSRC,BMF-2011-09-501CX-NONPROFIT-PX,2011-09,NCCS Financial Info,Character,10,Source of NCCS Financial Data,Source of financial data added by NCCS (primarily the most recent Form 990 filing as of BMF date from NCCS Core files)
RULEDATE,RULEDATE,BMF-2011-09-501CX-NONPROFIT-PX,2011-09,Other Descriptive Info,Character,6,Ruling date (YYYYMM) from IRS,Ruling date: year and month of IRS ruling or determination letter recognizing orgs exempt status (YYYYMM)
FNDNCD,FNDNCD,BMF-2011-09-501CX-NONPROFIT-PX,2011-09,Other Descriptive Info,Character,6,Reason for 501(c)(3) status,"Reason for & type of 501(c)(3) exempt status including codes for operating and grantmaking foundations, and broad type of public charity"
FRCD,FRCD,BMF-2011-09-501CX-NONPROFIT-PX,2011-09,Other Descriptive Info,Character,6,Filing Requirement Code,Filing requirements code. The 1st 2 characters indicate the requirements for 990/990-EZ forms. The 3rd character = 1 if a 990-PF is required or 0 if not.
SEC_NAME,SEC_NAME,BMF-2011-09-501CX-NONPROFIT-PX,2011-09,Other Descriptive Info,Character,35,Sort Name (Secondary name),Secondary organization name
GEN,GEN,BMF-2011-09-501CX-NONPROFIT-PX,2011-09,Other Descriptive Info,Character,4,Group Exemption Number,Group Exemption Number
LEVEL1,LEVEL1,BMF-2011-09-501CX-NONPROFIT-PX,2011-09,Other Classification,Character,4,Public charity or priv. fndn?,Public charity or private foundation?
LEVEL2,LEVEL2,BMF-2011-09-501CX-NONPROFIT-PX,2011-09,Other Classification,Character,4,Reporting public charity group,Reporting public charity groups.
level3,LEVEL3,BMF-2011-09-501CX-NONPROFIT-PX,2011-09,Other Classification,Character,4,Major NTEE category,Major NTEE category
level4,LEVEL4,BMF-2011-09-501CX-NONPROFIT-PX,2011-09,Other Classification,Character,4,NTEE-CC Major Group,NTEE-CC Major Group
NAICS,NAICS,BMF-2011-09-501CX-NONPROFIT-PX,2011-09,Other Classification,Character,6,NAICS,NAICS Code
ACCPER,ACCPER,BMF-2011-09-501CX-NONPROFIT-PX,2011-09,Miscellaneous,Character,2,Accounting period (MM),Accounting period
randnum,RANDNUM,BMF-2011-09-501CX-NONPROFIT-PX,2011-09,Miscellaneous,Numeric,2,Random number between 0 and 1,Random number between 0 and 1 used for creating samples
EIN,EIN,BMF-2011-10-501CX-NONPROFIT-PX,2011-10,Basic Info,Character,9,Employer Identification Number,Employer identification number.
NAME,NAME,BMF-2011-10-501CX-NONPROFIT-PX,2011-10,Basic Info,Character,60,Name of organization,Organization name.
STATE,STATE,BMF-2011-10-501CX-NONPROFIT-PX,2011-10,Basic Info,Character,2,State,Two-letter state abbreviation.
NTEE1,NTEE1,BMF-2011-10-501CX-NONPROFIT-PX,2011-10,Basic Info,Character,2,NTEE major group,NTEE major group (A-Z)
NTEECC,NTEECC,BMF-2011-10-501CX-NONPROFIT-PX,2011-10,Basic Info,Character,4,NTEECC primary purpose,NTEECC classification
CITY,CITY,BMF-2011-10-501CX-NONPROFIT-PX,2011-10,Basic Info,Character,22,City,City
zip5,ZIP5,BMF-2011-10-501CX-NONPROFIT-PX,2011-10,Basic Info,Character,5,"Zip code, 5 digits",First 5 digits of zip code
FIPS,FIPS,BMF-2011-10-501CX-NONPROFIT-PX,2011-10,Basic Info,Character,5,State + County FIPS code,2-digit State + 3-digit County FIPS code (Federal Information Processing Standard). See also U.S. Census Bureau State & County QuickFacts .
MSA_NECH,MSA_NECH,BMF-2011-10-501CX-NONPROFIT-PX,2011-10,Basic Info,Character,4,Metropolitan Statistical Area,Metropolitan Statistical Area (NCCS file) ( list )
PMSA,PMSA,BMF-2011-10-501CX-NONPROFIT-PX,2011-10,Basic Info,Character,4,Primary MSA,Primary Metropolitan Statistical Area
TAXPER,TAXPER,BMF-2011-10-501CX-NONPROFIT-PX,2011-10,Basic Info,Character,20,Ending date for tax period,"Ending date for tax period of financial data. Core files for 1997 on are in ""yyyymm"" format (199412=Dec. 1994). Earlier years use 2-digit year (""9412"")."
outnccs,OUTNCCS,BMF-2011-10-501CX-NONPROFIT-PX,2011-10,Basic Info,Character,20,Out of Scope flag,Out-of-scope (IN/OUT) (see OUTREAS doc. for details)
OUTREAS,OUTREAS,BMF-2011-10-501CX-NONPROFIT-PX,2011-10,Basic Info,Character,20,Reason why out of scope,Reason why out of scope
Filer,FILER,BMF-2011-10-501CX-NONPROFIT-PX,2011-10,Basic Info,Character,20,990 filing w/n 2 years? (Y/N),"Filed 990 return (Form 990, Form 990-EZ, Form 990-PF, or Form 990-N) within 24 months of BMF file? (Y/N)"
ZFILER,ZFILER,BMF-2011-10-501CX-NONPROFIT-PX,2011-10,Basic Info,Character,20,990 filing $0 inc/assets w/n 2 years? (Y/N),"Filed 990 return with zero income and assets within 24 months of BMF file? (Y/N) - Beginning 2008, over 95% of 'zero filers' (ZFiler=Y) filed Form 990-N (e-Postcard) for tax years ending on or after December 31, 2007."
SUBSECCD,SUBSECCD,BMF-2011-10-501CX-NONPROFIT-PX,2011-10,Classification,Character,20,Subsection code,"IRS subsection code (03=501(c)(3), etc.)"
ntmaj5,NTMAJ5,BMF-2011-10-501CX-NONPROFIT-PX,2011-10,Classification,Character,20,Major subsector,Major subsector (5)
ntmaj10,NTMAJ10,BMF-2011-10-501CX-NONPROFIT-PX,2011-10,Classification,Character,20,NTEE major group (10),10 NTEE major groups
ntmaj12,NTMAJ12,BMF-2011-10-501CX-NONPROFIT-PX,2011-10,Classification,Character,20,NTEE major group (12),12 NTEE major groups: ntmaj10 plus higher education (BH) and hospitals (EH)
NTEEconf,NTEECONF,BMF-2011-10-501CX-NONPROFIT-PX,2011-10,Classification,Character,1,NTEE confidence rating,NTEE classification confidence rating (A/B/C)
MAJGRPB,MAJGRPB,BMF-2011-10-501CX-NONPROFIT-PX,2011-10,Classification,Character,1,Major NTEE group,Major NTEE group plus hospitals and higher education
INCOME,INCOME,BMF-2011-10-501CX-NONPROFIT-PX,2011-10,Financial Info,Numeric,1,Gross receipts,Gross receipts from most recently filed Form 990
ASSETS,ASSETS,BMF-2011-10-501CX-NONPROFIT-PX,2011-10,Financial Info,Numeric,1,"Total assets, end of year",Total assets (end of year) from most recent Form 990
cFiler,CFILER,BMF-2011-10-501CX-NONPROFIT-PX,2011-10,NCCS Financial Info,Character,1,990 filing w/n 2 years? (Y/N),Filed 990 return within 24 months of BMF file date? (Y/N)
czFiler,CZFILER,BMF-2011-10-501CX-NONPROFIT-PX,2011-10,NCCS Financial Info,Character,1,990 filing $0 inc/assets w/n 2 years? (Y/N),"Filed 990 return with zero income and assets within 24 months of BMF file? (Y/N) - Beginning 2008, over 95% of 'zero filers' (cZFiler=Y) filed Form 990-N (e-Postcard) for tax years ending on or after December 31, 2007."
cTaxPer,CTAXPER,BMF-2011-10-501CX-NONPROFIT-PX,2011-10,NCCS Financial Info,Character,6,Ending date for tax period,Ending date for tax period of NCCS financial data in yyyymm format.
cTotRev,CTOTREV,BMF-2011-10-501CX-NONPROFIT-PX,2011-10,NCCS Financial Info,Numeric,6,Total Revenue,"Total Revenue from most recent Form 990 (Part I, line 12 on Form 990; Part I, line 9 on Form 990-EZ; or Part I, line 12(a) on Form 990-PF)"
cAssets,CASSETS,BMF-2011-10-501CX-NONPROFIT-PX,2011-10,NCCS Financial Info,Numeric,6,"Total Assets, BV End of Year","Total Assets (Book Value at end of year) from most recent Form 990 (Part IV, line 59(B) on Form 990; Part II, line 25(B) on Form 990-EZ; or Part II, line 16(b) on Form 990-PF)"
cFinSrc,CFINSRC,BMF-2011-10-501CX-NONPROFIT-PX,2011-10,NCCS Financial Info,Character,10,Source of NCCS Financial Data,Source of financial data added by NCCS (primarily the most recent Form 990 filing as of BMF date from NCCS Core files)
RULEDATE,RULEDATE,BMF-2011-10-501CX-NONPROFIT-PX,2011-10,Other Descriptive Info,Character,6,Ruling date (YYYYMM) from IRS,Ruling date: year and month of IRS ruling or determination letter recognizing orgs exempt status (YYYYMM)
FNDNCD,FNDNCD,BMF-2011-10-501CX-NONPROFIT-PX,2011-10,Other Descriptive Info,Character,6,Reason for 501(c)(3) status,"Reason for & type of 501(c)(3) exempt status including codes for operating and grantmaking foundations, and broad type of public charity"
FRCD,FRCD,BMF-2011-10-501CX-NONPROFIT-PX,2011-10,Other Descriptive Info,Character,6,Filing Requirement Code,Filing requirements code. The 1st 2 characters indicate the requirements for 990/990-EZ forms. The 3rd character = 1 if a 990-PF is required or 0 if not.
SEC_NAME,SEC_NAME,BMF-2011-10-501CX-NONPROFIT-PX,2011-10,Other Descriptive Info,Character,35,Sort Name (Secondary name),Secondary organization name
GEN,GEN,BMF-2011-10-501CX-NONPROFIT-PX,2011-10,Other Descriptive Info,Character,4,Group Exemption Number,Group Exemption Number
LEVEL1,LEVEL1,BMF-2011-10-501CX-NONPROFIT-PX,2011-10,Other Classification,Character,4,Public charity or priv. fndn?,Public charity or private foundation?
LEVEL2,LEVEL2,BMF-2011-10-501CX-NONPROFIT-PX,2011-10,Other Classification,Character,4,Reporting public charity group,Reporting public charity groups.
level3,LEVEL3,BMF-2011-10-501CX-NONPROFIT-PX,2011-10,Other Classification,Character,4,Major NTEE category,Major NTEE category
level4,LEVEL4,BMF-2011-10-501CX-NONPROFIT-PX,2011-10,Other Classification,Character,4,NTEE-CC Major Group,NTEE-CC Major Group
NAICS,NAICS,BMF-2011-10-501CX-NONPROFIT-PX,2011-10,Other Classification,Character,6,NAICS,NAICS Code
ACCPER,ACCPER,BMF-2011-10-501CX-NONPROFIT-PX,2011-10,Miscellaneous,Character,2,Accounting period (MM),Accounting period
randnum,RANDNUM,BMF-2011-10-501CX-NONPROFIT-PX,2011-10,Miscellaneous,Numeric,2,Random number between 0 and 1,Random number between 0 and 1 used for creating samples
EIN,EIN,BMF-2011-11-501CX-NONPROFIT-PX,2011-11,Basic Info,Character,9,Employer Identification Number,Employer identification number.
NAME,NAME,BMF-2011-11-501CX-NONPROFIT-PX,2011-11,Basic Info,Character,60,Name of organization,Organization name.
STATE,STATE,BMF-2011-11-501CX-NONPROFIT-PX,2011-11,Basic Info,Character,2,State,Two-letter state abbreviation.
NTEE1,NTEE1,BMF-2011-11-501CX-NONPROFIT-PX,2011-11,Basic Info,Character,2,NTEE major group,NTEE major group (A-Z)
NTEECC,NTEECC,BMF-2011-11-501CX-NONPROFIT-PX,2011-11,Basic Info,Character,4,NTEECC primary purpose,NTEECC classification
CITY,CITY,BMF-2011-11-501CX-NONPROFIT-PX,2011-11,Basic Info,Character,22,City,City
zip5,ZIP5,BMF-2011-11-501CX-NONPROFIT-PX,2011-11,Basic Info,Character,5,"Zip code, 5 digits",First 5 digits of zip code
FIPS,FIPS,BMF-2011-11-501CX-NONPROFIT-PX,2011-11,Basic Info,Character,5,State + County FIPS code,2-digit State + 3-digit County FIPS code (Federal Information Processing Standard). See also U.S. Census Bureau State & County QuickFacts .
MSA_NECH,MSA_NECH,BMF-2011-11-501CX-NONPROFIT-PX,2011-11,Basic Info,Character,4,Metropolitan Statistical Area,Metropolitan Statistical Area (NCCS file) ( list )
PMSA,PMSA,BMF-2011-11-501CX-NONPROFIT-PX,2011-11,Basic Info,Character,4,Primary MSA,Primary Metropolitan Statistical Area
TAXPER,TAXPER,BMF-2011-11-501CX-NONPROFIT-PX,2011-11,Basic Info,Character,20,Ending date for tax period,"Ending date for tax period of financial data. Core files for 1997 on are in ""yyyymm"" format (199412=Dec. 1994). Earlier years use 2-digit year (""9412"")."
outnccs,OUTNCCS,BMF-2011-11-501CX-NONPROFIT-PX,2011-11,Basic Info,Character,20,Out of Scope flag,Out-of-scope (IN/OUT) (see OUTREAS doc. for details)
OUTREAS,OUTREAS,BMF-2011-11-501CX-NONPROFIT-PX,2011-11,Basic Info,Character,20,Reason why out of scope,Reason why out of scope
Filer,FILER,BMF-2011-11-501CX-NONPROFIT-PX,2011-11,Basic Info,Character,20,990 filing w/n 2 years? (Y/N),"Filed 990 return (Form 990, Form 990-EZ, Form 990-PF, or Form 990-N) within 24 months of BMF file? (Y/N)"
ZFILER,ZFILER,BMF-2011-11-501CX-NONPROFIT-PX,2011-11,Basic Info,Character,20,990 filing $0 inc/assets w/n 2 years? (Y/N),"Filed 990 return with zero income and assets within 24 months of BMF file? (Y/N) - Beginning 2008, over 95% of 'zero filers' (ZFiler=Y) filed Form 990-N (e-Postcard) for tax years ending on or after December 31, 2007."
SUBSECCD,SUBSECCD,BMF-2011-11-501CX-NONPROFIT-PX,2011-11,Classification,Character,20,Subsection code,"IRS subsection code (03=501(c)(3), etc.)"
ntmaj5,NTMAJ5,BMF-2011-11-501CX-NONPROFIT-PX,2011-11,Classification,Character,20,Major subsector,Major subsector (5)
ntmaj10,NTMAJ10,BMF-2011-11-501CX-NONPROFIT-PX,2011-11,Classification,Character,20,NTEE major group (10),10 NTEE major groups
ntmaj12,NTMAJ12,BMF-2011-11-501CX-NONPROFIT-PX,2011-11,Classification,Character,20,NTEE major group (12),12 NTEE major groups: ntmaj10 plus higher education (BH) and hospitals (EH)
NTEEconf,NTEECONF,BMF-2011-11-501CX-NONPROFIT-PX,2011-11,Classification,Character,1,NTEE confidence rating,NTEE classification confidence rating (A/B/C)
MAJGRPB,MAJGRPB,BMF-2011-11-501CX-NONPROFIT-PX,2011-11,Classification,Character,1,Major NTEE group,Major NTEE group plus hospitals and higher education
INCOME,INCOME,BMF-2011-11-501CX-NONPROFIT-PX,2011-11,Financial Info,Numeric,1,Gross receipts,Gross receipts from most recently filed Form 990
ASSETS,ASSETS,BMF-2011-11-501CX-NONPROFIT-PX,2011-11,Financial Info,Numeric,1,"Total assets, end of year",Total assets (end of year) from most recent Form 990
cFiler,CFILER,BMF-2011-11-501CX-NONPROFIT-PX,2011-11,NCCS Financial Info,Character,1,990 filing w/n 2 years? (Y/N),Filed 990 return within 24 months of BMF file date? (Y/N)
czFiler,CZFILER,BMF-2011-11-501CX-NONPROFIT-PX,2011-11,NCCS Financial Info,Character,1,990 filing $0 inc/assets w/n 2 years? (Y/N),"Filed 990 return with zero income and assets within 24 months of BMF file? (Y/N) - Beginning 2008, over 95% of 'zero filers' (cZFiler=Y) filed Form 990-N (e-Postcard) for tax years ending on or after December 31, 2007."
cTaxPer,CTAXPER,BMF-2011-11-501CX-NONPROFIT-PX,2011-11,NCCS Financial Info,Character,6,Ending date for tax period,Ending date for tax period of NCCS financial data in yyyymm format.
cTotRev,CTOTREV,BMF-2011-11-501CX-NONPROFIT-PX,2011-11,NCCS Financial Info,Numeric,6,Total Revenue,"Total Revenue from most recent Form 990 (Part I, line 12 on Form 990; Part I, line 9 on Form 990-EZ; or Part I, line 12(a) on Form 990-PF)"
cAssets,CASSETS,BMF-2011-11-501CX-NONPROFIT-PX,2011-11,NCCS Financial Info,Numeric,6,"Total Assets, BV End of Year","Total Assets (Book Value at end of year) from most recent Form 990 (Part IV, line 59(B) on Form 990; Part II, line 25(B) on Form 990-EZ; or Part II, line 16(b) on Form 990-PF)"
cFinSrc,CFINSRC,BMF-2011-11-501CX-NONPROFIT-PX,2011-11,NCCS Financial Info,Character,10,Source of NCCS Financial Data,Source of financial data added by NCCS (primarily the most recent Form 990 filing as of BMF date from NCCS Core files)
RULEDATE,RULEDATE,BMF-2011-11-501CX-NONPROFIT-PX,2011-11,Other Descriptive Info,Character,6,Ruling date (YYYYMM) from IRS,Ruling date: year and month of IRS ruling or determination letter recognizing orgs exempt status (YYYYMM)
FNDNCD,FNDNCD,BMF-2011-11-501CX-NONPROFIT-PX,2011-11,Other Descriptive Info,Character,6,Reason for 501(c)(3) status,"Reason for & type of 501(c)(3) exempt status including codes for operating and grantmaking foundations, and broad type of public charity"
FRCD,FRCD,BMF-2011-11-501CX-NONPROFIT-PX,2011-11,Other Descriptive Info,Character,6,Filing Requirement Code,Filing requirements code. The 1st 2 characters indicate the requirements for 990/990-EZ forms. The 3rd character = 1 if a 990-PF is required or 0 if not.
SEC_NAME,SEC_NAME,BMF-2011-11-501CX-NONPROFIT-PX,2011-11,Other Descriptive Info,Character,35,Sort Name (Secondary name),Secondary organization name
GEN,GEN,BMF-2011-11-501CX-NONPROFIT-PX,2011-11,Other Descriptive Info,Character,4,Group Exemption Number,Group Exemption Number
LEVEL1,LEVEL1,BMF-2011-11-501CX-NONPROFIT-PX,2011-11,Other Classification,Character,4,Public charity or priv. fndn?,Public charity or private foundation?
LEVEL2,LEVEL2,BMF-2011-11-501CX-NONPROFIT-PX,2011-11,Other Classification,Character,4,Reporting public charity group,Reporting public charity groups.
level3,LEVEL3,BMF-2011-11-501CX-NONPROFIT-PX,2011-11,Other Classification,Character,4,Major NTEE category,Major NTEE category
level4,LEVEL4,BMF-2011-11-501CX-NONPROFIT-PX,2011-11,Other Classification,Character,4,NTEE-CC Major Group,NTEE-CC Major Group
NAICS,NAICS,BMF-2011-11-501CX-NONPROFIT-PX,2011-11,Other Classification,Character,6,NAICS,NAICS Code
ACCPER,ACCPER,BMF-2011-11-501CX-NONPROFIT-PX,2011-11,Miscellaneous,Character,2,Accounting period (MM),Accounting period
randnum,RANDNUM,BMF-2011-11-501CX-NONPROFIT-PX,2011-11,Miscellaneous,Numeric,2,Random number between 0 and 1,Random number between 0 and 1 used for creating samples
EIN,EIN,BMF-2011-12-501CX-NONPROFIT-PX,2011-12,Basic Info,Character,9,Employer Identification Number,Employer identification number.
NAME,NAME,BMF-2011-12-501CX-NONPROFIT-PX,2011-12,Basic Info,Character,60,Name of organization,Organization name.
STATE,STATE,BMF-2011-12-501CX-NONPROFIT-PX,2011-12,Basic Info,Character,2,State,Two-letter state abbreviation.
NTEE1,NTEE1,BMF-2011-12-501CX-NONPROFIT-PX,2011-12,Basic Info,Character,2,NTEE major group,NTEE major group (A-Z)
NTEECC,NTEECC,BMF-2011-12-501CX-NONPROFIT-PX,2011-12,Basic Info,Character,4,NTEECC primary purpose,NTEECC classification
CITY,CITY,BMF-2011-12-501CX-NONPROFIT-PX,2011-12,Basic Info,Character,22,City,City
zip5,ZIP5,BMF-2011-12-501CX-NONPROFIT-PX,2011-12,Basic Info,Character,5,"Zip code, 5 digits",First 5 digits of zip code
FIPS,FIPS,BMF-2011-12-501CX-NONPROFIT-PX,2011-12,Basic Info,Character,5,State + County FIPS code,2-digit State + 3-digit County FIPS code (Federal Information Processing Standard). See also U.S. Census Bureau State & County QuickFacts .
MSA_NECH,MSA_NECH,BMF-2011-12-501CX-NONPROFIT-PX,2011-12,Basic Info,Character,4,Metropolitan Statistical Area,Metropolitan Statistical Area (NCCS file) ( list )
PMSA,PMSA,BMF-2011-12-501CX-NONPROFIT-PX,2011-12,Basic Info,Character,4,Primary MSA,Primary Metropolitan Statistical Area
TAXPER,TAXPER,BMF-2011-12-501CX-NONPROFIT-PX,2011-12,Basic Info,Character,20,Ending date for tax period,"Ending date for tax period of financial data. Core files for 1997 on are in ""yyyymm"" format (199412=Dec. 1994). Earlier years use 2-digit year (""9412"")."
outnccs,OUTNCCS,BMF-2011-12-501CX-NONPROFIT-PX,2011-12,Basic Info,Character,20,Out of Scope flag,Out-of-scope (IN/OUT) (see OUTREAS doc. for details)
OUTREAS,OUTREAS,BMF-2011-12-501CX-NONPROFIT-PX,2011-12,Basic Info,Character,20,Reason why out of scope,Reason why out of scope
Filer,FILER,BMF-2011-12-501CX-NONPROFIT-PX,2011-12,Basic Info,Character,20,990 filing w/n 2 years? (Y/N),"Filed 990 return (Form 990, Form 990-EZ, Form 990-PF, or Form 990-N) within 24 months of BMF file? (Y/N)"
ZFILER,ZFILER,BMF-2011-12-501CX-NONPROFIT-PX,2011-12,Basic Info,Character,20,990 filing $0 inc/assets w/n 2 years? (Y/N),"Filed 990 return with zero income and assets within 24 months of BMF file? (Y/N) - Beginning 2008, over 95% of 'zero filers' (ZFiler=Y) filed Form 990-N (e-Postcard) for tax years ending on or after December 31, 2007."
SUBSECCD,SUBSECCD,BMF-2011-12-501CX-NONPROFIT-PX,2011-12,Classification,Character,20,Subsection code,"IRS subsection code (03=501(c)(3), etc.)"
ntmaj5,NTMAJ5,BMF-2011-12-501CX-NONPROFIT-PX,2011-12,Classification,Character,20,Major subsector,Major subsector (5)
ntmaj10,NTMAJ10,BMF-2011-12-501CX-NONPROFIT-PX,2011-12,Classification,Character,20,NTEE major group (10),10 NTEE major groups
ntmaj12,NTMAJ12,BMF-2011-12-501CX-NONPROFIT-PX,2011-12,Classification,Character,20,NTEE major group (12),12 NTEE major groups: ntmaj10 plus higher education (BH) and hospitals (EH)
NTEEconf,NTEECONF,BMF-2011-12-501CX-NONPROFIT-PX,2011-12,Classification,Character,1,NTEE confidence rating,NTEE classification confidence rating (A/B/C)
MAJGRPB,MAJGRPB,BMF-2011-12-501CX-NONPROFIT-PX,2011-12,Classification,Character,1,Major NTEE group,Major NTEE group plus hospitals and higher education
INCOME,INCOME,BMF-2011-12-501CX-NONPROFIT-PX,2011-12,Financial Info,Numeric,1,Gross receipts,Gross receipts from most recently filed Form 990
ASSETS,ASSETS,BMF-2011-12-501CX-NONPROFIT-PX,2011-12,Financial Info,Numeric,1,"Total assets, end of year",Total assets (end of year) from most recent Form 990
cFiler,CFILER,BMF-2011-12-501CX-NONPROFIT-PX,2011-12,NCCS Financial Info,Character,1,990 filing w/n 2 years? (Y/N),Filed 990 return within 24 months of BMF file date? (Y/N)
czFiler,CZFILER,BMF-2011-12-501CX-NONPROFIT-PX,2011-12,NCCS Financial Info,Character,1,990 filing $0 inc/assets w/n 2 years? (Y/N),"Filed 990 return with zero income and assets within 24 months of BMF file? (Y/N) - Beginning 2008, over 95% of 'zero filers' (cZFiler=Y) filed Form 990-N (e-Postcard) for tax years ending on or after December 31, 2007."
cTaxPer,CTAXPER,BMF-2011-12-501CX-NONPROFIT-PX,2011-12,NCCS Financial Info,Character,6,Ending date for tax period,Ending date for tax period of NCCS financial data in yyyymm format.
cTotRev,CTOTREV,BMF-2011-12-501CX-NONPROFIT-PX,2011-12,NCCS Financial Info,Numeric,6,Total Revenue,"Total Revenue from most recent Form 990 (Part I, line 12 on Form 990; Part I, line 9 on Form 990-EZ; or Part I, line 12(a) on Form 990-PF)"
cAssets,CASSETS,BMF-2011-12-501CX-NONPROFIT-PX,2011-12,NCCS Financial Info,Numeric,6,"Total Assets, BV End of Year","Total Assets (Book Value at end of year) from most recent Form 990 (Part IV, line 59(B) on Form 990; Part II, line 25(B) on Form 990-EZ; or Part II, line 16(b) on Form 990-PF)"
cFinSrc,CFINSRC,BMF-2011-12-501CX-NONPROFIT-PX,2011-12,NCCS Financial Info,Character,10,Source of NCCS Financial Data,Source of financial data added by NCCS (primarily the most recent Form 990 filing as of BMF date from NCCS Core files)
RULEDATE,RULEDATE,BMF-2011-12-501CX-NONPROFIT-PX,2011-12,Other Descriptive Info,Character,6,Ruling date (YYYYMM) from IRS,Ruling date: year and month of IRS ruling or determination letter recognizing orgs exempt status (YYYYMM)
FNDNCD,FNDNCD,BMF-2011-12-501CX-NONPROFIT-PX,2011-12,Other Descriptive Info,Character,6,Reason for 501(c)(3) status,"Reason for & type of 501(c)(3) exempt status including codes for operating and grantmaking foundations, and broad type of public charity"
FRCD,FRCD,BMF-2011-12-501CX-NONPROFIT-PX,2011-12,Other Descriptive Info,Character,6,Filing Requirement Code,Filing requirements code. The 1st 2 characters indicate the requirements for 990/990-EZ forms. The 3rd character = 1 if a 990-PF is required or 0 if not.
SEC_NAME,SEC_NAME,BMF-2011-12-501CX-NONPROFIT-PX,2011-12,Other Descriptive Info,Character,35,Sort Name (Secondary name),Secondary organization name
GEN,GEN,BMF-2011-12-501CX-NONPROFIT-PX,2011-12,Other Descriptive Info,Character,4,Group Exemption Number,Group Exemption Number
LEVEL1,LEVEL1,BMF-2011-12-501CX-NONPROFIT-PX,2011-12,Other Classification,Character,4,Public charity or priv. fndn?,Public charity or private foundation?
LEVEL2,LEVEL2,BMF-2011-12-501CX-NONPROFIT-PX,2011-12,Other Classification,Character,4,Reporting public charity group,Reporting public charity groups.
level3,LEVEL3,BMF-2011-12-501CX-NONPROFIT-PX,2011-12,Other Classification,Character,4,Major NTEE category,Major NTEE category
level4,LEVEL4,BMF-2011-12-501CX-NONPROFIT-PX,2011-12,Other Classification,Character,4,NTEE-CC Major Group,NTEE-CC Major Group
NAICS,NAICS,BMF-2011-12-501CX-NONPROFIT-PX,2011-12,Other Classification,Character,6,NAICS,NAICS Code
ACCPER,ACCPER,BMF-2011-12-501CX-NONPROFIT-PX,2011-12,Miscellaneous,Character,2,Accounting period (MM),Accounting period
randnum,RANDNUM,BMF-2011-12-501CX-NONPROFIT-PX,2011-12,Miscellaneous,Numeric,2,Random number between 0 and 1,Random number between 0 and 1 used for creating samples
EIN,EIN,BMF-2012-03-501CX-NONPROFIT-PX,2012-03,Basic Info,Character,9,Employer Identification Number,Employer identification number.
NAME,NAME,BMF-2012-03-501CX-NONPROFIT-PX,2012-03,Basic Info,Character,60,Name of organization,Organization name.
STATE,STATE,BMF-2012-03-501CX-NONPROFIT-PX,2012-03,Basic Info,Character,2,State,Two-letter state abbreviation.
NTEE1,NTEE1,BMF-2012-03-501CX-NONPROFIT-PX,2012-03,Basic Info,Character,2,NTEE major group,NTEE major group (A-Z)
NTEECC,NTEECC,BMF-2012-03-501CX-NONPROFIT-PX,2012-03,Basic Info,Character,4,NTEECC primary purpose,NTEECC classification
CITY,CITY,BMF-2012-03-501CX-NONPROFIT-PX,2012-03,Basic Info,Character,22,City,City
zip5,ZIP5,BMF-2012-03-501CX-NONPROFIT-PX,2012-03,Basic Info,Character,5,"Zip code, 5 digits",First 5 digits of zip code
FIPS,FIPS,BMF-2012-03-501CX-NONPROFIT-PX,2012-03,Basic Info,Character,5,State + County FIPS code,2-digit State + 3-digit County FIPS code (Federal Information Processing Standard). See also U.S. Census Bureau State & County QuickFacts .
MSA_NECH,MSA_NECH,BMF-2012-03-501CX-NONPROFIT-PX,2012-03,Basic Info,Character,4,Metropolitan Statistical Area,Metropolitan Statistical Area (NCCS file) ( list )
PMSA,PMSA,BMF-2012-03-501CX-NONPROFIT-PX,2012-03,Basic Info,Character,4,Primary MSA,Primary Metropolitan Statistical Area
TAXPER,TAXPER,BMF-2012-03-501CX-NONPROFIT-PX,2012-03,Basic Info,Character,20,Ending date for tax period,"Ending date for tax period of financial data. Core files for 1997 on are in ""yyyymm"" format (199412=Dec. 1994). Earlier years use 2-digit year (""9412"")."
outnccs,OUTNCCS,BMF-2012-03-501CX-NONPROFIT-PX,2012-03,Basic Info,Character,20,Out of Scope flag,Out-of-scope (IN/OUT) (see OUTREAS doc. for details)
OUTREAS,OUTREAS,BMF-2012-03-501CX-NONPROFIT-PX,2012-03,Basic Info,Character,20,Reason why out of scope,Reason why out of scope
Filer,FILER,BMF-2012-03-501CX-NONPROFIT-PX,2012-03,Basic Info,Character,20,990 filing w/n 2 years? (Y/N),"Filed 990 return (Form 990, Form 990-EZ, Form 990-PF, or Form 990-N) within 24 months of BMF file? (Y/N)"
ZFILER,ZFILER,BMF-2012-03-501CX-NONPROFIT-PX,2012-03,Basic Info,Character,20,990 filing $0 inc/assets w/n 2 years? (Y/N),"Filed 990 return with zero income and assets within 24 months of BMF file? (Y/N) - Beginning 2008, over 95% of 'zero filers' (ZFiler=Y) filed Form 990-N (e-Postcard) for tax years ending on or after December 31, 2007."
SUBSECCD,SUBSECCD,BMF-2012-03-501CX-NONPROFIT-PX,2012-03,Classification,Character,20,Subsection code,"IRS subsection code (03=501(c)(3), etc.)"
ntmaj5,NTMAJ5,BMF-2012-03-501CX-NONPROFIT-PX,2012-03,Classification,Character,20,Major subsector,Major subsector (5)
ntmaj10,NTMAJ10,BMF-2012-03-501CX-NONPROFIT-PX,2012-03,Classification,Character,20,NTEE major group (10),10 NTEE major groups
ntmaj12,NTMAJ12,BMF-2012-03-501CX-NONPROFIT-PX,2012-03,Classification,Character,20,NTEE major group (12),12 NTEE major groups: ntmaj10 plus higher education (BH) and hospitals (EH)
NTEEconf,NTEECONF,BMF-2012-03-501CX-NONPROFIT-PX,2012-03,Classification,Character,1,NTEE confidence rating,NTEE classification confidence rating (A/B/C)
MAJGRPB,MAJGRPB,BMF-2012-03-501CX-NONPROFIT-PX,2012-03,Classification,Character,1,Major NTEE group,Major NTEE group plus hospitals and higher education
INCOME,INCOME,BMF-2012-03-501CX-NONPROFIT-PX,2012-03,Financial Info,Numeric,1,Gross receipts,Gross receipts from most recently filed Form 990
ASSETS,ASSETS,BMF-2012-03-501CX-NONPROFIT-PX,2012-03,Financial Info,Numeric,1,"Total assets, end of year",Total assets (end of year) from most recent Form 990
cFiler,CFILER,BMF-2012-03-501CX-NONPROFIT-PX,2012-03,NCCS Financial Info,Character,1,990 filing w/n 2 years? (Y/N),Filed 990 return within 24 months of BMF file date? (Y/N)
czFiler,CZFILER,BMF-2012-03-501CX-NONPROFIT-PX,2012-03,NCCS Financial Info,Character,1,990 filing $0 inc/assets w/n 2 years? (Y/N),"Filed 990 return with zero income and assets within 24 months of BMF file? (Y/N) - Beginning 2008, over 95% of 'zero filers' (cZFiler=Y) filed Form 990-N (e-Postcard) for tax years ending on or after December 31, 2007."
cTaxPer,CTAXPER,BMF-2012-03-501CX-NONPROFIT-PX,2012-03,NCCS Financial Info,Character,6,Ending date for tax period,Ending date for tax period of NCCS financial data in yyyymm format.
cTotRev,CTOTREV,BMF-2012-03-501CX-NONPROFIT-PX,2012-03,NCCS Financial Info,Numeric,6,Total Revenue,"Total Revenue from most recent Form 990 (Part I, line 12 on Form 990; Part I, line 9 on Form 990-EZ; or Part I, line 12(a) on Form 990-PF)"
cAssets,CASSETS,BMF-2012-03-501CX-NONPROFIT-PX,2012-03,NCCS Financial Info,Numeric,6,"Total Assets, BV End of Year","Total Assets (Book Value at end of year) from most recent Form 990 (Part IV, line 59(B) on Form 990; Part II, line 25(B) on Form 990-EZ; or Part II, line 16(b) on Form 990-PF)"
cFinSrc,CFINSRC,BMF-2012-03-501CX-NONPROFIT-PX,2012-03,NCCS Financial Info,Character,10,Source of NCCS Financial Data,Source of financial data added by NCCS (primarily the most recent Form 990 filing as of BMF date from NCCS Core files)
RULEDATE,RULEDATE,BMF-2012-03-501CX-NONPROFIT-PX,2012-03,Other Descriptive Info,Character,6,Ruling date (YYYYMM) from IRS,Ruling date: year and month of IRS ruling or determination letter recognizing orgs exempt status (YYYYMM)
FNDNCD,FNDNCD,BMF-2012-03-501CX-NONPROFIT-PX,2012-03,Other Descriptive Info,Character,6,Reason for 501(c)(3) status,"Reason for & type of 501(c)(3) exempt status including codes for operating and grantmaking foundations, and broad type of public charity"
FRCD,FRCD,BMF-2012-03-501CX-NONPROFIT-PX,2012-03,Other Descriptive Info,Character,6,Filing Requirement Code,Filing requirements code. The 1st 2 characters indicate the requirements for 990/990-EZ forms. The 3rd character = 1 if a 990-PF is required or 0 if not.
SEC_NAME,SEC_NAME,BMF-2012-03-501CX-NONPROFIT-PX,2012-03,Other Descriptive Info,Character,35,Sort Name (Secondary name),Secondary organization name
GEN,GEN,BMF-2012-03-501CX-NONPROFIT-PX,2012-03,Other Descriptive Info,Character,4,Group Exemption Number,Group Exemption Number
LEVEL1,LEVEL1,BMF-2012-03-501CX-NONPROFIT-PX,2012-03,Other Classification,Character,4,Public charity or priv. fndn?,Public charity or private foundation?
LEVEL2,LEVEL2,BMF-2012-03-501CX-NONPROFIT-PX,2012-03,Other Classification,Character,4,Reporting public charity group,Reporting public charity groups.
level3,LEVEL3,BMF-2012-03-501CX-NONPROFIT-PX,2012-03,Other Classification,Character,4,Major NTEE category,Major NTEE category
level4,LEVEL4,BMF-2012-03-501CX-NONPROFIT-PX,2012-03,Other Classification,Character,4,NTEE-CC Major Group,NTEE-CC Major Group
NAICS,NAICS,BMF-2012-03-501CX-NONPROFIT-PX,2012-03,Other Classification,Character,6,NAICS,NAICS Code
randnum,RANDNUM,BMF-2012-03-501CX-NONPROFIT-PX,2012-03,Miscellaneous,Numeric,6,Random number between 0 and 1,Random number between 0 and 1 used for creating samples
ACCPER,ACCPER,BMF-2012-03-501CX-NONPROFIT-PX,2012-03,Miscellaneous,Character,2,Accounting period (MM),Accounting period
EIN,EIN,BMF-2012-06-501CX-NONPROFIT-PX,2012-06,Basic Info,Character,9,Employer Identification Number,Employer identification number.
NAME,NAME,BMF-2012-06-501CX-NONPROFIT-PX,2012-06,Basic Info,Character,60,Name of organization,Organization name.
STATE,STATE,BMF-2012-06-501CX-NONPROFIT-PX,2012-06,Basic Info,Character,2,State,Two-letter state abbreviation.
NTEE1,NTEE1,BMF-2012-06-501CX-NONPROFIT-PX,2012-06,Basic Info,Character,2,NTEE major group,NTEE major group (A-Z)
NTEECC,NTEECC,BMF-2012-06-501CX-NONPROFIT-PX,2012-06,Basic Info,Character,4,NTEECC primary purpose,NTEECC classification
CITY,CITY,BMF-2012-06-501CX-NONPROFIT-PX,2012-06,Basic Info,Character,22,City,City
zip5,ZIP5,BMF-2012-06-501CX-NONPROFIT-PX,2012-06,Basic Info,Character,5,"Zip code, 5 digits",First 5 digits of zip code
FIPS,FIPS,BMF-2012-06-501CX-NONPROFIT-PX,2012-06,Basic Info,Character,5,State + County FIPS code,2-digit State + 3-digit County FIPS code (Federal Information Processing Standard). See also U.S. Census Bureau State & County QuickFacts .
MSA_NECH,MSA_NECH,BMF-2012-06-501CX-NONPROFIT-PX,2012-06,Basic Info,Character,4,Metropolitan Statistical Area,Metropolitan Statistical Area (NCCS file) ( list )
PMSA,PMSA,BMF-2012-06-501CX-NONPROFIT-PX,2012-06,Basic Info,Character,4,Primary MSA,Primary Metropolitan Statistical Area
TAXPER,TAXPER,BMF-2012-06-501CX-NONPROFIT-PX,2012-06,Basic Info,Character,20,Ending date for tax period,"Ending date for tax period of financial data. Core files for 1997 on are in ""yyyymm"" format (199412=Dec. 1994). Earlier years use 2-digit year (""9412"")."
outnccs,OUTNCCS,BMF-2012-06-501CX-NONPROFIT-PX,2012-06,Basic Info,Character,20,Out of Scope flag,Out-of-scope (IN/OUT) (see OUTREAS doc. for details)
OUTREAS,OUTREAS,BMF-2012-06-501CX-NONPROFIT-PX,2012-06,Basic Info,Character,20,Reason why out of scope,Reason why out of scope
Filer,FILER,BMF-2012-06-501CX-NONPROFIT-PX,2012-06,Basic Info,Character,20,990 filing w/n 2 years? (Y/N),"Filed 990 return (Form 990, Form 990-EZ, Form 990-PF, or Form 990-N) within 24 months of BMF file? (Y/N)"
ZFILER,ZFILER,BMF-2012-06-501CX-NONPROFIT-PX,2012-06,Basic Info,Character,20,990 filing $0 inc/assets w/n 2 years? (Y/N),"Filed 990 return with zero income and assets within 24 months of BMF file? (Y/N) - Beginning 2008, over 95% of 'zero filers' (ZFiler=Y) filed Form 990-N (e-Postcard) for tax years ending on or after December 31, 2007."
SUBSECCD,SUBSECCD,BMF-2012-06-501CX-NONPROFIT-PX,2012-06,Classification,Character,20,Subsection code,"IRS subsection code (03=501(c)(3), etc.)"
ntmaj5,NTMAJ5,BMF-2012-06-501CX-NONPROFIT-PX,2012-06,Classification,Character,20,Major subsector,Major subsector (5)
ntmaj10,NTMAJ10,BMF-2012-06-501CX-NONPROFIT-PX,2012-06,Classification,Character,20,NTEE major group (10),10 NTEE major groups
ntmaj12,NTMAJ12,BMF-2012-06-501CX-NONPROFIT-PX,2012-06,Classification,Character,20,NTEE major group (12),12 NTEE major groups: ntmaj10 plus higher education (BH) and hospitals (EH)
NTEEconf,NTEECONF,BMF-2012-06-501CX-NONPROFIT-PX,2012-06,Classification,Character,1,NTEE confidence rating,NTEE classification confidence rating (A/B/C)
MAJGRPB,MAJGRPB,BMF-2012-06-501CX-NONPROFIT-PX,2012-06,Classification,Character,1,Major NTEE group,Major NTEE group plus hospitals and higher education
INCOME,INCOME,BMF-2012-06-501CX-NONPROFIT-PX,2012-06,Financial Info,Numeric,1,Gross receipts,Gross receipts from most recently filed Form 990
ASSETS,ASSETS,BMF-2012-06-501CX-NONPROFIT-PX,2012-06,Financial Info,Numeric,1,"Total assets, end of year",Total assets (end of year) from most recent Form 990
cFiler,CFILER,BMF-2012-06-501CX-NONPROFIT-PX,2012-06,NCCS Financial Info,Character,1,990 filing w/n 2 years? (Y/N),Filed 990 return within 24 months of BMF file date? (Y/N)
czFiler,CZFILER,BMF-2012-06-501CX-NONPROFIT-PX,2012-06,NCCS Financial Info,Character,1,990 filing $0 inc/assets w/n 2 years? (Y/N),"Filed 990 return with zero income and assets within 24 months of BMF file? (Y/N) - Beginning 2008, over 95% of 'zero filers' (cZFiler=Y) filed Form 990-N (e-Postcard) for tax years ending on or after December 31, 2007."
cTaxPer,CTAXPER,BMF-2012-06-501CX-NONPROFIT-PX,2012-06,NCCS Financial Info,Character,6,Ending date for tax period,Ending date for tax period of NCCS financial data in yyyymm format.
cTotRev,CTOTREV,BMF-2012-06-501CX-NONPROFIT-PX,2012-06,NCCS Financial Info,Numeric,6,Total Revenue,"Total Revenue from most recent Form 990 (Part I, line 12 on Form 990; Part I, line 9 on Form 990-EZ; or Part I, line 12(a) on Form 990-PF)"
cAssets,CASSETS,BMF-2012-06-501CX-NONPROFIT-PX,2012-06,NCCS Financial Info,Numeric,6,"Total Assets, BV End of Year","Total Assets (Book Value at end of year) from most recent Form 990 (Part IV, line 59(B) on Form 990; Part II, line 25(B) on Form 990-EZ; or Part II, line 16(b) on Form 990-PF)"
cFinSrc,CFINSRC,BMF-2012-06-501CX-NONPROFIT-PX,2012-06,NCCS Financial Info,Character,10,Source of NCCS Financial Data,Source of financial data added by NCCS (primarily the most recent Form 990 filing as of BMF date from NCCS Core files)
RULEDATE,RULEDATE,BMF-2012-06-501CX-NONPROFIT-PX,2012-06,Other Descriptive Info,Character,6,Ruling date (YYYYMM) from IRS,Ruling date: year and month of IRS ruling or determination letter recognizing orgs exempt status (YYYYMM)
FNDNCD,FNDNCD,BMF-2012-06-501CX-NONPROFIT-PX,2012-06,Other Descriptive Info,Character,6,Reason for 501(c)(3) status,"Reason for & type of 501(c)(3) exempt status including codes for operating and grantmaking foundations, and broad type of public charity"
FRCD,FRCD,BMF-2012-06-501CX-NONPROFIT-PX,2012-06,Other Descriptive Info,Character,6,Filing Requirement Code,Filing requirements code. The 1st 2 characters indicate the requirements for 990/990-EZ forms. The 3rd character = 1 if a 990-PF is required or 0 if not.
SEC_NAME,SEC_NAME,BMF-2012-06-501CX-NONPROFIT-PX,2012-06,Other Descriptive Info,Character,35,Sort Name (Secondary name),Secondary organization name
GEN,GEN,BMF-2012-06-501CX-NONPROFIT-PX,2012-06,Other Descriptive Info,Character,4,Group Exemption Number,Group Exemption Number
LEVEL1,LEVEL1,BMF-2012-06-501CX-NONPROFIT-PX,2012-06,Other Classification,Character,4,Public charity or priv. fndn?,Public charity or private foundation?
LEVEL2,LEVEL2,BMF-2012-06-501CX-NONPROFIT-PX,2012-06,Other Classification,Character,4,Reporting public charity group,Reporting public charity groups.
level3,LEVEL3,BMF-2012-06-501CX-NONPROFIT-PX,2012-06,Other Classification,Character,4,Major NTEE category,Major NTEE category
level4,LEVEL4,BMF-2012-06-501CX-NONPROFIT-PX,2012-06,Other Classification,Character,4,NTEE-CC Major Group,NTEE-CC Major Group
NAICS,NAICS,BMF-2012-06-501CX-NONPROFIT-PX,2012-06,Other Classification,Character,6,NAICS,NAICS Code
ACCPER,ACCPER,BMF-2012-06-501CX-NONPROFIT-PX,2012-06,Miscellaneous,Character,2,Accounting period (MM),Accounting period
randnum,RANDNUM,BMF-2012-06-501CX-NONPROFIT-PX,2012-06,Miscellaneous,Numeric,2,Random number between 0 and 1,Random number between 0 and 1 used for creating samples
EIN,EIN,BMF-2012-07-501CX-NONPROFIT-PX,2012-07,Basic Info,Character,9,Employer Identification Number,Employer identification number.
NAME,NAME,BMF-2012-07-501CX-NONPROFIT-PX,2012-07,Basic Info,Character,60,Name of organization,Organization name.
STATE,STATE,BMF-2012-07-501CX-NONPROFIT-PX,2012-07,Basic Info,Character,2,State,Two-letter state abbreviation.
NTEE1,NTEE1,BMF-2012-07-501CX-NONPROFIT-PX,2012-07,Basic Info,Character,2,NTEE major group,NTEE major group (A-Z)
NTEECC,NTEECC,BMF-2012-07-501CX-NONPROFIT-PX,2012-07,Basic Info,Character,4,NTEECC primary purpose,NTEECC classification
CITY,CITY,BMF-2012-07-501CX-NONPROFIT-PX,2012-07,Basic Info,Character,22,City,City
zip5,ZIP5,BMF-2012-07-501CX-NONPROFIT-PX,2012-07,Basic Info,Character,5,"Zip code, 5 digits",First 5 digits of zip code
FIPS,FIPS,BMF-2012-07-501CX-NONPROFIT-PX,2012-07,Basic Info,Character,5,State + County FIPS code,2-digit State + 3-digit County FIPS code (Federal Information Processing Standard). See also U.S. Census Bureau State & County QuickFacts .
MSA_NECH,MSA_NECH,BMF-2012-07-501CX-NONPROFIT-PX,2012-07,Basic Info,Character,4,Metropolitan Statistical Area,Metropolitan Statistical Area (NCCS file) ( list )
PMSA,PMSA,BMF-2012-07-501CX-NONPROFIT-PX,2012-07,Basic Info,Character,4,Primary MSA,Primary Metropolitan Statistical Area
TAXPER,TAXPER,BMF-2012-07-501CX-NONPROFIT-PX,2012-07,Basic Info,Character,20,Ending date for tax period,"Ending date for tax period of financial data. Core files for 1997 on are in ""yyyymm"" format (199412=Dec. 1994). Earlier years use 2-digit year (""9412"")."
outnccs,OUTNCCS,BMF-2012-07-501CX-NONPROFIT-PX,2012-07,Basic Info,Character,20,Out of Scope flag,Out-of-scope (IN/OUT) (see OUTREAS doc. for details)
OUTREAS,OUTREAS,BMF-2012-07-501CX-NONPROFIT-PX,2012-07,Basic Info,Character,20,Reason why out of scope,Reason why out of scope
Filer,FILER,BMF-2012-07-501CX-NONPROFIT-PX,2012-07,Basic Info,Character,20,990 filing w/n 2 years? (Y/N),"Filed 990 return (Form 990, Form 990-EZ, Form 990-PF, or Form 990-N) within 24 months of BMF file? (Y/N)"
ZFILER,ZFILER,BMF-2012-07-501CX-NONPROFIT-PX,2012-07,Basic Info,Character,20,990 filing $0 inc/assets w/n 2 years? (Y/N),"Filed 990 return with zero income and assets within 24 months of BMF file? (Y/N) - Beginning 2008, over 95% of 'zero filers' (ZFiler=Y) filed Form 990-N (e-Postcard) for tax years ending on or after December 31, 2007."
SUBSECCD,SUBSECCD,BMF-2012-07-501CX-NONPROFIT-PX,2012-07,Classification,Character,20,Subsection code,"IRS subsection code (03=501(c)(3), etc.)"
ntmaj5,NTMAJ5,BMF-2012-07-501CX-NONPROFIT-PX,2012-07,Classification,Character,20,Major subsector,Major subsector (5)
ntmaj10,NTMAJ10,BMF-2012-07-501CX-NONPROFIT-PX,2012-07,Classification,Character,20,NTEE major group (10),10 NTEE major groups
ntmaj12,NTMAJ12,BMF-2012-07-501CX-NONPROFIT-PX,2012-07,Classification,Character,20,NTEE major group (12),12 NTEE major groups: ntmaj10 plus higher education (BH) and hospitals (EH)
NTEEconf,NTEECONF,BMF-2012-07-501CX-NONPROFIT-PX,2012-07,Classification,Character,1,NTEE confidence rating,NTEE classification confidence rating (A/B/C)
MAJGRPB,MAJGRPB,BMF-2012-07-501CX-NONPROFIT-PX,2012-07,Classification,Character,1,Major NTEE group,Major NTEE group plus hospitals and higher education
INCOME,INCOME,BMF-2012-07-501CX-NONPROFIT-PX,2012-07,Financial Info,Numeric,1,Gross receipts,Gross receipts from most recently filed Form 990
ASSETS,ASSETS,BMF-2012-07-501CX-NONPROFIT-PX,2012-07,Financial Info,Numeric,1,"Total assets, end of year",Total assets (end of year) from most recent Form 990
cFiler,CFILER,BMF-2012-07-501CX-NONPROFIT-PX,2012-07,NCCS Financial Info,Character,1,990 filing w/n 2 years? (Y/N),Filed 990 return within 24 months of BMF file date? (Y/N)
czFiler,CZFILER,BMF-2012-07-501CX-NONPROFIT-PX,2012-07,NCCS Financial Info,Character,1,990 filing $0 inc/assets w/n 2 years? (Y/N),"Filed 990 return with zero income and assets within 24 months of BMF file? (Y/N) - Beginning 2008, over 95% of 'zero filers' (cZFiler=Y) filed Form 990-N (e-Postcard) for tax years ending on or after December 31, 2007."
cTaxPer,CTAXPER,BMF-2012-07-501CX-NONPROFIT-PX,2012-07,NCCS Financial Info,Character,6,Ending date for tax period,Ending date for tax period of NCCS financial data in yyyymm format.
cTotRev,CTOTREV,BMF-2012-07-501CX-NONPROFIT-PX,2012-07,NCCS Financial Info,Numeric,6,Total Revenue,"Total Revenue from most recent Form 990 (Part I, line 12 on Form 990; Part I, line 9 on Form 990-EZ; or Part I, line 12(a) on Form 990-PF)"
cAssets,CASSETS,BMF-2012-07-501CX-NONPROFIT-PX,2012-07,NCCS Financial Info,Numeric,6,"Total Assets, BV End of Year","Total Assets (Book Value at end of year) from most recent Form 990 (Part IV, line 59(B) on Form 990; Part II, line 25(B) on Form 990-EZ; or Part II, line 16(b) on Form 990-PF)"
cFinSrc,CFINSRC,BMF-2012-07-501CX-NONPROFIT-PX,2012-07,NCCS Financial Info,Character,10,Source of NCCS Financial Data,Source of financial data added by NCCS (primarily the most recent Form 990 filing as of BMF date from NCCS Core files)
RULEDATE,RULEDATE,BMF-2012-07-501CX-NONPROFIT-PX,2012-07,Other Descriptive Info,Character,6,Ruling date (YYYYMM) from IRS,Ruling date: year and month of IRS ruling or determination letter recognizing orgs exempt status (YYYYMM)
FNDNCD,FNDNCD,BMF-2012-07-501CX-NONPROFIT-PX,2012-07,Other Descriptive Info,Character,6,Reason for 501(c)(3) status,"Reason for & type of 501(c)(3) exempt status including codes for operating and grantmaking foundations, and broad type of public charity"
FRCD,FRCD,BMF-2012-07-501CX-NONPROFIT-PX,2012-07,Other Descriptive Info,Character,6,Filing Requirement Code,Filing requirements code. The 1st 2 characters indicate the requirements for 990/990-EZ forms. The 3rd character = 1 if a 990-PF is required or 0 if not.
SEC_NAME,SEC_NAME,BMF-2012-07-501CX-NONPROFIT-PX,2012-07,Other Descriptive Info,Character,35,Sort Name (Secondary name),Secondary organization name
GEN,GEN,BMF-2012-07-501CX-NONPROFIT-PX,2012-07,Other Descriptive Info,Character,4,Group Exemption Number,Group Exemption Number
LEVEL1,LEVEL1,BMF-2012-07-501CX-NONPROFIT-PX,2012-07,Other Classification,Character,4,Public charity or priv. fndn?,Public charity or private foundation?
LEVEL2,LEVEL2,BMF-2012-07-501CX-NONPROFIT-PX,2012-07,Other Classification,Character,4,Reporting public charity group,Reporting public charity groups.
level3,LEVEL3,BMF-2012-07-501CX-NONPROFIT-PX,2012-07,Other Classification,Character,4,Major NTEE category,Major NTEE category
level4,LEVEL4,BMF-2012-07-501CX-NONPROFIT-PX,2012-07,Other Classification,Character,4,NTEE-CC Major Group,NTEE-CC Major Group
NAICS,NAICS,BMF-2012-07-501CX-NONPROFIT-PX,2012-07,Other Classification,Character,6,NAICS,NAICS Code
ACCPER,ACCPER,BMF-2012-07-501CX-NONPROFIT-PX,2012-07,Miscellaneous,Character,2,Accounting period (MM),Accounting period
randnum,RANDNUM,BMF-2012-07-501CX-NONPROFIT-PX,2012-07,Miscellaneous,Numeric,2,Random number between 0 and 1,Random number between 0 and 1 used for creating samples
EIN,EIN,BMF-2012-08-501CX-NONPROFIT-PX,2012-08,Basic Info,Character,9,Employer Identification Number,Employer identification number.
NAME,NAME,BMF-2012-08-501CX-NONPROFIT-PX,2012-08,Basic Info,Character,60,Name of organization,Organization name.
STATE,STATE,BMF-2012-08-501CX-NONPROFIT-PX,2012-08,Basic Info,Character,2,State,Two-letter state abbreviation.
NTEE1,NTEE1,BMF-2012-08-501CX-NONPROFIT-PX,2012-08,Basic Info,Character,2,NTEE major group,NTEE major group (A-Z)
NTEECC,NTEECC,BMF-2012-08-501CX-NONPROFIT-PX,2012-08,Basic Info,Character,4,NTEECC primary purpose,NTEECC classification
CITY,CITY,BMF-2012-08-501CX-NONPROFIT-PX,2012-08,Basic Info,Character,22,City,City
zip5,ZIP5,BMF-2012-08-501CX-NONPROFIT-PX,2012-08,Basic Info,Character,5,"Zip code, 5 digits",First 5 digits of zip code
FIPS,FIPS,BMF-2012-08-501CX-NONPROFIT-PX,2012-08,Basic Info,Character,5,State + County FIPS code,2-digit State + 3-digit County FIPS code (Federal Information Processing Standard). See also U.S. Census Bureau State & County QuickFacts .
MSA_NECH,MSA_NECH,BMF-2012-08-501CX-NONPROFIT-PX,2012-08,Basic Info,Character,4,Metropolitan Statistical Area,Metropolitan Statistical Area (NCCS file) ( list )
PMSA,PMSA,BMF-2012-08-501CX-NONPROFIT-PX,2012-08,Basic Info,Character,4,Primary MSA,Primary Metropolitan Statistical Area
TAXPER,TAXPER,BMF-2012-08-501CX-NONPROFIT-PX,2012-08,Basic Info,Character,20,Ending date for tax period,"Ending date for tax period of financial data. Core files for 1997 on are in ""yyyymm"" format (199412=Dec. 1994). Earlier years use 2-digit year (""9412"")."
outnccs,OUTNCCS,BMF-2012-08-501CX-NONPROFIT-PX,2012-08,Basic Info,Character,20,Out of Scope flag,Out-of-scope (IN/OUT) (see OUTREAS doc. for details)
OUTREAS,OUTREAS,BMF-2012-08-501CX-NONPROFIT-PX,2012-08,Basic Info,Character,20,Reason why out of scope,Reason why out of scope
Filer,FILER,BMF-2012-08-501CX-NONPROFIT-PX,2012-08,Basic Info,Character,20,990 filing w/n 2 years? (Y/N),"Filed 990 return (Form 990, Form 990-EZ, Form 990-PF, or Form 990-N) within 24 months of BMF file? (Y/N)"
ZFILER,ZFILER,BMF-2012-08-501CX-NONPROFIT-PX,2012-08,Basic Info,Character,20,990 filing $0 inc/assets w/n 2 years? (Y/N),"Filed 990 return with zero income and assets within 24 months of BMF file? (Y/N) - Beginning 2008, over 95% of 'zero filers' (ZFiler=Y) filed Form 990-N (e-Postcard) for tax years ending on or after December 31, 2007."
SUBSECCD,SUBSECCD,BMF-2012-08-501CX-NONPROFIT-PX,2012-08,Classification,Character,20,Subsection code,"IRS subsection code (03=501(c)(3), etc.)"
ntmaj5,NTMAJ5,BMF-2012-08-501CX-NONPROFIT-PX,2012-08,Classification,Character,20,Major subsector,Major subsector (5)
ntmaj10,NTMAJ10,BMF-2012-08-501CX-NONPROFIT-PX,2012-08,Classification,Character,20,NTEE major group (10),10 NTEE major groups
ntmaj12,NTMAJ12,BMF-2012-08-501CX-NONPROFIT-PX,2012-08,Classification,Character,20,NTEE major group (12),12 NTEE major groups: ntmaj10 plus higher education (BH) and hospitals (EH)
NTEEconf,NTEECONF,BMF-2012-08-501CX-NONPROFIT-PX,2012-08,Classification,Character,1,NTEE confidence rating,NTEE classification confidence rating (A/B/C)
MAJGRPB,MAJGRPB,BMF-2012-08-501CX-NONPROFIT-PX,2012-08,Classification,Character,1,Major NTEE group,Major NTEE group plus hospitals and higher education
INCOME,INCOME,BMF-2012-08-501CX-NONPROFIT-PX,2012-08,Financial Info,Numeric,1,Gross receipts,Gross receipts from most recently filed Form 990
ASSETS,ASSETS,BMF-2012-08-501CX-NONPROFIT-PX,2012-08,Financial Info,Numeric,1,"Total assets, end of year",Total assets (end of year) from most recent Form 990
cFiler,CFILER,BMF-2012-08-501CX-NONPROFIT-PX,2012-08,NCCS Financial Info,Character,1,990 filing w/n 2 years? (Y/N),Filed 990 return within 24 months of BMF file date? (Y/N)
czFiler,CZFILER,BMF-2012-08-501CX-NONPROFIT-PX,2012-08,NCCS Financial Info,Character,1,990 filing $0 inc/assets w/n 2 years? (Y/N),"Filed 990 return with zero income and assets within 24 months of BMF file? (Y/N) - Beginning 2008, over 95% of 'zero filers' (cZFiler=Y) filed Form 990-N (e-Postcard) for tax years ending on or after December 31, 2007."
cTaxPer,CTAXPER,BMF-2012-08-501CX-NONPROFIT-PX,2012-08,NCCS Financial Info,Character,6,Ending date for tax period,Ending date for tax period of NCCS financial data in yyyymm format.
cTotRev,CTOTREV,BMF-2012-08-501CX-NONPROFIT-PX,2012-08,NCCS Financial Info,Numeric,6,Total Revenue,"Total Revenue from most recent Form 990 (Part I, line 12 on Form 990; Part I, line 9 on Form 990-EZ; or Part I, line 12(a) on Form 990-PF)"
cAssets,CASSETS,BMF-2012-08-501CX-NONPROFIT-PX,2012-08,NCCS Financial Info,Numeric,6,"Total Assets, BV End of Year","Total Assets (Book Value at end of year) from most recent Form 990 (Part IV, line 59(B) on Form 990; Part II, line 25(B) on Form 990-EZ; or Part II, line 16(b) on Form 990-PF)"
cFinSrc,CFINSRC,BMF-2012-08-501CX-NONPROFIT-PX,2012-08,NCCS Financial Info,Character,10,Source of NCCS Financial Data,Source of financial data added by NCCS (primarily the most recent Form 990 filing as of BMF date from NCCS Core files)
RULEDATE,RULEDATE,BMF-2012-08-501CX-NONPROFIT-PX,2012-08,Other Descriptive Info,Character,6,Ruling date (YYYYMM) from IRS,Ruling date: year and month of IRS ruling or determination letter recognizing orgs exempt status (YYYYMM)
FNDNCD,FNDNCD,BMF-2012-08-501CX-NONPROFIT-PX,2012-08,Other Descriptive Info,Character,6,Reason for 501(c)(3) status,"Reason for & type of 501(c)(3) exempt status including codes for operating and grantmaking foundations, and broad type of public charity"
FRCD,FRCD,BMF-2012-08-501CX-NONPROFIT-PX,2012-08,Other Descriptive Info,Character,6,Filing Requirement Code,Filing requirements code. The 1st 2 characters indicate the requirements for 990/990-EZ forms. The 3rd character = 1 if a 990-PF is required or 0 if not.
SEC_NAME,SEC_NAME,BMF-2012-08-501CX-NONPROFIT-PX,2012-08,Other Descriptive Info,Character,35,Sort Name (Secondary name),Secondary organization name
GEN,GEN,BMF-2012-08-501CX-NONPROFIT-PX,2012-08,Other Descriptive Info,Character,4,Group Exemption Number,Group Exemption Number
LEVEL1,LEVEL1,BMF-2012-08-501CX-NONPROFIT-PX,2012-08,Other Classification,Character,4,Public charity or priv. fndn?,Public charity or private foundation?
LEVEL2,LEVEL2,BMF-2012-08-501CX-NONPROFIT-PX,2012-08,Other Classification,Character,4,Reporting public charity group,Reporting public charity groups.
level3,LEVEL3,BMF-2012-08-501CX-NONPROFIT-PX,2012-08,Other Classification,Character,4,Major NTEE category,Major NTEE category
level4,LEVEL4,BMF-2012-08-501CX-NONPROFIT-PX,2012-08,Other Classification,Character,4,NTEE-CC Major Group,NTEE-CC Major Group
NAICS,NAICS,BMF-2012-08-501CX-NONPROFIT-PX,2012-08,Other Classification,Character,6,NAICS,NAICS Code
ACCPER,ACCPER,BMF-2012-08-501CX-NONPROFIT-PX,2012-08,Miscellaneous,Character,2,Accounting period (MM),Accounting period
randnum,RANDNUM,BMF-2012-08-501CX-NONPROFIT-PX,2012-08,Miscellaneous,Numeric,2,Random number between 0 and 1,Random number between 0 and 1 used for creating samples
EIN,EIN,BMF-2012-10-501CX-NONPROFIT-PX,2012-10,Basic Info,Character,9,Employer Identification Number,Employer identification number.
NAME,NAME,BMF-2012-10-501CX-NONPROFIT-PX,2012-10,Basic Info,Character,60,Name of organization,Organization name.
STATE,STATE,BMF-2012-10-501CX-NONPROFIT-PX,2012-10,Basic Info,Character,2,State,Two-letter state abbreviation.
NTEE1,NTEE1,BMF-2012-10-501CX-NONPROFIT-PX,2012-10,Basic Info,Character,2,NTEE major group,NTEE major group (A-Z)
NTEECC,NTEECC,BMF-2012-10-501CX-NONPROFIT-PX,2012-10,Basic Info,Character,4,NTEECC primary purpose,NTEECC classification
CITY,CITY,BMF-2012-10-501CX-NONPROFIT-PX,2012-10,Basic Info,Character,22,City,City
zip5,ZIP5,BMF-2012-10-501CX-NONPROFIT-PX,2012-10,Basic Info,Character,5,"Zip code, 5 digits",First 5 digits of zip code
FIPS,FIPS,BMF-2012-10-501CX-NONPROFIT-PX,2012-10,Basic Info,Character,5,State + County FIPS code,2-digit State + 3-digit County FIPS code (Federal Information Processing Standard). See also U.S. Census Bureau State & County QuickFacts .
MSA_NECH,MSA_NECH,BMF-2012-10-501CX-NONPROFIT-PX,2012-10,Basic Info,Character,4,Metropolitan Statistical Area,Metropolitan Statistical Area (NCCS file) ( list )
PMSA,PMSA,BMF-2012-10-501CX-NONPROFIT-PX,2012-10,Basic Info,Character,4,Primary MSA,Primary Metropolitan Statistical Area
TAXPER,TAXPER,BMF-2012-10-501CX-NONPROFIT-PX,2012-10,Basic Info,Character,20,Ending date for tax period,"Ending date for tax period of financial data. Core files for 1997 on are in ""yyyymm"" format (199412=Dec. 1994). Earlier years use 2-digit year (""9412"")."
outnccs,OUTNCCS,BMF-2012-10-501CX-NONPROFIT-PX,2012-10,Basic Info,Character,20,Out of Scope flag,Out-of-scope (IN/OUT) (see OUTREAS doc. for details)
OUTREAS,OUTREAS,BMF-2012-10-501CX-NONPROFIT-PX,2012-10,Basic Info,Character,20,Reason why out of scope,Reason why out of scope
Filer,FILER,BMF-2012-10-501CX-NONPROFIT-PX,2012-10,Basic Info,Character,20,990 filing w/n 2 years? (Y/N),"Filed 990 return (Form 990, Form 990-EZ, Form 990-PF, or Form 990-N) within 24 months of BMF file? (Y/N)"
ZFILER,ZFILER,BMF-2012-10-501CX-NONPROFIT-PX,2012-10,Basic Info,Character,20,990 filing $0 inc/assets w/n 2 years? (Y/N),"Filed 990 return with zero income and assets within 24 months of BMF file? (Y/N) - Beginning 2008, over 95% of 'zero filers' (ZFiler=Y) filed Form 990-N (e-Postcard) for tax years ending on or after December 31, 2007."
SUBSECCD,SUBSECCD,BMF-2012-10-501CX-NONPROFIT-PX,2012-10,Classification,Character,20,Subsection code,"IRS subsection code (03=501(c)(3), etc.)"
ntmaj5,NTMAJ5,BMF-2012-10-501CX-NONPROFIT-PX,2012-10,Classification,Character,20,Major subsector,Major subsector (5)
ntmaj10,NTMAJ10,BMF-2012-10-501CX-NONPROFIT-PX,2012-10,Classification,Character,20,NTEE major group (10),10 NTEE major groups
ntmaj12,NTMAJ12,BMF-2012-10-501CX-NONPROFIT-PX,2012-10,Classification,Character,20,NTEE major group (12),12 NTEE major groups: ntmaj10 plus higher education (BH) and hospitals (EH)
NTEEconf,NTEECONF,BMF-2012-10-501CX-NONPROFIT-PX,2012-10,Classification,Character,1,NTEE confidence rating,NTEE classification confidence rating (A/B/C)
MAJGRPB,MAJGRPB,BMF-2012-10-501CX-NONPROFIT-PX,2012-10,Classification,Character,1,Major NTEE group,Major NTEE group plus hospitals and higher education
INCOME,INCOME,BMF-2012-10-501CX-NONPROFIT-PX,2012-10,Financial Info,Numeric,1,Gross receipts,Gross receipts from most recently filed Form 990
ASSETS,ASSETS,BMF-2012-10-501CX-NONPROFIT-PX,2012-10,Financial Info,Numeric,1,"Total assets, end of year",Total assets (end of year) from most recent Form 990
cFiler,CFILER,BMF-2012-10-501CX-NONPROFIT-PX,2012-10,NCCS Financial Info,Character,1,990 filing w/n 2 years? (Y/N),Filed 990 return within 24 months of BMF file date? (Y/N)
czFiler,CZFILER,BMF-2012-10-501CX-NONPROFIT-PX,2012-10,NCCS Financial Info,Character,1,990 filing $0 inc/assets w/n 2 years? (Y/N),"Filed 990 return with zero income and assets within 24 months of BMF file? (Y/N) - Beginning 2008, over 95% of 'zero filers' (cZFiler=Y) filed Form 990-N (e-Postcard) for tax years ending on or after December 31, 2007."
cTaxPer,CTAXPER,BMF-2012-10-501CX-NONPROFIT-PX,2012-10,NCCS Financial Info,Character,6,Ending date for tax period,Ending date for tax period of NCCS financial data in yyyymm format.
cTotRev,CTOTREV,BMF-2012-10-501CX-NONPROFIT-PX,2012-10,NCCS Financial Info,Numeric,6,Total Revenue,"Total Revenue from most recent Form 990 (Part I, line 12 on Form 990; Part I, line 9 on Form 990-EZ; or Part I, line 12(a) on Form 990-PF)"
cAssets,CASSETS,BMF-2012-10-501CX-NONPROFIT-PX,2012-10,NCCS Financial Info,Numeric,6,"Total Assets, BV End of Year","Total Assets (Book Value at end of year) from most recent Form 990 (Part IV, line 59(B) on Form 990; Part II, line 25(B) on Form 990-EZ; or Part II, line 16(b) on Form 990-PF)"
cFinSrc,CFINSRC,BMF-2012-10-501CX-NONPROFIT-PX,2012-10,NCCS Financial Info,Character,10,Source of NCCS Financial Data,Source of financial data added by NCCS (primarily the most recent Form 990 filing as of BMF date from NCCS Core files)
RULEDATE,RULEDATE,BMF-2012-10-501CX-NONPROFIT-PX,2012-10,Other Descriptive Info,Character,6,Ruling date (YYYYMM) from IRS,Ruling date: year and month of IRS ruling or determination letter recognizing orgs exempt status (YYYYMM)
FNDNCD,FNDNCD,BMF-2012-10-501CX-NONPROFIT-PX,2012-10,Other Descriptive Info,Character,6,Reason for 501(c)(3) status,"Reason for & type of 501(c)(3) exempt status including codes for operating and grantmaking foundations, and broad type of public charity"
FRCD,FRCD,BMF-2012-10-501CX-NONPROFIT-PX,2012-10,Other Descriptive Info,Character,6,Filing Requirement Code,Filing requirements code. The 1st 2 characters indicate the requirements for 990/990-EZ forms. The 3rd character = 1 if a 990-PF is required or 0 if not.
SEC_NAME,SEC_NAME,BMF-2012-10-501CX-NONPROFIT-PX,2012-10,Other Descriptive Info,Character,35,Sort Name (Secondary name),Secondary organization name
GEN,GEN,BMF-2012-10-501CX-NONPROFIT-PX,2012-10,Other Descriptive Info,Character,4,Group Exemption Number,Group Exemption Number
LEVEL1,LEVEL1,BMF-2012-10-501CX-NONPROFIT-PX,2012-10,Other Classification,Character,4,Public charity or priv. fndn?,Public charity or private foundation?
LEVEL2,LEVEL2,BMF-2012-10-501CX-NONPROFIT-PX,2012-10,Other Classification,Character,4,Reporting public charity group,Reporting public charity groups.
level3,LEVEL3,BMF-2012-10-501CX-NONPROFIT-PX,2012-10,Other Classification,Character,4,Major NTEE category,Major NTEE category
level4,LEVEL4,BMF-2012-10-501CX-NONPROFIT-PX,2012-10,Other Classification,Character,4,NTEE-CC Major Group,NTEE-CC Major Group
NAICS,NAICS,BMF-2012-10-501CX-NONPROFIT-PX,2012-10,Other Classification,Character,6,NAICS,NAICS Code
ACCPER,ACCPER,BMF-2012-10-501CX-NONPROFIT-PX,2012-10,Miscellaneous,Character,2,Accounting period (MM),Accounting period
randnum,RANDNUM,BMF-2012-10-501CX-NONPROFIT-PX,2012-10,Miscellaneous,Numeric,2,Random number between 0 and 1,Random number between 0 and 1 used for creating samples
EIN,EIN,BMF-2012-11-501CX-NONPROFIT-PX,2012-11,Basic Info,Character,9,Employer Identification Number,Employer identification number.
NAME,NAME,BMF-2012-11-501CX-NONPROFIT-PX,2012-11,Basic Info,Character,60,Name of organization,Organization name.
STATE,STATE,BMF-2012-11-501CX-NONPROFIT-PX,2012-11,Basic Info,Character,2,State,Two-letter state abbreviation.
NTEE1,NTEE1,BMF-2012-11-501CX-NONPROFIT-PX,2012-11,Basic Info,Character,2,NTEE major group,NTEE major group (A-Z)
NTEECC,NTEECC,BMF-2012-11-501CX-NONPROFIT-PX,2012-11,Basic Info,Character,4,NTEECC primary purpose,NTEECC classification
CITY,CITY,BMF-2012-11-501CX-NONPROFIT-PX,2012-11,Basic Info,Character,22,City,City
zip5,ZIP5,BMF-2012-11-501CX-NONPROFIT-PX,2012-11,Basic Info,Character,5,"Zip code, 5 digits",First 5 digits of zip code
FIPS,FIPS,BMF-2012-11-501CX-NONPROFIT-PX,2012-11,Basic Info,Character,5,State + County FIPS code,2-digit State + 3-digit County FIPS code (Federal Information Processing Standard). See also U.S. Census Bureau State & County QuickFacts .
MSA_NECH,MSA_NECH,BMF-2012-11-501CX-NONPROFIT-PX,2012-11,Basic Info,Character,4,Metropolitan Statistical Area,Metropolitan Statistical Area (NCCS file) ( list )
PMSA,PMSA,BMF-2012-11-501CX-NONPROFIT-PX,2012-11,Basic Info,Character,4,Primary MSA,Primary Metropolitan Statistical Area
TAXPER,TAXPER,BMF-2012-11-501CX-NONPROFIT-PX,2012-11,Basic Info,Character,20,Ending date for tax period,"Ending date for tax period of financial data. Core files for 1997 on are in ""yyyymm"" format (199412=Dec. 1994). Earlier years use 2-digit year (""9412"")."
outnccs,OUTNCCS,BMF-2012-11-501CX-NONPROFIT-PX,2012-11,Basic Info,Character,20,Out of Scope flag,Out-of-scope (IN/OUT) (see OUTREAS doc. for details)
OUTREAS,OUTREAS,BMF-2012-11-501CX-NONPROFIT-PX,2012-11,Basic Info,Character,20,Reason why out of scope,Reason why out of scope
Filer,FILER,BMF-2012-11-501CX-NONPROFIT-PX,2012-11,Basic Info,Character,20,990 filing w/n 2 years? (Y/N),"Filed 990 return (Form 990, Form 990-EZ, Form 990-PF, or Form 990-N) within 24 months of BMF file? (Y/N)"
ZFILER,ZFILER,BMF-2012-11-501CX-NONPROFIT-PX,2012-11,Basic Info,Character,20,990 filing $0 inc/assets w/n 2 years? (Y/N),"Filed 990 return with zero income and assets within 24 months of BMF file? (Y/N) - Beginning 2008, over 95% of 'zero filers' (ZFiler=Y) filed Form 990-N (e-Postcard) for tax years ending on or after December 31, 2007."
SUBSECCD,SUBSECCD,BMF-2012-11-501CX-NONPROFIT-PX,2012-11,Classification,Character,20,Subsection code,"IRS subsection code (03=501(c)(3), etc.)"
ntmaj5,NTMAJ5,BMF-2012-11-501CX-NONPROFIT-PX,2012-11,Classification,Character,20,Major subsector,Major subsector (5)
ntmaj10,NTMAJ10,BMF-2012-11-501CX-NONPROFIT-PX,2012-11,Classification,Character,20,NTEE major group (10),10 NTEE major groups
ntmaj12,NTMAJ12,BMF-2012-11-501CX-NONPROFIT-PX,2012-11,Classification,Character,20,NTEE major group (12),12 NTEE major groups: ntmaj10 plus higher education (BH) and hospitals (EH)
NTEEconf,NTEECONF,BMF-2012-11-501CX-NONPROFIT-PX,2012-11,Classification,Character,1,NTEE confidence rating,NTEE classification confidence rating (A/B/C)
MAJGRPB,MAJGRPB,BMF-2012-11-501CX-NONPROFIT-PX,2012-11,Classification,Character,1,Major NTEE group,Major NTEE group plus hospitals and higher education
INCOME,INCOME,BMF-2012-11-501CX-NONPROFIT-PX,2012-11,Financial Info,Numeric,1,Gross receipts,Gross receipts from most recently filed Form 990
ASSETS,ASSETS,BMF-2012-11-501CX-NONPROFIT-PX,2012-11,Financial Info,Numeric,1,"Total assets, end of year",Total assets (end of year) from most recent Form 990
cFiler,CFILER,BMF-2012-11-501CX-NONPROFIT-PX,2012-11,NCCS Financial Info,Character,1,990 filing w/n 2 years? (Y/N),Filed 990 return within 24 months of BMF file date? (Y/N)
czFiler,CZFILER,BMF-2012-11-501CX-NONPROFIT-PX,2012-11,NCCS Financial Info,Character,1,990 filing $0 inc/assets w/n 2 years? (Y/N),"Filed 990 return with zero income and assets within 24 months of BMF file? (Y/N) - Beginning 2008, over 95% of 'zero filers' (cZFiler=Y) filed Form 990-N (e-Postcard) for tax years ending on or after December 31, 2007."
cTaxPer,CTAXPER,BMF-2012-11-501CX-NONPROFIT-PX,2012-11,NCCS Financial Info,Character,6,Ending date for tax period,Ending date for tax period of NCCS financial data in yyyymm format.
cTotRev,CTOTREV,BMF-2012-11-501CX-NONPROFIT-PX,2012-11,NCCS Financial Info,Numeric,6,Total Revenue,"Total Revenue from most recent Form 990 (Part I, line 12 on Form 990; Part I, line 9 on Form 990-EZ; or Part I, line 12(a) on Form 990-PF)"
cAssets,CASSETS,BMF-2012-11-501CX-NONPROFIT-PX,2012-11,NCCS Financial Info,Numeric,6,"Total Assets, BV End of Year","Total Assets (Book Value at end of year) from most recent Form 990 (Part IV, line 59(B) on Form 990; Part II, line 25(B) on Form 990-EZ; or Part II, line 16(b) on Form 990-PF)"
cFinSrc,CFINSRC,BMF-2012-11-501CX-NONPROFIT-PX,2012-11,NCCS Financial Info,Character,10,Source of NCCS Financial Data,Source of financial data added by NCCS (primarily the most recent Form 990 filing as of BMF date from NCCS Core files)
RULEDATE,RULEDATE,BMF-2012-11-501CX-NONPROFIT-PX,2012-11,Other Descriptive Info,Character,6,Ruling date (YYYYMM) from IRS,Ruling date: year and month of IRS ruling or determination letter recognizing orgs exempt status (YYYYMM)
FNDNCD,FNDNCD,BMF-2012-11-501CX-NONPROFIT-PX,2012-11,Other Descriptive Info,Character,6,Reason for 501(c)(3) status,"Reason for & type of 501(c)(3) exempt status including codes for operating and grantmaking foundations, and broad type of public charity"
FRCD,FRCD,BMF-2012-11-501CX-NONPROFIT-PX,2012-11,Other Descriptive Info,Character,6,Filing Requirement Code,Filing requirements code. The 1st 2 characters indicate the requirements for 990/990-EZ forms. The 3rd character = 1 if a 990-PF is required or 0 if not.
SEC_NAME,SEC_NAME,BMF-2012-11-501CX-NONPROFIT-PX,2012-11,Other Descriptive Info,Character,35,Sort Name (Secondary name),Secondary organization name
GEN,GEN,BMF-2012-11-501CX-NONPROFIT-PX,2012-11,Other Descriptive Info,Character,4,Group Exemption Number,Group Exemption Number
LEVEL1,LEVEL1,BMF-2012-11-501CX-NONPROFIT-PX,2012-11,Other Classification,Character,4,Public charity or priv. fndn?,Public charity or private foundation?
LEVEL2,LEVEL2,BMF-2012-11-501CX-NONPROFIT-PX,2012-11,Other Classification,Character,4,Reporting public charity group,Reporting public charity groups.
level3,LEVEL3,BMF-2012-11-501CX-NONPROFIT-PX,2012-11,Other Classification,Character,4,Major NTEE category,Major NTEE category
level4,LEVEL4,BMF-2012-11-501CX-NONPROFIT-PX,2012-11,Other Classification,Character,4,NTEE-CC Major Group,NTEE-CC Major Group
NAICS,NAICS,BMF-2012-11-501CX-NONPROFIT-PX,2012-11,Other Classification,Character,6,NAICS,NAICS Code
ACCPER,ACCPER,BMF-2012-11-501CX-NONPROFIT-PX,2012-11,Miscellaneous,Character,2,Accounting period (MM),Accounting period
randnum,RANDNUM,BMF-2012-11-501CX-NONPROFIT-PX,2012-11,Miscellaneous,Numeric,2,Random number between 0 and 1,Random number between 0 and 1 used for creating samples
EIN,EIN,BMF-2012-12-501CX-NONPROFIT-PX,2012-12,Basic Info,Character,9,Employer Identification Number,Employer identification number.
NAME,NAME,BMF-2012-12-501CX-NONPROFIT-PX,2012-12,Basic Info,Character,60,Name of organization,Organization name.
STATE,STATE,BMF-2012-12-501CX-NONPROFIT-PX,2012-12,Basic Info,Character,2,State,Two-letter state abbreviation.
NTEE1,NTEE1,BMF-2012-12-501CX-NONPROFIT-PX,2012-12,Basic Info,Character,2,NTEE major group,NTEE major group (A-Z)
NTEECC,NTEECC,BMF-2012-12-501CX-NONPROFIT-PX,2012-12,Basic Info,Character,4,NTEECC primary purpose,NTEECC classification
CITY,CITY,BMF-2012-12-501CX-NONPROFIT-PX,2012-12,Basic Info,Character,22,City,City
zip5,ZIP5,BMF-2012-12-501CX-NONPROFIT-PX,2012-12,Basic Info,Character,5,"Zip code, 5 digits",First 5 digits of zip code
FIPS,FIPS,BMF-2012-12-501CX-NONPROFIT-PX,2012-12,Basic Info,Character,5,State + County FIPS code,2-digit State + 3-digit County FIPS code (Federal Information Processing Standard). See also U.S. Census Bureau State & County QuickFacts .
MSA_NECH,MSA_NECH,BMF-2012-12-501CX-NONPROFIT-PX,2012-12,Basic Info,Character,4,Metropolitan Statistical Area,Metropolitan Statistical Area (NCCS file) ( list )
PMSA,PMSA,BMF-2012-12-501CX-NONPROFIT-PX,2012-12,Basic Info,Character,4,Primary MSA,Primary Metropolitan Statistical Area
TAXPER,TAXPER,BMF-2012-12-501CX-NONPROFIT-PX,2012-12,Basic Info,Character,20,Ending date for tax period,"Ending date for tax period of financial data. Core files for 1997 on are in ""yyyymm"" format (199412=Dec. 1994). Earlier years use 2-digit year (""9412"")."
outnccs,OUTNCCS,BMF-2012-12-501CX-NONPROFIT-PX,2012-12,Basic Info,Character,20,Out of Scope flag,Out-of-scope (IN/OUT) (see OUTREAS doc. for details)
OUTREAS,OUTREAS,BMF-2012-12-501CX-NONPROFIT-PX,2012-12,Basic Info,Character,20,Reason why out of scope,Reason why out of scope
Filer,FILER,BMF-2012-12-501CX-NONPROFIT-PX,2012-12,Basic Info,Character,20,990 filing w/n 2 years? (Y/N),"Filed 990 return (Form 990, Form 990-EZ, Form 990-PF, or Form 990-N) within 24 months of BMF file? (Y/N)"
ZFILER,ZFILER,BMF-2012-12-501CX-NONPROFIT-PX,2012-12,Basic Info,Character,20,990 filing $0 inc/assets w/n 2 years? (Y/N),"Filed 990 return with zero income and assets within 24 months of BMF file? (Y/N) - Beginning 2008, over 95% of 'zero filers' (ZFiler=Y) filed Form 990-N (e-Postcard) for tax years ending on or after December 31, 2007."
SUBSECCD,SUBSECCD,BMF-2012-12-501CX-NONPROFIT-PX,2012-12,Classification,Character,20,Subsection code,"IRS subsection code (03=501(c)(3), etc.)"
ntmaj5,NTMAJ5,BMF-2012-12-501CX-NONPROFIT-PX,2012-12,Classification,Character,20,Major subsector,Major subsector (5)
ntmaj10,NTMAJ10,BMF-2012-12-501CX-NONPROFIT-PX,2012-12,Classification,Character,20,NTEE major group (10),10 NTEE major groups
ntmaj12,NTMAJ12,BMF-2012-12-501CX-NONPROFIT-PX,2012-12,Classification,Character,20,NTEE major group (12),12 NTEE major groups: ntmaj10 plus higher education (BH) and hospitals (EH)
NTEEconf,NTEECONF,BMF-2012-12-501CX-NONPROFIT-PX,2012-12,Classification,Character,1,NTEE confidence rating,NTEE classification confidence rating (A/B/C)
MAJGRPB,MAJGRPB,BMF-2012-12-501CX-NONPROFIT-PX,2012-12,Classification,Character,1,Major NTEE group,Major NTEE group plus hospitals and higher education
INCOME,INCOME,BMF-2012-12-501CX-NONPROFIT-PX,2012-12,Financial Info,Numeric,1,Gross receipts,Gross receipts from most recently filed Form 990
ASSETS,ASSETS,BMF-2012-12-501CX-NONPROFIT-PX,2012-12,Financial Info,Numeric,1,"Total assets, end of year",Total assets (end of year) from most recent Form 990
cFiler,CFILER,BMF-2012-12-501CX-NONPROFIT-PX,2012-12,NCCS Financial Info,Character,1,990 filing w/n 2 years? (Y/N),Filed 990 return within 24 months of BMF file date? (Y/N)
czFiler,CZFILER,BMF-2012-12-501CX-NONPROFIT-PX,2012-12,NCCS Financial Info,Character,1,990 filing $0 inc/assets w/n 2 years? (Y/N),"Filed 990 return with zero income and assets within 24 months of BMF file? (Y/N) - Beginning 2008, over 95% of 'zero filers' (cZFiler=Y) filed Form 990-N (e-Postcard) for tax years ending on or after December 31, 2007."
cTaxPer,CTAXPER,BMF-2012-12-501CX-NONPROFIT-PX,2012-12,NCCS Financial Info,Character,6,Ending date for tax period,Ending date for tax period of NCCS financial data in yyyymm format.
cTotRev,CTOTREV,BMF-2012-12-501CX-NONPROFIT-PX,2012-12,NCCS Financial Info,Numeric,6,Total Revenue,"Total Revenue from most recent Form 990 (Part I, line 12 on Form 990; Part I, line 9 on Form 990-EZ; or Part I, line 12(a) on Form 990-PF)"
cAssets,CASSETS,BMF-2012-12-501CX-NONPROFIT-PX,2012-12,NCCS Financial Info,Numeric,6,"Total Assets, BV End of Year","Total Assets (Book Value at end of year) from most recent Form 990 (Part IV, line 59(B) on Form 990; Part II, line 25(B) on Form 990-EZ; or Part II, line 16(b) on Form 990-PF)"
cFinSrc,CFINSRC,BMF-2012-12-501CX-NONPROFIT-PX,2012-12,NCCS Financial Info,Character,10,Source of NCCS Financial Data,Source of financial data added by NCCS (primarily the most recent Form 990 filing as of BMF date from NCCS Core files)
RULEDATE,RULEDATE,BMF-2012-12-501CX-NONPROFIT-PX,2012-12,Other Descriptive Info,Character,6,Ruling date (YYYYMM) from IRS,Ruling date: year and month of IRS ruling or determination letter recognizing orgs exempt status (YYYYMM)
FNDNCD,FNDNCD,BMF-2012-12-501CX-NONPROFIT-PX,2012-12,Other Descriptive Info,Character,6,Reason for 501(c)(3) status,"Reason for & type of 501(c)(3) exempt status including codes for operating and grantmaking foundations, and broad type of public charity"
FRCD,FRCD,BMF-2012-12-501CX-NONPROFIT-PX,2012-12,Other Descriptive Info,Character,6,Filing Requirement Code,Filing requirements code. The 1st 2 characters indicate the requirements for 990/990-EZ forms. The 3rd character = 1 if a 990-PF is required or 0 if not.
SEC_NAME,SEC_NAME,BMF-2012-12-501CX-NONPROFIT-PX,2012-12,Other Descriptive Info,Character,35,Sort Name (Secondary name),Secondary organization name
GEN,GEN,BMF-2012-12-501CX-NONPROFIT-PX,2012-12,Other Descriptive Info,Character,4,Group Exemption Number,Group Exemption Number
LEVEL1,LEVEL1,BMF-2012-12-501CX-NONPROFIT-PX,2012-12,Other Classification,Character,4,Public charity or priv. fndn?,Public charity or private foundation?
LEVEL2,LEVEL2,BMF-2012-12-501CX-NONPROFIT-PX,2012-12,Other Classification,Character,4,Reporting public charity group,Reporting public charity groups.
level3,LEVEL3,BMF-2012-12-501CX-NONPROFIT-PX,2012-12,Other Classification,Character,4,Major NTEE category,Major NTEE category
level4,LEVEL4,BMF-2012-12-501CX-NONPROFIT-PX,2012-12,Other Classification,Character,4,NTEE-CC Major Group,NTEE-CC Major Group
NAICS,NAICS,BMF-2012-12-501CX-NONPROFIT-PX,2012-12,Other Classification,Character,6,NAICS,NAICS Code
ACCPER,ACCPER,BMF-2012-12-501CX-NONPROFIT-PX,2012-12,Miscellaneous,Character,2,Accounting period (MM),Accounting period
randnum,RANDNUM,BMF-2012-12-501CX-NONPROFIT-PX,2012-12,Miscellaneous,Numeric,2,Random number between 0 and 1,Random number between 0 and 1 used for creating samples
EIN,EIN,BMF-2013-02-501CX-NONPROFIT-PX,2013-02,Basic Info,Character,9,Employer Identification Number,Employer identification number.
NAME,NAME,BMF-2013-02-501CX-NONPROFIT-PX,2013-02,Basic Info,Character,60,Name of organization,Organization name.
STATE,STATE,BMF-2013-02-501CX-NONPROFIT-PX,2013-02,Basic Info,Character,2,State,Two-letter state abbreviation.
NTEE1,NTEE1,BMF-2013-02-501CX-NONPROFIT-PX,2013-02,Basic Info,Character,2,NTEE major group,NTEE major group (A-Z)
NTEECC,NTEECC,BMF-2013-02-501CX-NONPROFIT-PX,2013-02,Basic Info,Character,4,NTEECC primary purpose,NTEECC classification
CITY,CITY,BMF-2013-02-501CX-NONPROFIT-PX,2013-02,Basic Info,Character,22,City,City
zip5,ZIP5,BMF-2013-02-501CX-NONPROFIT-PX,2013-02,Basic Info,Character,5,"Zip code, 5 digits",First 5 digits of zip code
FIPS,FIPS,BMF-2013-02-501CX-NONPROFIT-PX,2013-02,Basic Info,Character,5,State + County FIPS code,2-digit State + 3-digit County FIPS code (Federal Information Processing Standard). See also U.S. Census Bureau State & County QuickFacts .
MSA_NECH,MSA_NECH,BMF-2013-02-501CX-NONPROFIT-PX,2013-02,Basic Info,Character,4,Metropolitan Statistical Area,Metropolitan Statistical Area (NCCS file) ( list )
PMSA,PMSA,BMF-2013-02-501CX-NONPROFIT-PX,2013-02,Basic Info,Character,4,Primary MSA,Primary Metropolitan Statistical Area
TAXPER,TAXPER,BMF-2013-02-501CX-NONPROFIT-PX,2013-02,Basic Info,Character,20,Ending date for tax period,"Ending date for tax period of financial data. Core files for 1997 on are in ""yyyymm"" format (199412=Dec. 1994). Earlier years use 2-digit year (""9412"")."
outnccs,OUTNCCS,BMF-2013-02-501CX-NONPROFIT-PX,2013-02,Basic Info,Character,20,Out of Scope flag,Out-of-scope (IN/OUT) (see OUTREAS doc. for details)
OUTREAS,OUTREAS,BMF-2013-02-501CX-NONPROFIT-PX,2013-02,Basic Info,Character,20,Reason why out of scope,Reason why out of scope
Filer,FILER,BMF-2013-02-501CX-NONPROFIT-PX,2013-02,Basic Info,Character,20,990 filing w/n 2 years? (Y/N),"Filed 990 return (Form 990, Form 990-EZ, Form 990-PF, or Form 990-N) within 24 months of BMF file? (Y/N)"
ZFILER,ZFILER,BMF-2013-02-501CX-NONPROFIT-PX,2013-02,Basic Info,Character,20,990 filing $0 inc/assets w/n 2 years? (Y/N),"Filed 990 return with zero income and assets within 24 months of BMF file? (Y/N) - Beginning 2008, over 95% of 'zero filers' (ZFiler=Y) filed Form 990-N (e-Postcard) for tax years ending on or after December 31, 2007."
SUBSECCD,SUBSECCD,BMF-2013-02-501CX-NONPROFIT-PX,2013-02,Classification,Character,20,Subsection code,"IRS subsection code (03=501(c)(3), etc.)"
ntmaj5,NTMAJ5,BMF-2013-02-501CX-NONPROFIT-PX,2013-02,Classification,Character,20,Major subsector,Major subsector (5)
ntmaj10,NTMAJ10,BMF-2013-02-501CX-NONPROFIT-PX,2013-02,Classification,Character,20,NTEE major group (10),10 NTEE major groups
ntmaj12,NTMAJ12,BMF-2013-02-501CX-NONPROFIT-PX,2013-02,Classification,Character,20,NTEE major group (12),12 NTEE major groups: ntmaj10 plus higher education (BH) and hospitals (EH)
NTEEconf,NTEECONF,BMF-2013-02-501CX-NONPROFIT-PX,2013-02,Classification,Character,1,NTEE confidence rating,NTEE classification confidence rating (A/B/C)
MAJGRPB,MAJGRPB,BMF-2013-02-501CX-NONPROFIT-PX,2013-02,Classification,Character,1,Major NTEE group,Major NTEE group plus hospitals and higher education
INCOME,INCOME,BMF-2013-02-501CX-NONPROFIT-PX,2013-02,Financial Info,Numeric,1,Gross receipts,Gross receipts from most recently filed Form 990
ASSETS,ASSETS,BMF-2013-02-501CX-NONPROFIT-PX,2013-02,Financial Info,Numeric,1,"Total assets, end of year",Total assets (end of year) from most recent Form 990
cFiler,CFILER,BMF-2013-02-501CX-NONPROFIT-PX,2013-02,NCCS Financial Info,Character,1,990 filing w/n 2 years? (Y/N),Filed 990 return within 24 months of BMF file date? (Y/N)
czFiler,CZFILER,BMF-2013-02-501CX-NONPROFIT-PX,2013-02,NCCS Financial Info,Character,1,990 filing $0 inc/assets w/n 2 years? (Y/N),"Filed 990 return with zero income and assets within 24 months of BMF file? (Y/N) - Beginning 2008, over 95% of 'zero filers' (cZFiler=Y) filed Form 990-N (e-Postcard) for tax years ending on or after December 31, 2007."
cTaxPer,CTAXPER,BMF-2013-02-501CX-NONPROFIT-PX,2013-02,NCCS Financial Info,Character,6,Ending date for tax period,Ending date for tax period of NCCS financial data in yyyymm format.
cTotRev,CTOTREV,BMF-2013-02-501CX-NONPROFIT-PX,2013-02,NCCS Financial Info,Numeric,6,Total Revenue,"Total Revenue from most recent Form 990 (Part I, line 12 on Form 990; Part I, line 9 on Form 990-EZ; or Part I, line 12(a) on Form 990-PF)"
cAssets,CASSETS,BMF-2013-02-501CX-NONPROFIT-PX,2013-02,NCCS Financial Info,Numeric,6,"Total Assets, BV End of Year","Total Assets (Book Value at end of year) from most recent Form 990 (Part IV, line 59(B) on Form 990; Part II, line 25(B) on Form 990-EZ; or Part II, line 16(b) on Form 990-PF)"
cFinSrc,CFINSRC,BMF-2013-02-501CX-NONPROFIT-PX,2013-02,NCCS Financial Info,Character,10,Source of NCCS Financial Data,Source of financial data added by NCCS (primarily the most recent Form 990 filing as of BMF date from NCCS Core files)
RULEDATE,RULEDATE,BMF-2013-02-501CX-NONPROFIT-PX,2013-02,Other Descriptive Info,Character,6,Ruling date (YYYYMM) from IRS,Ruling date: year and month of IRS ruling or determination letter recognizing orgs exempt status (YYYYMM)
FNDNCD,FNDNCD,BMF-2013-02-501CX-NONPROFIT-PX,2013-02,Other Descriptive Info,Character,6,Reason for 501(c)(3) status,"Reason for & type of 501(c)(3) exempt status including codes for operating and grantmaking foundations, and broad type of public charity"
FRCD,FRCD,BMF-2013-02-501CX-NONPROFIT-PX,2013-02,Other Descriptive Info,Character,6,Filing Requirement Code,Filing requirements code. The 1st 2 characters indicate the requirements for 990/990-EZ forms. The 3rd character = 1 if a 990-PF is required or 0 if not.
SEC_NAME,SEC_NAME,BMF-2013-02-501CX-NONPROFIT-PX,2013-02,Other Descriptive Info,Character,35,Sort Name (Secondary name),Secondary organization name
GEN,GEN,BMF-2013-02-501CX-NONPROFIT-PX,2013-02,Other Descriptive Info,Character,4,Group Exemption Number,Group Exemption Number
LEVEL1,LEVEL1,BMF-2013-02-501CX-NONPROFIT-PX,2013-02,Other Classification,Character,4,Public charity or priv. fndn?,Public charity or private foundation?
LEVEL2,LEVEL2,BMF-2013-02-501CX-NONPROFIT-PX,2013-02,Other Classification,Character,4,Reporting public charity group,Reporting public charity groups.
level3,LEVEL3,BMF-2013-02-501CX-NONPROFIT-PX,2013-02,Other Classification,Character,4,Major NTEE category,Major NTEE category
level4,LEVEL4,BMF-2013-02-501CX-NONPROFIT-PX,2013-02,Other Classification,Character,4,NTEE-CC Major Group,NTEE-CC Major Group
NAICS,NAICS,BMF-2013-02-501CX-NONPROFIT-PX,2013-02,Other Classification,Character,6,NAICS,NAICS Code
ACCPER,ACCPER,BMF-2013-02-501CX-NONPROFIT-PX,2013-02,Miscellaneous,Character,2,Accounting period (MM),Accounting period
randnum,RANDNUM,BMF-2013-02-501CX-NONPROFIT-PX,2013-02,Miscellaneous,Numeric,2,Random number between 0 and 1,Random number between 0 and 1 used for creating samples
EIN,EIN,BMF-2013-05-501CX-NONPROFIT-PX,2013-05,Basic Info,Character,9,Employer Identification Number,Employer identification number.
NAME,NAME,BMF-2013-05-501CX-NONPROFIT-PX,2013-05,Basic Info,Character,60,Name of organization,Organization name.
STATE,STATE,BMF-2013-05-501CX-NONPROFIT-PX,2013-05,Basic Info,Character,2,State,Two-letter state abbreviation.
NTEE1,NTEE1,BMF-2013-05-501CX-NONPROFIT-PX,2013-05,Basic Info,Character,2,NTEE major group,NTEE major group (A-Z)
NTEECC,NTEECC,BMF-2013-05-501CX-NONPROFIT-PX,2013-05,Basic Info,Character,4,NTEECC primary purpose,NTEECC classification
CITY,CITY,BMF-2013-05-501CX-NONPROFIT-PX,2013-05,Basic Info,Character,22,City,City
zip5,ZIP5,BMF-2013-05-501CX-NONPROFIT-PX,2013-05,Basic Info,Character,5,"Zip code, 5 digits",First 5 digits of zip code
FIPS,FIPS,BMF-2013-05-501CX-NONPROFIT-PX,2013-05,Basic Info,Character,5,State + County FIPS code,2-digit State + 3-digit County FIPS code (Federal Information Processing Standard). See also U.S. Census Bureau State & County QuickFacts .
MSA_NECH,MSA_NECH,BMF-2013-05-501CX-NONPROFIT-PX,2013-05,Basic Info,Character,4,Metropolitan Statistical Area,Metropolitan Statistical Area (NCCS file) ( list )
PMSA,PMSA,BMF-2013-05-501CX-NONPROFIT-PX,2013-05,Basic Info,Character,4,Primary MSA,Primary Metropolitan Statistical Area
TAXPER,TAXPER,BMF-2013-05-501CX-NONPROFIT-PX,2013-05,Basic Info,Character,20,Ending date for tax period,"Ending date for tax period of financial data. Core files for 1997 on are in ""yyyymm"" format (199412=Dec. 1994). Earlier years use 2-digit year (""9412"")."
outnccs,OUTNCCS,BMF-2013-05-501CX-NONPROFIT-PX,2013-05,Basic Info,Character,20,Out of Scope flag,Out-of-scope (IN/OUT) (see OUTREAS doc. for details)
OUTREAS,OUTREAS,BMF-2013-05-501CX-NONPROFIT-PX,2013-05,Basic Info,Character,20,Reason why out of scope,Reason why out of scope
Filer,FILER,BMF-2013-05-501CX-NONPROFIT-PX,2013-05,Basic Info,Character,20,990 filing w/n 2 years? (Y/N),"Filed 990 return (Form 990, Form 990-EZ, Form 990-PF, or Form 990-N) within 24 months of BMF file? (Y/N)"
ZFILER,ZFILER,BMF-2013-05-501CX-NONPROFIT-PX,2013-05,Basic Info,Character,20,990 filing $0 inc/assets w/n 2 years? (Y/N),"Filed 990 return with zero income and assets within 24 months of BMF file? (Y/N) - Beginning 2008, over 95% of 'zero filers' (ZFiler=Y) filed Form 990-N (e-Postcard) for tax years ending on or after December 31, 2007."
SUBSECCD,SUBSECCD,BMF-2013-05-501CX-NONPROFIT-PX,2013-05,Classification,Character,20,Subsection code,"IRS subsection code (03=501(c)(3), etc.)"
ntmaj5,NTMAJ5,BMF-2013-05-501CX-NONPROFIT-PX,2013-05,Classification,Character,20,Major subsector,Major subsector (5)
ntmaj10,NTMAJ10,BMF-2013-05-501CX-NONPROFIT-PX,2013-05,Classification,Character,20,NTEE major group (10),10 NTEE major groups
ntmaj12,NTMAJ12,BMF-2013-05-501CX-NONPROFIT-PX,2013-05,Classification,Character,20,NTEE major group (12),12 NTEE major groups: ntmaj10 plus higher education (BH) and hospitals (EH)
NTEEconf,NTEECONF,BMF-2013-05-501CX-NONPROFIT-PX,2013-05,Classification,Character,1,NTEE confidence rating,NTEE classification confidence rating (A/B/C)
MAJGRPB,MAJGRPB,BMF-2013-05-501CX-NONPROFIT-PX,2013-05,Classification,Character,1,Major NTEE group,Major NTEE group plus hospitals and higher education
INCOME,INCOME,BMF-2013-05-501CX-NONPROFIT-PX,2013-05,Financial Info,Numeric,1,Gross receipts,Gross receipts from most recently filed Form 990
ASSETS,ASSETS,BMF-2013-05-501CX-NONPROFIT-PX,2013-05,Financial Info,Numeric,1,"Total assets, end of year",Total assets (end of year) from most recent Form 990
cFiler,CFILER,BMF-2013-05-501CX-NONPROFIT-PX,2013-05,NCCS Financial Info,Character,1,990 filing w/n 2 years? (Y/N),Filed 990 return within 24 months of BMF file date? (Y/N)
czFiler,CZFILER,BMF-2013-05-501CX-NONPROFIT-PX,2013-05,NCCS Financial Info,Character,1,990 filing $0 inc/assets w/n 2 years? (Y/N),"Filed 990 return with zero income and assets within 24 months of BMF file? (Y/N) - Beginning 2008, over 95% of 'zero filers' (cZFiler=Y) filed Form 990-N (e-Postcard) for tax years ending on or after December 31, 2007."
cTaxPer,CTAXPER,BMF-2013-05-501CX-NONPROFIT-PX,2013-05,NCCS Financial Info,Character,6,Ending date for tax period,Ending date for tax period of NCCS financial data in yyyymm format.
cTotRev,CTOTREV,BMF-2013-05-501CX-NONPROFIT-PX,2013-05,NCCS Financial Info,Numeric,6,Total Revenue,"Total Revenue from most recent Form 990 (Part I, line 12 on Form 990; Part I, line 9 on Form 990-EZ; or Part I, line 12(a) on Form 990-PF)"
cAssets,CASSETS,BMF-2013-05-501CX-NONPROFIT-PX,2013-05,NCCS Financial Info,Numeric,6,"Total Assets, BV End of Year","Total Assets (Book Value at end of year) from most recent Form 990 (Part IV, line 59(B) on Form 990; Part II, line 25(B) on Form 990-EZ; or Part II, line 16(b) on Form 990-PF)"
cFinSrc,CFINSRC,BMF-2013-05-501CX-NONPROFIT-PX,2013-05,NCCS Financial Info,Character,10,Source of NCCS Financial Data,Source of financial data added by NCCS (primarily the most recent Form 990 filing as of BMF date from NCCS Core files)
RULEDATE,RULEDATE,BMF-2013-05-501CX-NONPROFIT-PX,2013-05,Other Descriptive Info,Character,6,Ruling date (YYYYMM) from IRS,Ruling date: year and month of IRS ruling or determination letter recognizing orgs exempt status (YYYYMM)
FNDNCD,FNDNCD,BMF-2013-05-501CX-NONPROFIT-PX,2013-05,Other Descriptive Info,Character,6,Reason for 501(c)(3) status,"Reason for & type of 501(c)(3) exempt status including codes for operating and grantmaking foundations, and broad type of public charity"
FRCD,FRCD,BMF-2013-05-501CX-NONPROFIT-PX,2013-05,Other Descriptive Info,Character,6,Filing Requirement Code,Filing requirements code. The 1st 2 characters indicate the requirements for 990/990-EZ forms. The 3rd character = 1 if a 990-PF is required or 0 if not.
SEC_NAME,SEC_NAME,BMF-2013-05-501CX-NONPROFIT-PX,2013-05,Other Descriptive Info,Character,35,Sort Name (Secondary name),Secondary organization name
GEN,GEN,BMF-2013-05-501CX-NONPROFIT-PX,2013-05,Other Descriptive Info,Character,4,Group Exemption Number,Group Exemption Number
LEVEL1,LEVEL1,BMF-2013-05-501CX-NONPROFIT-PX,2013-05,Other Classification,Character,4,Public charity or priv. fndn?,Public charity or private foundation?
LEVEL2,LEVEL2,BMF-2013-05-501CX-NONPROFIT-PX,2013-05,Other Classification,Character,4,Reporting public charity group,Reporting public charity groups.
level3,LEVEL3,BMF-2013-05-501CX-NONPROFIT-PX,2013-05,Other Classification,Character,4,Major NTEE category,Major NTEE category
level4,LEVEL4,BMF-2013-05-501CX-NONPROFIT-PX,2013-05,Other Classification,Character,4,NTEE-CC Major Group,NTEE-CC Major Group
NAICS,NAICS,BMF-2013-05-501CX-NONPROFIT-PX,2013-05,Other Classification,Character,6,NAICS,NAICS Code
ACCPER,ACCPER,BMF-2013-05-501CX-NONPROFIT-PX,2013-05,Miscellaneous,Character,2,Accounting period (MM),Accounting period
randnum,RANDNUM,BMF-2013-05-501CX-NONPROFIT-PX,2013-05,Miscellaneous,Numeric,2,Random number between 0 and 1,Random number between 0 and 1 used for creating samples
EIN,EIN,BMF-2013-06-501CX-NONPROFIT-PX,2013-06,Basic Info,Character,9,Employer Identification Number,Employer identification number.
NAME,NAME,BMF-2013-06-501CX-NONPROFIT-PX,2013-06,Basic Info,Character,60,Name of organization,Organization name.
STATE,STATE,BMF-2013-06-501CX-NONPROFIT-PX,2013-06,Basic Info,Character,2,State,Two-letter state abbreviation.
NTEE1,NTEE1,BMF-2013-06-501CX-NONPROFIT-PX,2013-06,Basic Info,Character,2,NTEE major group,NTEE major group (A-Z)
NTEECC,NTEECC,BMF-2013-06-501CX-NONPROFIT-PX,2013-06,Basic Info,Character,4,NTEECC primary purpose,NTEECC classification
CITY,CITY,BMF-2013-06-501CX-NONPROFIT-PX,2013-06,Basic Info,Character,22,City,City
zip5,ZIP5,BMF-2013-06-501CX-NONPROFIT-PX,2013-06,Basic Info,Character,5,"Zip code, 5 digits",First 5 digits of zip code
FIPS,FIPS,BMF-2013-06-501CX-NONPROFIT-PX,2013-06,Basic Info,Character,5,State + County FIPS code,2-digit State + 3-digit County FIPS code (Federal Information Processing Standard). See also U.S. Census Bureau State & County QuickFacts .
MSA_NECH,MSA_NECH,BMF-2013-06-501CX-NONPROFIT-PX,2013-06,Basic Info,Character,4,Metropolitan Statistical Area,Metropolitan Statistical Area (NCCS file) ( list )
PMSA,PMSA,BMF-2013-06-501CX-NONPROFIT-PX,2013-06,Basic Info,Character,4,Primary MSA,Primary Metropolitan Statistical Area
TAXPER,TAXPER,BMF-2013-06-501CX-NONPROFIT-PX,2013-06,Basic Info,Character,20,Ending date for tax period,"Ending date for tax period of financial data. Core files for 1997 on are in ""yyyymm"" format (199412=Dec. 1994). Earlier years use 2-digit year (""9412"")."
outnccs,OUTNCCS,BMF-2013-06-501CX-NONPROFIT-PX,2013-06,Basic Info,Character,20,Out of Scope flag,Out-of-scope (IN/OUT) (see OUTREAS doc. for details)
OUTREAS,OUTREAS,BMF-2013-06-501CX-NONPROFIT-PX,2013-06,Basic Info,Character,20,Reason why out of scope,Reason why out of scope
Filer,FILER,BMF-2013-06-501CX-NONPROFIT-PX,2013-06,Basic Info,Character,20,990 filing w/n 2 years? (Y/N),"Filed 990 return (Form 990, Form 990-EZ, Form 990-PF, or Form 990-N) within 24 months of BMF file? (Y/N)"
ZFILER,ZFILER,BMF-2013-06-501CX-NONPROFIT-PX,2013-06,Basic Info,Character,20,990 filing $0 inc/assets w/n 2 years? (Y/N),"Filed 990 return with zero income and assets within 24 months of BMF file? (Y/N) - Beginning 2008, over 95% of 'zero filers' (ZFiler=Y) filed Form 990-N (e-Postcard) for tax years ending on or after December 31, 2007."
SUBSECCD,SUBSECCD,BMF-2013-06-501CX-NONPROFIT-PX,2013-06,Classification,Character,20,Subsection code,"IRS subsection code (03=501(c)(3), etc.)"
ntmaj5,NTMAJ5,BMF-2013-06-501CX-NONPROFIT-PX,2013-06,Classification,Character,20,Major subsector,Major subsector (5)
ntmaj10,NTMAJ10,BMF-2013-06-501CX-NONPROFIT-PX,2013-06,Classification,Character,20,NTEE major group (10),10 NTEE major groups
ntmaj12,NTMAJ12,BMF-2013-06-501CX-NONPROFIT-PX,2013-06,Classification,Character,20,NTEE major group (12),12 NTEE major groups: ntmaj10 plus higher education (BH) and hospitals (EH)
NTEEconf,NTEECONF,BMF-2013-06-501CX-NONPROFIT-PX,2013-06,Classification,Character,1,NTEE confidence rating,NTEE classification confidence rating (A/B/C)
MAJGRPB,MAJGRPB,BMF-2013-06-501CX-NONPROFIT-PX,2013-06,Classification,Character,1,Major NTEE group,Major NTEE group plus hospitals and higher education
INCOME,INCOME,BMF-2013-06-501CX-NONPROFIT-PX,2013-06,Financial Info,Numeric,1,Gross receipts,Gross receipts from most recently filed Form 990
ASSETS,ASSETS,BMF-2013-06-501CX-NONPROFIT-PX,2013-06,Financial Info,Numeric,1,"Total assets, end of year",Total assets (end of year) from most recent Form 990
cFiler,CFILER,BMF-2013-06-501CX-NONPROFIT-PX,2013-06,NCCS Financial Info,Character,1,990 filing w/n 2 years? (Y/N),Filed 990 return within 24 months of BMF file date? (Y/N)
czFiler,CZFILER,BMF-2013-06-501CX-NONPROFIT-PX,2013-06,NCCS Financial Info,Character,1,990 filing $0 inc/assets w/n 2 years? (Y/N),"Filed 990 return with zero income and assets within 24 months of BMF file? (Y/N) - Beginning 2008, over 95% of 'zero filers' (cZFiler=Y) filed Form 990-N (e-Postcard) for tax years ending on or after December 31, 2007."
cTaxPer,CTAXPER,BMF-2013-06-501CX-NONPROFIT-PX,2013-06,NCCS Financial Info,Character,6,Ending date for tax period,Ending date for tax period of NCCS financial data in yyyymm format.
cTotRev,CTOTREV,BMF-2013-06-501CX-NONPROFIT-PX,2013-06,NCCS Financial Info,Numeric,6,Total Revenue,"Total Revenue from most recent Form 990 (Part I, line 12 on Form 990; Part I, line 9 on Form 990-EZ; or Part I, line 12(a) on Form 990-PF)"
cAssets,CASSETS,BMF-2013-06-501CX-NONPROFIT-PX,2013-06,NCCS Financial Info,Numeric,6,"Total Assets, BV End of Year","Total Assets (Book Value at end of year) from most recent Form 990 (Part IV, line 59(B) on Form 990; Part II, line 25(B) on Form 990-EZ; or Part II, line 16(b) on Form 990-PF)"
cFinSrc,CFINSRC,BMF-2013-06-501CX-NONPROFIT-PX,2013-06,NCCS Financial Info,Character,10,Source of NCCS Financial Data,Source of financial data added by NCCS (primarily the most recent Form 990 filing as of BMF date from NCCS Core files)
RULEDATE,RULEDATE,BMF-2013-06-501CX-NONPROFIT-PX,2013-06,Other Descriptive Info,Character,6,Ruling date (YYYYMM) from IRS,Ruling date: year and month of IRS ruling or determination letter recognizing orgs exempt status (YYYYMM)
FNDNCD,FNDNCD,BMF-2013-06-501CX-NONPROFIT-PX,2013-06,Other Descriptive Info,Character,6,Reason for 501(c)(3) status,"Reason for & type of 501(c)(3) exempt status including codes for operating and grantmaking foundations, and broad type of public charity"
FRCD,FRCD,BMF-2013-06-501CX-NONPROFIT-PX,2013-06,Other Descriptive Info,Character,6,Filing Requirement Code,Filing requirements code. The 1st 2 characters indicate the requirements for 990/990-EZ forms. The 3rd character = 1 if a 990-PF is required or 0 if not.
SEC_NAME,SEC_NAME,BMF-2013-06-501CX-NONPROFIT-PX,2013-06,Other Descriptive Info,Character,35,Sort Name (Secondary name),Secondary organization name
GEN,GEN,BMF-2013-06-501CX-NONPROFIT-PX,2013-06,Other Descriptive Info,Character,4,Group Exemption Number,Group Exemption Number
LEVEL1,LEVEL1,BMF-2013-06-501CX-NONPROFIT-PX,2013-06,Other Classification,Character,4,Public charity or priv. fndn?,Public charity or private foundation?
LEVEL2,LEVEL2,BMF-2013-06-501CX-NONPROFIT-PX,2013-06,Other Classification,Character,4,Reporting public charity group,Reporting public charity groups.
level3,LEVEL3,BMF-2013-06-501CX-NONPROFIT-PX,2013-06,Other Classification,Character,4,Major NTEE category,Major NTEE category
level4,LEVEL4,BMF-2013-06-501CX-NONPROFIT-PX,2013-06,Other Classification,Character,4,NTEE-CC Major Group,NTEE-CC Major Group
NAICS,NAICS,BMF-2013-06-501CX-NONPROFIT-PX,2013-06,Other Classification,Character,6,NAICS,NAICS Code
ACCPER,ACCPER,BMF-2013-06-501CX-NONPROFIT-PX,2013-06,Miscellaneous,Character,2,Accounting period (MM),Accounting period
randnum,RANDNUM,BMF-2013-06-501CX-NONPROFIT-PX,2013-06,Miscellaneous,Numeric,2,Random number between 0 and 1,Random number between 0 and 1 used for creating samples
EIN,EIN,BMF-2013-07-501CX-NONPROFIT-PX,2013-07,Basic Info,Character,9,Employer Identification Number,Employer identification number.
NAME,NAME,BMF-2013-07-501CX-NONPROFIT-PX,2013-07,Basic Info,Character,60,Name of organization,Organization name.
STATE,STATE,BMF-2013-07-501CX-NONPROFIT-PX,2013-07,Basic Info,Character,2,State,Two-letter state abbreviation.
NTEE1,NTEE1,BMF-2013-07-501CX-NONPROFIT-PX,2013-07,Basic Info,Character,2,NTEE major group,NTEE major group (A-Z)
NTEECC,NTEECC,BMF-2013-07-501CX-NONPROFIT-PX,2013-07,Basic Info,Character,4,NTEECC primary purpose,NTEECC classification
CITY,CITY,BMF-2013-07-501CX-NONPROFIT-PX,2013-07,Basic Info,Character,22,City,City
zip5,ZIP5,BMF-2013-07-501CX-NONPROFIT-PX,2013-07,Basic Info,Character,5,"Zip code, 5 digits",First 5 digits of zip code
FIPS,FIPS,BMF-2013-07-501CX-NONPROFIT-PX,2013-07,Basic Info,Character,5,State + County FIPS code,2-digit State + 3-digit County FIPS code (Federal Information Processing Standard). See also U.S. Census Bureau State & County QuickFacts .
MSA_NECH,MSA_NECH,BMF-2013-07-501CX-NONPROFIT-PX,2013-07,Basic Info,Character,4,Metropolitan Statistical Area,Metropolitan Statistical Area (NCCS file) ( list )
PMSA,PMSA,BMF-2013-07-501CX-NONPROFIT-PX,2013-07,Basic Info,Character,4,Primary MSA,Primary Metropolitan Statistical Area
TAXPER,TAXPER,BMF-2013-07-501CX-NONPROFIT-PX,2013-07,Basic Info,Character,20,Ending date for tax period,"Ending date for tax period of financial data. Core files for 1997 on are in ""yyyymm"" format (199412=Dec. 1994). Earlier years use 2-digit year (""9412"")."
outnccs,OUTNCCS,BMF-2013-07-501CX-NONPROFIT-PX,2013-07,Basic Info,Character,20,Out of Scope flag,Out-of-scope (IN/OUT) (see OUTREAS doc. for details)
OUTREAS,OUTREAS,BMF-2013-07-501CX-NONPROFIT-PX,2013-07,Basic Info,Character,20,Reason why out of scope,Reason why out of scope
Filer,FILER,BMF-2013-07-501CX-NONPROFIT-PX,2013-07,Basic Info,Character,20,990 filing w/n 2 years? (Y/N),"Filed 990 return (Form 990, Form 990-EZ, Form 990-PF, or Form 990-N) within 24 months of BMF file? (Y/N)"
ZFILER,ZFILER,BMF-2013-07-501CX-NONPROFIT-PX,2013-07,Basic Info,Character,20,990 filing $0 inc/assets w/n 2 years? (Y/N),"Filed 990 return with zero income and assets within 24 months of BMF file? (Y/N) - Beginning 2008, over 95% of 'zero filers' (ZFiler=Y) filed Form 990-N (e-Postcard) for tax years ending on or after December 31, 2007."
SUBSECCD,SUBSECCD,BMF-2013-07-501CX-NONPROFIT-PX,2013-07,Classification,Character,20,Subsection code,"IRS subsection code (03=501(c)(3), etc.)"
ntmaj5,NTMAJ5,BMF-2013-07-501CX-NONPROFIT-PX,2013-07,Classification,Character,20,Major subsector,Major subsector (5)
ntmaj10,NTMAJ10,BMF-2013-07-501CX-NONPROFIT-PX,2013-07,Classification,Character,20,NTEE major group (10),10 NTEE major groups
ntmaj12,NTMAJ12,BMF-2013-07-501CX-NONPROFIT-PX,2013-07,Classification,Character,20,NTEE major group (12),12 NTEE major groups: ntmaj10 plus higher education (BH) and hospitals (EH)
NTEEconf,NTEECONF,BMF-2013-07-501CX-NONPROFIT-PX,2013-07,Classification,Character,1,NTEE confidence rating,NTEE classification confidence rating (A/B/C)
MAJGRPB,MAJGRPB,BMF-2013-07-501CX-NONPROFIT-PX,2013-07,Classification,Character,1,Major NTEE group,Major NTEE group plus hospitals and higher education
INCOME,INCOME,BMF-2013-07-501CX-NONPROFIT-PX,2013-07,Financial Info,Numeric,1,Gross receipts,Gross receipts from most recently filed Form 990
ASSETS,ASSETS,BMF-2013-07-501CX-NONPROFIT-PX,2013-07,Financial Info,Numeric,1,"Total assets, end of year",Total assets (end of year) from most recent Form 990
cFiler,CFILER,BMF-2013-07-501CX-NONPROFIT-PX,2013-07,NCCS Financial Info,Character,1,990 filing w/n 2 years? (Y/N),Filed 990 return within 24 months of BMF file date? (Y/N)
czFiler,CZFILER,BMF-2013-07-501CX-NONPROFIT-PX,2013-07,NCCS Financial Info,Character,1,990 filing $0 inc/assets w/n 2 years? (Y/N),"Filed 990 return with zero income and assets within 24 months of BMF file? (Y/N) - Beginning 2008, over 95% of 'zero filers' (cZFiler=Y) filed Form 990-N (e-Postcard) for tax years ending on or after December 31, 2007."
cTaxPer,CTAXPER,BMF-2013-07-501CX-NONPROFIT-PX,2013-07,NCCS Financial Info,Character,6,Ending date for tax period,Ending date for tax period of NCCS financial data in yyyymm format.
cTotRev,CTOTREV,BMF-2013-07-501CX-NONPROFIT-PX,2013-07,NCCS Financial Info,Numeric,6,Total Revenue,"Total Revenue from most recent Form 990 (Part I, line 12 on Form 990; Part I, line 9 on Form 990-EZ; or Part I, line 12(a) on Form 990-PF)"
cAssets,CASSETS,BMF-2013-07-501CX-NONPROFIT-PX,2013-07,NCCS Financial Info,Numeric,6,"Total Assets, BV End of Year","Total Assets (Book Value at end of year) from most recent Form 990 (Part IV, line 59(B) on Form 990; Part II, line 25(B) on Form 990-EZ; or Part II, line 16(b) on Form 990-PF)"
cFinSrc,CFINSRC,BMF-2013-07-501CX-NONPROFIT-PX,2013-07,NCCS Financial Info,Character,10,Source of NCCS Financial Data,Source of financial data added by NCCS (primarily the most recent Form 990 filing as of BMF date from NCCS Core files)
RULEDATE,RULEDATE,BMF-2013-07-501CX-NONPROFIT-PX,2013-07,Other Descriptive Info,Character,6,Ruling date (YYYYMM) from IRS,Ruling date: year and month of IRS ruling or determination letter recognizing orgs exempt status (YYYYMM)
FNDNCD,FNDNCD,BMF-2013-07-501CX-NONPROFIT-PX,2013-07,Other Descriptive Info,Character,6,Reason for 501(c)(3) status,"Reason for & type of 501(c)(3) exempt status including codes for operating and grantmaking foundations, and broad type of public charity"
FRCD,FRCD,BMF-2013-07-501CX-NONPROFIT-PX,2013-07,Other Descriptive Info,Character,6,Filing Requirement Code,Filing requirements code. The 1st 2 characters indicate the requirements for 990/990-EZ forms. The 3rd character = 1 if a 990-PF is required or 0 if not.
SEC_NAME,SEC_NAME,BMF-2013-07-501CX-NONPROFIT-PX,2013-07,Other Descriptive Info,Character,35,Sort Name (Secondary name),Secondary organization name
GEN,GEN,BMF-2013-07-501CX-NONPROFIT-PX,2013-07,Other Descriptive Info,Character,4,Group Exemption Number,Group Exemption Number
LEVEL1,LEVEL1,BMF-2013-07-501CX-NONPROFIT-PX,2013-07,Other Classification,Character,4,Public charity or priv. fndn?,Public charity or private foundation?
LEVEL2,LEVEL2,BMF-2013-07-501CX-NONPROFIT-PX,2013-07,Other Classification,Character,4,Reporting public charity group,Reporting public charity groups.
level3,LEVEL3,BMF-2013-07-501CX-NONPROFIT-PX,2013-07,Other Classification,Character,4,Major NTEE category,Major NTEE category
level4,LEVEL4,BMF-2013-07-501CX-NONPROFIT-PX,2013-07,Other Classification,Character,4,NTEE-CC Major Group,NTEE-CC Major Group
NAICS,NAICS,BMF-2013-07-501CX-NONPROFIT-PX,2013-07,Other Classification,Character,6,NAICS,NAICS Code
ACCPER,ACCPER,BMF-2013-07-501CX-NONPROFIT-PX,2013-07,Miscellaneous,Character,2,Accounting period (MM),Accounting period
randnum,RANDNUM,BMF-2013-07-501CX-NONPROFIT-PX,2013-07,Miscellaneous,Numeric,2,Random number between 0 and 1,Random number between 0 and 1 used for creating samples
EIN,EIN,BMF-2013-08-501CX-NONPROFIT-PX,2013-08,Basic Info,Character,9,Employer Identification Number,Employer identification number.
NAME,NAME,BMF-2013-08-501CX-NONPROFIT-PX,2013-08,Basic Info,Character,60,Name of organization,Organization name.
STATE,STATE,BMF-2013-08-501CX-NONPROFIT-PX,2013-08,Basic Info,Character,2,State,Two-letter state abbreviation.
NTEE1,NTEE1,BMF-2013-08-501CX-NONPROFIT-PX,2013-08,Basic Info,Character,2,NTEE major group,NTEE major group (A-Z)
NTEECC,NTEECC,BMF-2013-08-501CX-NONPROFIT-PX,2013-08,Basic Info,Character,4,NTEECC primary purpose,NTEECC classification
CITY,CITY,BMF-2013-08-501CX-NONPROFIT-PX,2013-08,Basic Info,Character,22,City,City
zip5,ZIP5,BMF-2013-08-501CX-NONPROFIT-PX,2013-08,Basic Info,Character,5,"Zip code, 5 digits",First 5 digits of zip code
FIPS,FIPS,BMF-2013-08-501CX-NONPROFIT-PX,2013-08,Basic Info,Character,5,State + County FIPS code,2-digit State + 3-digit County FIPS code (Federal Information Processing Standard). See also U.S. Census Bureau State & County QuickFacts .
MSA_NECH,MSA_NECH,BMF-2013-08-501CX-NONPROFIT-PX,2013-08,Basic Info,Character,4,Metropolitan Statistical Area,Metropolitan Statistical Area (NCCS file) ( list )
PMSA,PMSA,BMF-2013-08-501CX-NONPROFIT-PX,2013-08,Basic Info,Character,4,Primary MSA,Primary Metropolitan Statistical Area
TAXPER,TAXPER,BMF-2013-08-501CX-NONPROFIT-PX,2013-08,Basic Info,Character,20,Ending date for tax period,"Ending date for tax period of financial data. Core files for 1997 on are in ""yyyymm"" format (199412=Dec. 1994). Earlier years use 2-digit year (""9412"")."
outnccs,OUTNCCS,BMF-2013-08-501CX-NONPROFIT-PX,2013-08,Basic Info,Character,20,Out of Scope flag,Out-of-scope (IN/OUT) (see OUTREAS doc. for details)
OUTREAS,OUTREAS,BMF-2013-08-501CX-NONPROFIT-PX,2013-08,Basic Info,Character,20,Reason why out of scope,Reason why out of scope
Filer,FILER,BMF-2013-08-501CX-NONPROFIT-PX,2013-08,Basic Info,Character,20,990 filing w/n 2 years? (Y/N),"Filed 990 return (Form 990, Form 990-EZ, Form 990-PF, or Form 990-N) within 24 months of BMF file? (Y/N)"
ZFILER,ZFILER,BMF-2013-08-501CX-NONPROFIT-PX,2013-08,Basic Info,Character,20,990 filing $0 inc/assets w/n 2 years? (Y/N),"Filed 990 return with zero income and assets within 24 months of BMF file? (Y/N) - Beginning 2008, over 95% of 'zero filers' (ZFiler=Y) filed Form 990-N (e-Postcard) for tax years ending on or after December 31, 2007."
SUBSECCD,SUBSECCD,BMF-2013-08-501CX-NONPROFIT-PX,2013-08,Classification,Character,20,Subsection code,"IRS subsection code (03=501(c)(3), etc.)"
ntmaj5,NTMAJ5,BMF-2013-08-501CX-NONPROFIT-PX,2013-08,Classification,Character,20,Major subsector,Major subsector (5)
ntmaj10,NTMAJ10,BMF-2013-08-501CX-NONPROFIT-PX,2013-08,Classification,Character,20,NTEE major group (10),10 NTEE major groups
ntmaj12,NTMAJ12,BMF-2013-08-501CX-NONPROFIT-PX,2013-08,Classification,Character,20,NTEE major group (12),12 NTEE major groups: ntmaj10 plus higher education (BH) and hospitals (EH)
NTEEconf,NTEECONF,BMF-2013-08-501CX-NONPROFIT-PX,2013-08,Classification,Character,1,NTEE confidence rating,NTEE classification confidence rating (A/B/C)
MAJGRPB,MAJGRPB,BMF-2013-08-501CX-NONPROFIT-PX,2013-08,Classification,Character,1,Major NTEE group,Major NTEE group plus hospitals and higher education
INCOME,INCOME,BMF-2013-08-501CX-NONPROFIT-PX,2013-08,Financial Info,Numeric,1,Gross receipts,Gross receipts from most recently filed Form 990
ASSETS,ASSETS,BMF-2013-08-501CX-NONPROFIT-PX,2013-08,Financial Info,Numeric,1,"Total assets, end of year",Total assets (end of year) from most recent Form 990
cFiler,CFILER,BMF-2013-08-501CX-NONPROFIT-PX,2013-08,NCCS Financial Info,Character,1,990 filing w/n 2 years? (Y/N),Filed 990 return within 24 months of BMF file date? (Y/N)
czFiler,CZFILER,BMF-2013-08-501CX-NONPROFIT-PX,2013-08,NCCS Financial Info,Character,1,990 filing $0 inc/assets w/n 2 years? (Y/N),"Filed 990 return with zero income and assets within 24 months of BMF file? (Y/N) - Beginning 2008, over 95% of 'zero filers' (cZFiler=Y) filed Form 990-N (e-Postcard) for tax years ending on or after December 31, 2007."
cTaxPer,CTAXPER,BMF-2013-08-501CX-NONPROFIT-PX,2013-08,NCCS Financial Info,Character,6,Ending date for tax period,Ending date for tax period of NCCS financial data in yyyymm format.
cTotRev,CTOTREV,BMF-2013-08-501CX-NONPROFIT-PX,2013-08,NCCS Financial Info,Numeric,6,Total Revenue,"Total Revenue from most recent Form 990 (Part I, line 12 on Form 990; Part I, line 9 on Form 990-EZ; or Part I, line 12(a) on Form 990-PF)"
cAssets,CASSETS,BMF-2013-08-501CX-NONPROFIT-PX,2013-08,NCCS Financial Info,Numeric,6,"Total Assets, BV End of Year","Total Assets (Book Value at end of year) from most recent Form 990 (Part IV, line 59(B) on Form 990; Part II, line 25(B) on Form 990-EZ; or Part II, line 16(b) on Form 990-PF)"
cFinSrc,CFINSRC,BMF-2013-08-501CX-NONPROFIT-PX,2013-08,NCCS Financial Info,Character,10,Source of NCCS Financial Data,Source of financial data added by NCCS (primarily the most recent Form 990 filing as of BMF date from NCCS Core files)
RULEDATE,RULEDATE,BMF-2013-08-501CX-NONPROFIT-PX,2013-08,Other Descriptive Info,Character,6,Ruling date (YYYYMM) from IRS,Ruling date: year and month of IRS ruling or determination letter recognizing orgs exempt status (YYYYMM)
FNDNCD,FNDNCD,BMF-2013-08-501CX-NONPROFIT-PX,2013-08,Other Descriptive Info,Character,6,Reason for 501(c)(3) status,"Reason for & type of 501(c)(3) exempt status including codes for operating and grantmaking foundations, and broad type of public charity"
FRCD,FRCD,BMF-2013-08-501CX-NONPROFIT-PX,2013-08,Other Descriptive Info,Character,6,Filing Requirement Code,Filing requirements code. The 1st 2 characters indicate the requirements for 990/990-EZ forms. The 3rd character = 1 if a 990-PF is required or 0 if not.
SEC_NAME,SEC_NAME,BMF-2013-08-501CX-NONPROFIT-PX,2013-08,Other Descriptive Info,Character,35,Sort Name (Secondary name),Secondary organization name
GEN,GEN,BMF-2013-08-501CX-NONPROFIT-PX,2013-08,Other Descriptive Info,Character,4,Group Exemption Number,Group Exemption Number
LEVEL1,LEVEL1,BMF-2013-08-501CX-NONPROFIT-PX,2013-08,Other Classification,Character,4,Public charity or priv. fndn?,Public charity or private foundation?
LEVEL2,LEVEL2,BMF-2013-08-501CX-NONPROFIT-PX,2013-08,Other Classification,Character,4,Reporting public charity group,Reporting public charity groups.
level3,LEVEL3,BMF-2013-08-501CX-NONPROFIT-PX,2013-08,Other Classification,Character,4,Major NTEE category,Major NTEE category
level4,LEVEL4,BMF-2013-08-501CX-NONPROFIT-PX,2013-08,Other Classification,Character,4,NTEE-CC Major Group,NTEE-CC Major Group
NAICS,NAICS,BMF-2013-08-501CX-NONPROFIT-PX,2013-08,Other Classification,Character,6,NAICS,NAICS Code
ACCPER,ACCPER,BMF-2013-08-501CX-NONPROFIT-PX,2013-08,Miscellaneous,Character,2,Accounting period (MM),Accounting period
randnum,RANDNUM,BMF-2013-08-501CX-NONPROFIT-PX,2013-08,Miscellaneous,Numeric,2,Random number between 0 and 1,Random number between 0 and 1 used for creating samples
EIN,EIN,BMF-2013-09-501CX-NONPROFIT-PX,2013-09,Basic Info,Character,9,Employer Identification Number,Employer identification number.
NAME,NAME,BMF-2013-09-501CX-NONPROFIT-PX,2013-09,Basic Info,Character,60,Name of organization,Organization name.
STATE,STATE,BMF-2013-09-501CX-NONPROFIT-PX,2013-09,Basic Info,Character,2,State,Two-letter state abbreviation.
NTEE1,NTEE1,BMF-2013-09-501CX-NONPROFIT-PX,2013-09,Basic Info,Character,2,NTEE major group,NTEE major group (A-Z)
NTEECC,NTEECC,BMF-2013-09-501CX-NONPROFIT-PX,2013-09,Basic Info,Character,4,NTEECC primary purpose,NTEECC classification
CITY,CITY,BMF-2013-09-501CX-NONPROFIT-PX,2013-09,Basic Info,Character,22,City,City
zip5,ZIP5,BMF-2013-09-501CX-NONPROFIT-PX,2013-09,Basic Info,Character,5,"Zip code, 5 digits",First 5 digits of zip code
FIPS,FIPS,BMF-2013-09-501CX-NONPROFIT-PX,2013-09,Basic Info,Character,5,State + County FIPS code,2-digit State + 3-digit County FIPS code (Federal Information Processing Standard). See also U.S. Census Bureau State & County QuickFacts .
MSA_NECH,MSA_NECH,BMF-2013-09-501CX-NONPROFIT-PX,2013-09,Basic Info,Character,4,Metropolitan Statistical Area,Metropolitan Statistical Area (NCCS file) ( list )
PMSA,PMSA,BMF-2013-09-501CX-NONPROFIT-PX,2013-09,Basic Info,Character,4,Primary MSA,Primary Metropolitan Statistical Area
TAXPER,TAXPER,BMF-2013-09-501CX-NONPROFIT-PX,2013-09,Basic Info,Character,20,Ending date for tax period,"Ending date for tax period of financial data. Core files for 1997 on are in ""yyyymm"" format (199412=Dec. 1994). Earlier years use 2-digit year (""9412"")."
outnccs,OUTNCCS,BMF-2013-09-501CX-NONPROFIT-PX,2013-09,Basic Info,Character,20,Out of Scope flag,Out-of-scope (IN/OUT) (see OUTREAS doc. for details)
OUTREAS,OUTREAS,BMF-2013-09-501CX-NONPROFIT-PX,2013-09,Basic Info,Character,20,Reason why out of scope,Reason why out of scope
Filer,FILER,BMF-2013-09-501CX-NONPROFIT-PX,2013-09,Basic Info,Character,20,990 filing w/n 2 years? (Y/N),"Filed 990 return (Form 990, Form 990-EZ, Form 990-PF, or Form 990-N) within 24 months of BMF file? (Y/N)"
ZFILER,ZFILER,BMF-2013-09-501CX-NONPROFIT-PX,2013-09,Basic Info,Character,20,990 filing $0 inc/assets w/n 2 years? (Y/N),"Filed 990 return with zero income and assets within 24 months of BMF file? (Y/N) - Beginning 2008, over 95% of 'zero filers' (ZFiler=Y) filed Form 990-N (e-Postcard) for tax years ending on or after December 31, 2007."
SUBSECCD,SUBSECCD,BMF-2013-09-501CX-NONPROFIT-PX,2013-09,Classification,Character,20,Subsection code,"IRS subsection code (03=501(c)(3), etc.)"
ntmaj5,NTMAJ5,BMF-2013-09-501CX-NONPROFIT-PX,2013-09,Classification,Character,20,Major subsector,Major subsector (5)
ntmaj10,NTMAJ10,BMF-2013-09-501CX-NONPROFIT-PX,2013-09,Classification,Character,20,NTEE major group (10),10 NTEE major groups
ntmaj12,NTMAJ12,BMF-2013-09-501CX-NONPROFIT-PX,2013-09,Classification,Character,20,NTEE major group (12),12 NTEE major groups: ntmaj10 plus higher education (BH) and hospitals (EH)
NTEEconf,NTEECONF,BMF-2013-09-501CX-NONPROFIT-PX,2013-09,Classification,Character,1,NTEE confidence rating,NTEE classification confidence rating (A/B/C)
MAJGRPB,MAJGRPB,BMF-2013-09-501CX-NONPROFIT-PX,2013-09,Classification,Character,1,Major NTEE group,Major NTEE group plus hospitals and higher education
INCOME,INCOME,BMF-2013-09-501CX-NONPROFIT-PX,2013-09,Financial Info,Numeric,1,Gross receipts,Gross receipts from most recently filed Form 990
ASSETS,ASSETS,BMF-2013-09-501CX-NONPROFIT-PX,2013-09,Financial Info,Numeric,1,"Total assets, end of year",Total assets (end of year) from most recent Form 990
cFiler,CFILER,BMF-2013-09-501CX-NONPROFIT-PX,2013-09,NCCS Financial Info,Character,1,990 filing w/n 2 years? (Y/N),Filed 990 return within 24 months of BMF file date? (Y/N)
czFiler,CZFILER,BMF-2013-09-501CX-NONPROFIT-PX,2013-09,NCCS Financial Info,Character,1,990 filing $0 inc/assets w/n 2 years? (Y/N),"Filed 990 return with zero income and assets within 24 months of BMF file? (Y/N) - Beginning 2008, over 95% of 'zero filers' (cZFiler=Y) filed Form 990-N (e-Postcard) for tax years ending on or after December 31, 2007."
cTaxPer,CTAXPER,BMF-2013-09-501CX-NONPROFIT-PX,2013-09,NCCS Financial Info,Character,6,Ending date for tax period,Ending date for tax period of NCCS financial data in yyyymm format.
cTotRev,CTOTREV,BMF-2013-09-501CX-NONPROFIT-PX,2013-09,NCCS Financial Info,Numeric,6,Total Revenue,"Total Revenue from most recent Form 990 (Part I, line 12 on Form 990; Part I, line 9 on Form 990-EZ; or Part I, line 12(a) on Form 990-PF)"
cAssets,CASSETS,BMF-2013-09-501CX-NONPROFIT-PX,2013-09,NCCS Financial Info,Numeric,6,"Total Assets, BV End of Year","Total Assets (Book Value at end of year) from most recent Form 990 (Part IV, line 59(B) on Form 990; Part II, line 25(B) on Form 990-EZ; or Part II, line 16(b) on Form 990-PF)"
cFinSrc,CFINSRC,BMF-2013-09-501CX-NONPROFIT-PX,2013-09,NCCS Financial Info,Character,10,Source of NCCS Financial Data,Source of financial data added by NCCS (primarily the most recent Form 990 filing as of BMF date from NCCS Core files)
RULEDATE,RULEDATE,BMF-2013-09-501CX-NONPROFIT-PX,2013-09,Other Descriptive Info,Character,6,Ruling date (YYYYMM) from IRS,Ruling date: year and month of IRS ruling or determination letter recognizing orgs exempt status (YYYYMM)
FNDNCD,FNDNCD,BMF-2013-09-501CX-NONPROFIT-PX,2013-09,Other Descriptive Info,Character,6,Reason for 501(c)(3) status,"Reason for & type of 501(c)(3) exempt status including codes for operating and grantmaking foundations, and broad type of public charity"
FRCD,FRCD,BMF-2013-09-501CX-NONPROFIT-PX,2013-09,Other Descriptive Info,Character,6,Filing Requirement Code,Filing requirements code. The 1st 2 characters indicate the requirements for 990/990-EZ forms. The 3rd character = 1 if a 990-PF is required or 0 if not.
SEC_NAME,SEC_NAME,BMF-2013-09-501CX-NONPROFIT-PX,2013-09,Other Descriptive Info,Character,35,Sort Name (Secondary name),Secondary organization name
GEN,GEN,BMF-2013-09-501CX-NONPROFIT-PX,2013-09,Other Descriptive Info,Character,4,Group Exemption Number,Group Exemption Number
LEVEL1,LEVEL1,BMF-2013-09-501CX-NONPROFIT-PX,2013-09,Other Classification,Character,4,Public charity or priv. fndn?,Public charity or private foundation?
LEVEL2,LEVEL2,BMF-2013-09-501CX-NONPROFIT-PX,2013-09,Other Classification,Character,4,Reporting public charity group,Reporting public charity groups.
level3,LEVEL3,BMF-2013-09-501CX-NONPROFIT-PX,2013-09,Other Classification,Character,4,Major NTEE category,Major NTEE category
level4,LEVEL4,BMF-2013-09-501CX-NONPROFIT-PX,2013-09,Other Classification,Character,4,NTEE-CC Major Group,NTEE-CC Major Group
NAICS,NAICS,BMF-2013-09-501CX-NONPROFIT-PX,2013-09,Other Classification,Character,6,NAICS,NAICS Code
ACCPER,ACCPER,BMF-2013-09-501CX-NONPROFIT-PX,2013-09,Miscellaneous,Character,2,Accounting period (MM),Accounting period
randnum,RANDNUM,BMF-2013-09-501CX-NONPROFIT-PX,2013-09,Miscellaneous,Numeric,2,Random number between 0 and 1,Random number between 0 and 1 used for creating samples
EIN,EIN,BMF-2013-10-501CX-NONPROFIT-PX,2013-10,Basic Info,Character,9,Employer Identification Number,Employer identification number.
NAME,NAME,BMF-2013-10-501CX-NONPROFIT-PX,2013-10,Basic Info,Character,60,Name of organization,Organization name.
STATE,STATE,BMF-2013-10-501CX-NONPROFIT-PX,2013-10,Basic Info,Character,2,State,Two-letter state abbreviation.
NTEE1,NTEE1,BMF-2013-10-501CX-NONPROFIT-PX,2013-10,Basic Info,Character,2,NTEE major group,NTEE major group (A-Z)
NTEECC,NTEECC,BMF-2013-10-501CX-NONPROFIT-PX,2013-10,Basic Info,Character,4,NTEECC primary purpose,NTEECC classification
CITY,CITY,BMF-2013-10-501CX-NONPROFIT-PX,2013-10,Basic Info,Character,22,City,City
zip5,ZIP5,BMF-2013-10-501CX-NONPROFIT-PX,2013-10,Basic Info,Character,5,"Zip code, 5 digits",First 5 digits of zip code
FIPS,FIPS,BMF-2013-10-501CX-NONPROFIT-PX,2013-10,Basic Info,Character,5,State + County FIPS code,2-digit State + 3-digit County FIPS code (Federal Information Processing Standard). See also U.S. Census Bureau State & County QuickFacts .
MSA_NECH,MSA_NECH,BMF-2013-10-501CX-NONPROFIT-PX,2013-10,Basic Info,Character,4,Metropolitan Statistical Area,Metropolitan Statistical Area (NCCS file) ( list )
PMSA,PMSA,BMF-2013-10-501CX-NONPROFIT-PX,2013-10,Basic Info,Character,4,Primary MSA,Primary Metropolitan Statistical Area
TAXPER,TAXPER,BMF-2013-10-501CX-NONPROFIT-PX,2013-10,Basic Info,Character,20,Ending date for tax period,"Ending date for tax period of financial data. Core files for 1997 on are in ""yyyymm"" format (199412=Dec. 1994). Earlier years use 2-digit year (""9412"")."
outnccs,OUTNCCS,BMF-2013-10-501CX-NONPROFIT-PX,2013-10,Basic Info,Character,20,Out of Scope flag,Out-of-scope (IN/OUT) (see OUTREAS doc. for details)
OUTREAS,OUTREAS,BMF-2013-10-501CX-NONPROFIT-PX,2013-10,Basic Info,Character,20,Reason why out of scope,Reason why out of scope
Filer,FILER,BMF-2013-10-501CX-NONPROFIT-PX,2013-10,Basic Info,Character,20,990 filing w/n 2 years? (Y/N),"Filed 990 return (Form 990, Form 990-EZ, Form 990-PF, or Form 990-N) within 24 months of BMF file? (Y/N)"
ZFILER,ZFILER,BMF-2013-10-501CX-NONPROFIT-PX,2013-10,Basic Info,Character,20,990 filing $0 inc/assets w/n 2 years? (Y/N),"Filed 990 return with zero income and assets within 24 months of BMF file? (Y/N) - Beginning 2008, over 95% of 'zero filers' (ZFiler=Y) filed Form 990-N (e-Postcard) for tax years ending on or after December 31, 2007."
SUBSECCD,SUBSECCD,BMF-2013-10-501CX-NONPROFIT-PX,2013-10,Classification,Character,20,Subsection code,"IRS subsection code (03=501(c)(3), etc.)"
ntmaj5,NTMAJ5,BMF-2013-10-501CX-NONPROFIT-PX,2013-10,Classification,Character,20,Major subsector,Major subsector (5)
ntmaj10,NTMAJ10,BMF-2013-10-501CX-NONPROFIT-PX,2013-10,Classification,Character,20,NTEE major group (10),10 NTEE major groups
ntmaj12,NTMAJ12,BMF-2013-10-501CX-NONPROFIT-PX,2013-10,Classification,Character,20,NTEE major group (12),12 NTEE major groups: ntmaj10 plus higher education (BH) and hospitals (EH)
NTEEconf,NTEECONF,BMF-2013-10-501CX-NONPROFIT-PX,2013-10,Classification,Character,1,NTEE confidence rating,NTEE classification confidence rating (A/B/C)
MAJGRPB,MAJGRPB,BMF-2013-10-501CX-NONPROFIT-PX,2013-10,Classification,Character,1,Major NTEE group,Major NTEE group plus hospitals and higher education
INCOME,INCOME,BMF-2013-10-501CX-NONPROFIT-PX,2013-10,Financial Info,Numeric,1,Gross receipts,Gross receipts from most recently filed Form 990
ASSETS,ASSETS,BMF-2013-10-501CX-NONPROFIT-PX,2013-10,Financial Info,Numeric,1,"Total assets, end of year",Total assets (end of year) from most recent Form 990
cFiler,CFILER,BMF-2013-10-501CX-NONPROFIT-PX,2013-10,NCCS Financial Info,Character,1,990 filing w/n 2 years? (Y/N),Filed 990 return within 24 months of BMF file date? (Y/N)
czFiler,CZFILER,BMF-2013-10-501CX-NONPROFIT-PX,2013-10,NCCS Financial Info,Character,1,990 filing $0 inc/assets w/n 2 years? (Y/N),"Filed 990 return with zero income and assets within 24 months of BMF file? (Y/N) - Beginning 2008, over 95% of 'zero filers' (cZFiler=Y) filed Form 990-N (e-Postcard) for tax years ending on or after December 31, 2007."
cTaxPer,CTAXPER,BMF-2013-10-501CX-NONPROFIT-PX,2013-10,NCCS Financial Info,Character,6,Ending date for tax period,Ending date for tax period of NCCS financial data in yyyymm format.
cTotRev,CTOTREV,BMF-2013-10-501CX-NONPROFIT-PX,2013-10,NCCS Financial Info,Numeric,6,Total Revenue,"Total Revenue from most recent Form 990 (Part I, line 12 on Form 990; Part I, line 9 on Form 990-EZ; or Part I, line 12(a) on Form 990-PF)"
cAssets,CASSETS,BMF-2013-10-501CX-NONPROFIT-PX,2013-10,NCCS Financial Info,Numeric,6,"Total Assets, BV End of Year","Total Assets (Book Value at end of year) from most recent Form 990 (Part IV, line 59(B) on Form 990; Part II, line 25(B) on Form 990-EZ; or Part II, line 16(b) on Form 990-PF)"
cFinSrc,CFINSRC,BMF-2013-10-501CX-NONPROFIT-PX,2013-10,NCCS Financial Info,Character,10,Source of NCCS Financial Data,Source of financial data added by NCCS (primarily the most recent Form 990 filing as of BMF date from NCCS Core files)
RULEDATE,RULEDATE,BMF-2013-10-501CX-NONPROFIT-PX,2013-10,Other Descriptive Info,Character,6,Ruling date (YYYYMM) from IRS,Ruling date: year and month of IRS ruling or determination letter recognizing orgs exempt status (YYYYMM)
FNDNCD,FNDNCD,BMF-2013-10-501CX-NONPROFIT-PX,2013-10,Other Descriptive Info,Character,6,Reason for 501(c)(3) status,"Reason for & type of 501(c)(3) exempt status including codes for operating and grantmaking foundations, and broad type of public charity"
FRCD,FRCD,BMF-2013-10-501CX-NONPROFIT-PX,2013-10,Other Descriptive Info,Character,6,Filing Requirement Code,Filing requirements code. The 1st 2 characters indicate the requirements for 990/990-EZ forms. The 3rd character = 1 if a 990-PF is required or 0 if not.
SEC_NAME,SEC_NAME,BMF-2013-10-501CX-NONPROFIT-PX,2013-10,Other Descriptive Info,Character,35,Sort Name (Secondary name),Secondary organization name
GEN,GEN,BMF-2013-10-501CX-NONPROFIT-PX,2013-10,Other Descriptive Info,Character,4,Group Exemption Number,Group Exemption Number
LEVEL1,LEVEL1,BMF-2013-10-501CX-NONPROFIT-PX,2013-10,Other Classification,Character,4,Public charity or priv. fndn?,Public charity or private foundation?
LEVEL2,LEVEL2,BMF-2013-10-501CX-NONPROFIT-PX,2013-10,Other Classification,Character,4,Reporting public charity group,Reporting public charity groups.
level3,LEVEL3,BMF-2013-10-501CX-NONPROFIT-PX,2013-10,Other Classification,Character,4,Major NTEE category,Major NTEE category
level4,LEVEL4,BMF-2013-10-501CX-NONPROFIT-PX,2013-10,Other Classification,Character,4,NTEE-CC Major Group,NTEE-CC Major Group
NAICS,NAICS,BMF-2013-10-501CX-NONPROFIT-PX,2013-10,Other Classification,Character,6,NAICS,NAICS Code
ACCPER,ACCPER,BMF-2013-10-501CX-NONPROFIT-PX,2013-10,Miscellaneous,Character,2,Accounting period (MM),Accounting period
randnum,RANDNUM,BMF-2013-10-501CX-NONPROFIT-PX,2013-10,Miscellaneous,Numeric,2,Random number between 0 and 1,Random number between 0 and 1 used for creating samples
EIN,EIN,BMF-2013-12-501CX-NONPROFIT-PX,2013-12,Basic Info,Character,9,Employer Identification Number,Employer identification number.
NAME,NAME,BMF-2013-12-501CX-NONPROFIT-PX,2013-12,Basic Info,Character,60,Name of organization,Organization name.
STATE,STATE,BMF-2013-12-501CX-NONPROFIT-PX,2013-12,Basic Info,Character,2,State,Two-letter state abbreviation.
NTEE1,NTEE1,BMF-2013-12-501CX-NONPROFIT-PX,2013-12,Basic Info,Character,2,NTEE major group,NTEE major group (A-Z)
NTEECC,NTEECC,BMF-2013-12-501CX-NONPROFIT-PX,2013-12,Basic Info,Character,4,NTEECC primary purpose,NTEECC classification
CITY,CITY,BMF-2013-12-501CX-NONPROFIT-PX,2013-12,Basic Info,Character,22,City,City
zip5,ZIP5,BMF-2013-12-501CX-NONPROFIT-PX,2013-12,Basic Info,Character,5,"Zip code, 5 digits",First 5 digits of zip code
FIPS,FIPS,BMF-2013-12-501CX-NONPROFIT-PX,2013-12,Basic Info,Character,5,State + County FIPS code,2-digit State + 3-digit County FIPS code (Federal Information Processing Standard). See also U.S. Census Bureau State & County QuickFacts .
MSA_NECH,MSA_NECH,BMF-2013-12-501CX-NONPROFIT-PX,2013-12,Basic Info,Character,4,Metropolitan Statistical Area,Metropolitan Statistical Area (NCCS file) ( list )
PMSA,PMSA,BMF-2013-12-501CX-NONPROFIT-PX,2013-12,Basic Info,Character,4,Primary MSA,Primary Metropolitan Statistical Area
TAXPER,TAXPER,BMF-2013-12-501CX-NONPROFIT-PX,2013-12,Basic Info,Character,20,Ending date for tax period,"Ending date for tax period of financial data. Core files for 1997 on are in ""yyyymm"" format (199412=Dec. 1994). Earlier years use 2-digit year (""9412"")."
outnccs,OUTNCCS,BMF-2013-12-501CX-NONPROFIT-PX,2013-12,Basic Info,Character,20,Out of Scope flag,Out-of-scope (IN/OUT) (see OUTREAS doc. for details)
OUTREAS,OUTREAS,BMF-2013-12-501CX-NONPROFIT-PX,2013-12,Basic Info,Character,20,Reason why out of scope,Reason why out of scope
Filer,FILER,BMF-2013-12-501CX-NONPROFIT-PX,2013-12,Basic Info,Character,20,990 filing w/n 2 years? (Y/N),"Filed 990 return (Form 990, Form 990-EZ, Form 990-PF, or Form 990-N) within 24 months of BMF file? (Y/N)"
ZFILER,ZFILER,BMF-2013-12-501CX-NONPROFIT-PX,2013-12,Basic Info,Character,20,990 filing $0 inc/assets w/n 2 years? (Y/N),"Filed 990 return with zero income and assets within 24 months of BMF file? (Y/N) - Beginning 2008, over 95% of 'zero filers' (ZFiler=Y) filed Form 990-N (e-Postcard) for tax years ending on or after December 31, 2007."
SUBSECCD,SUBSECCD,BMF-2013-12-501CX-NONPROFIT-PX,2013-12,Classification,Character,20,Subsection code,"IRS subsection code (03=501(c)(3), etc.)"
ntmaj5,NTMAJ5,BMF-2013-12-501CX-NONPROFIT-PX,2013-12,Classification,Character,20,Major subsector,Major subsector (5)
ntmaj10,NTMAJ10,BMF-2013-12-501CX-NONPROFIT-PX,2013-12,Classification,Character,20,NTEE major group (10),10 NTEE major groups
ntmaj12,NTMAJ12,BMF-2013-12-501CX-NONPROFIT-PX,2013-12,Classification,Character,20,NTEE major group (12),12 NTEE major groups: ntmaj10 plus higher education (BH) and hospitals (EH)
NTEEconf,NTEECONF,BMF-2013-12-501CX-NONPROFIT-PX,2013-12,Classification,Character,1,NTEE confidence rating,NTEE classification confidence rating (A/B/C)
MAJGRPB,MAJGRPB,BMF-2013-12-501CX-NONPROFIT-PX,2013-12,Classification,Character,1,Major NTEE group,Major NTEE group plus hospitals and higher education
INCOME,INCOME,BMF-2013-12-501CX-NONPROFIT-PX,2013-12,Financial Info,Numeric,1,Gross receipts,Gross receipts from most recently filed Form 990
ASSETS,ASSETS,BMF-2013-12-501CX-NONPROFIT-PX,2013-12,Financial Info,Numeric,1,"Total assets, end of year",Total assets (end of year) from most recent Form 990
cFiler,CFILER,BMF-2013-12-501CX-NONPROFIT-PX,2013-12,NCCS Financial Info,Character,1,990 filing w/n 2 years? (Y/N),Filed 990 return within 24 months of BMF file date? (Y/N)
czFiler,CZFILER,BMF-2013-12-501CX-NONPROFIT-PX,2013-12,NCCS Financial Info,Character,1,990 filing $0 inc/assets w/n 2 years? (Y/N),"Filed 990 return with zero income and assets within 24 months of BMF file? (Y/N) - Beginning 2008, over 95% of 'zero filers' (cZFiler=Y) filed Form 990-N (e-Postcard) for tax years ending on or after December 31, 2007."
cTaxPer,CTAXPER,BMF-2013-12-501CX-NONPROFIT-PX,2013-12,NCCS Financial Info,Character,6,Ending date for tax period,Ending date for tax period of NCCS financial data in yyyymm format.
cTotRev,CTOTREV,BMF-2013-12-501CX-NONPROFIT-PX,2013-12,NCCS Financial Info,Numeric,6,Total Revenue,"Total Revenue from most recent Form 990 (Part I, line 12 on Form 990; Part I, line 9 on Form 990-EZ; or Part I, line 12(a) on Form 990-PF)"
cAssets,CASSETS,BMF-2013-12-501CX-NONPROFIT-PX,2013-12,NCCS Financial Info,Numeric,6,"Total Assets, BV End of Year","Total Assets (Book Value at end of year) from most recent Form 990 (Part IV, line 59(B) on Form 990; Part II, line 25(B) on Form 990-EZ; or Part II, line 16(b) on Form 990-PF)"
cFinSrc,CFINSRC,BMF-2013-12-501CX-NONPROFIT-PX,2013-12,NCCS Financial Info,Character,10,Source of NCCS Financial Data,Source of financial data added by NCCS (primarily the most recent Form 990 filing as of BMF date from NCCS Core files)
RULEDATE,RULEDATE,BMF-2013-12-501CX-NONPROFIT-PX,2013-12,Other Descriptive Info,Character,6,Ruling date (YYYYMM) from IRS,Ruling date: year and month of IRS ruling or determination letter recognizing orgs exempt status (YYYYMM)
FNDNCD,FNDNCD,BMF-2013-12-501CX-NONPROFIT-PX,2013-12,Other Descriptive Info,Character,6,Reason for 501(c)(3) status,"Reason for & type of 501(c)(3) exempt status including codes for operating and grantmaking foundations, and broad type of public charity"
FRCD,FRCD,BMF-2013-12-501CX-NONPROFIT-PX,2013-12,Other Descriptive Info,Character,6,Filing Requirement Code,Filing requirements code. The 1st 2 characters indicate the requirements for 990/990-EZ forms. The 3rd character = 1 if a 990-PF is required or 0 if not.
SEC_NAME,SEC_NAME,BMF-2013-12-501CX-NONPROFIT-PX,2013-12,Other Descriptive Info,Character,35,Sort Name (Secondary name),Secondary organization name
GEN,GEN,BMF-2013-12-501CX-NONPROFIT-PX,2013-12,Other Descriptive Info,Character,4,Group Exemption Number,Group Exemption Number
LEVEL1,LEVEL1,BMF-2013-12-501CX-NONPROFIT-PX,2013-12,Other Classification,Character,4,Public charity or priv. fndn?,Public charity or private foundation?
LEVEL2,LEVEL2,BMF-2013-12-501CX-NONPROFIT-PX,2013-12,Other Classification,Character,4,Reporting public charity group,Reporting public charity groups.
level3,LEVEL3,BMF-2013-12-501CX-NONPROFIT-PX,2013-12,Other Classification,Character,4,Major NTEE category,Major NTEE category
level4,LEVEL4,BMF-2013-12-501CX-NONPROFIT-PX,2013-12,Other Classification,Character,4,NTEE-CC Major Group,NTEE-CC Major Group
NAICS,NAICS,BMF-2013-12-501CX-NONPROFIT-PX,2013-12,Other Classification,Character,6,NAICS,NAICS Code
randnum,RANDNUM,BMF-2013-12-501CX-NONPROFIT-PX,2013-12,Miscellaneous,Numeric,6,Random number between 0 and 1,Random number between 0 and 1 used for creating samples
ACCPER,ACCPER,BMF-2013-12-501CX-NONPROFIT-PX,2013-12,Miscellaneous,Character,2,Accounting period (MM),Accounting period
EIN,EIN,BMF-2014-02-501CX-NONPROFIT-PX,2014-02,Basic Info,Character,9,Employer Identification Number,Employer identification number.
NAME,NAME,BMF-2014-02-501CX-NONPROFIT-PX,2014-02,Basic Info,Character,60,Name of organization,Organization name.
STATE,STATE,BMF-2014-02-501CX-NONPROFIT-PX,2014-02,Basic Info,Character,2,State,Two-letter state abbreviation.
NTEE1,NTEE1,BMF-2014-02-501CX-NONPROFIT-PX,2014-02,Basic Info,Character,2,NTEE major group,NTEE major group (A-Z)
NTEECC,NTEECC,BMF-2014-02-501CX-NONPROFIT-PX,2014-02,Basic Info,Character,4,NTEECC primary purpose,NTEECC classification
CITY,CITY,BMF-2014-02-501CX-NONPROFIT-PX,2014-02,Basic Info,Character,22,City,City
zip5,ZIP5,BMF-2014-02-501CX-NONPROFIT-PX,2014-02,Basic Info,Character,5,"Zip code, 5 digits",First 5 digits of zip code
FIPS,FIPS,BMF-2014-02-501CX-NONPROFIT-PX,2014-02,Basic Info,Character,5,State + County FIPS code,2-digit State + 3-digit County FIPS code (Federal Information Processing Standard). See also U.S. Census Bureau State & County QuickFacts .
MSA_NECH,MSA_NECH,BMF-2014-02-501CX-NONPROFIT-PX,2014-02,Basic Info,Character,4,Metropolitan Statistical Area,Metropolitan Statistical Area (NCCS file) ( list )
PMSA,PMSA,BMF-2014-02-501CX-NONPROFIT-PX,2014-02,Basic Info,Character,4,Primary MSA,Primary Metropolitan Statistical Area
TAXPER,TAXPER,BMF-2014-02-501CX-NONPROFIT-PX,2014-02,Basic Info,Character,20,Ending date for tax period,"Ending date for tax period of financial data. Core files for 1997 on are in ""yyyymm"" format (199412=Dec. 1994). Earlier years use 2-digit year (""9412"")."
outnccs,OUTNCCS,BMF-2014-02-501CX-NONPROFIT-PX,2014-02,Basic Info,Character,20,Out of Scope flag,Out-of-scope (IN/OUT) (see OUTREAS doc. for details)
OUTREAS,OUTREAS,BMF-2014-02-501CX-NONPROFIT-PX,2014-02,Basic Info,Character,20,Reason why out of scope,Reason why out of scope
Filer,FILER,BMF-2014-02-501CX-NONPROFIT-PX,2014-02,Basic Info,Character,20,990 filing w/n 2 years? (Y/N),"Filed 990 return (Form 990, Form 990-EZ, Form 990-PF, or Form 990-N) within 24 months of BMF file? (Y/N)"
ZFILER,ZFILER,BMF-2014-02-501CX-NONPROFIT-PX,2014-02,Basic Info,Character,20,990 filing $0 inc/assets w/n 2 years? (Y/N),"Filed 990 return with zero income and assets within 24 months of BMF file? (Y/N) - Beginning 2008, over 95% of 'zero filers' (ZFiler=Y) filed Form 990-N (e-Postcard) for tax years ending on or after December 31, 2007."
SUBSECCD,SUBSECCD,BMF-2014-02-501CX-NONPROFIT-PX,2014-02,Classification,Character,20,Subsection code,"IRS subsection code (03=501(c)(3), etc.)"
ntmaj5,NTMAJ5,BMF-2014-02-501CX-NONPROFIT-PX,2014-02,Classification,Character,20,Major subsector,Major subsector (5)
ntmaj10,NTMAJ10,BMF-2014-02-501CX-NONPROFIT-PX,2014-02,Classification,Character,20,NTEE major group (10),10 NTEE major groups
ntmaj12,NTMAJ12,BMF-2014-02-501CX-NONPROFIT-PX,2014-02,Classification,Character,20,NTEE major group (12),12 NTEE major groups: ntmaj10 plus higher education (BH) and hospitals (EH)
NTEEconf,NTEECONF,BMF-2014-02-501CX-NONPROFIT-PX,2014-02,Classification,Character,1,NTEE confidence rating,NTEE classification confidence rating (A/B/C)
MAJGRPB,MAJGRPB,BMF-2014-02-501CX-NONPROFIT-PX,2014-02,Classification,Character,1,Major NTEE group,Major NTEE group plus hospitals and higher education
INCOME,INCOME,BMF-2014-02-501CX-NONPROFIT-PX,2014-02,Financial Info,Numeric,1,Gross receipts,Gross receipts from most recently filed Form 990
ASSETS,ASSETS,BMF-2014-02-501CX-NONPROFIT-PX,2014-02,Financial Info,Numeric,1,"Total assets, end of year",Total assets (end of year) from most recent Form 990
cFiler,CFILER,BMF-2014-02-501CX-NONPROFIT-PX,2014-02,NCCS Financial Info,Character,1,990 filing w/n 2 years? (Y/N),Filed 990 return within 24 months of BMF file date? (Y/N)
czFiler,CZFILER,BMF-2014-02-501CX-NONPROFIT-PX,2014-02,NCCS Financial Info,Character,1,990 filing $0 inc/assets w/n 2 years? (Y/N),"Filed 990 return with zero income and assets within 24 months of BMF file? (Y/N) - Beginning 2008, over 95% of 'zero filers' (cZFiler=Y) filed Form 990-N (e-Postcard) for tax years ending on or after December 31, 2007."
cTaxPer,CTAXPER,BMF-2014-02-501CX-NONPROFIT-PX,2014-02,NCCS Financial Info,Character,6,Ending date for tax period,Ending date for tax period of NCCS financial data in yyyymm format.
cTotRev,CTOTREV,BMF-2014-02-501CX-NONPROFIT-PX,2014-02,NCCS Financial Info,Numeric,6,Total Revenue,"Total Revenue from most recent Form 990 (Part I, line 12 on Form 990; Part I, line 9 on Form 990-EZ; or Part I, line 12(a) on Form 990-PF)"
cAssets,CASSETS,BMF-2014-02-501CX-NONPROFIT-PX,2014-02,NCCS Financial Info,Numeric,6,"Total Assets, BV End of Year","Total Assets (Book Value at end of year) from most recent Form 990 (Part IV, line 59(B) on Form 990; Part II, line 25(B) on Form 990-EZ; or Part II, line 16(b) on Form 990-PF)"
cFinSrc,CFINSRC,BMF-2014-02-501CX-NONPROFIT-PX,2014-02,NCCS Financial Info,Character,10,Source of NCCS Financial Data,Source of financial data added by NCCS (primarily the most recent Form 990 filing as of BMF date from NCCS Core files)
RULEDATE,RULEDATE,BMF-2014-02-501CX-NONPROFIT-PX,2014-02,Other Descriptive Info,Character,6,Ruling date (YYYYMM) from IRS,Ruling date: year and month of IRS ruling or determination letter recognizing orgs exempt status (YYYYMM)
FNDNCD,FNDNCD,BMF-2014-02-501CX-NONPROFIT-PX,2014-02,Other Descriptive Info,Character,6,Reason for 501(c)(3) status,"Reason for & type of 501(c)(3) exempt status including codes for operating and grantmaking foundations, and broad type of public charity"
FRCD,FRCD,BMF-2014-02-501CX-NONPROFIT-PX,2014-02,Other Descriptive Info,Character,6,Filing Requirement Code,Filing requirements code. The 1st 2 characters indicate the requirements for 990/990-EZ forms. The 3rd character = 1 if a 990-PF is required or 0 if not.
SEC_NAME,SEC_NAME,BMF-2014-02-501CX-NONPROFIT-PX,2014-02,Other Descriptive Info,Character,35,Sort Name (Secondary name),Secondary organization name
GEN,GEN,BMF-2014-02-501CX-NONPROFIT-PX,2014-02,Other Descriptive Info,Character,4,Group Exemption Number,Group Exemption Number
LEVEL1,LEVEL1,BMF-2014-02-501CX-NONPROFIT-PX,2014-02,Other Classification,Character,4,Public charity or priv. fndn?,Public charity or private foundation?
LEVEL2,LEVEL2,BMF-2014-02-501CX-NONPROFIT-PX,2014-02,Other Classification,Character,4,Reporting public charity group,Reporting public charity groups.
level3,LEVEL3,BMF-2014-02-501CX-NONPROFIT-PX,2014-02,Other Classification,Character,4,Major NTEE category,Major NTEE category
level4,LEVEL4,BMF-2014-02-501CX-NONPROFIT-PX,2014-02,Other Classification,Character,4,NTEE-CC Major Group,NTEE-CC Major Group
NAICS,NAICS,BMF-2014-02-501CX-NONPROFIT-PX,2014-02,Other Classification,Character,6,NAICS,NAICS Code
ACCPER,ACCPER,BMF-2014-02-501CX-NONPROFIT-PX,2014-02,Miscellaneous,Character,2,Accounting period (MM),Accounting period
randnum,RANDNUM,BMF-2014-02-501CX-NONPROFIT-PX,2014-02,Miscellaneous,Numeric,2,Random number between 0 and 1,Random number between 0 and 1 used for creating samples
EIN,EIN,BMF-2014-04-501CX-NONPROFIT-PX,2014-04,Basic Info,Character,9,Employer Identification Number,Employer identification number.
NAME,NAME,BMF-2014-04-501CX-NONPROFIT-PX,2014-04,Basic Info,Character,60,Name of organization,Organization name.
STATE,STATE,BMF-2014-04-501CX-NONPROFIT-PX,2014-04,Basic Info,Character,2,State,Two-letter state abbreviation.
NTEE1,NTEE1,BMF-2014-04-501CX-NONPROFIT-PX,2014-04,Basic Info,Character,2,NTEE major group,NTEE major group (A-Z)
NTEECC,NTEECC,BMF-2014-04-501CX-NONPROFIT-PX,2014-04,Basic Info,Character,4,NTEECC primary purpose,NTEECC classification
CITY,CITY,BMF-2014-04-501CX-NONPROFIT-PX,2014-04,Basic Info,Character,22,City,City
zip5,ZIP5,BMF-2014-04-501CX-NONPROFIT-PX,2014-04,Basic Info,Character,5,"Zip code, 5 digits",First 5 digits of zip code
FIPS,FIPS,BMF-2014-04-501CX-NONPROFIT-PX,2014-04,Basic Info,Character,5,State + County FIPS code,2-digit State + 3-digit County FIPS code (Federal Information Processing Standard). See also U.S. Census Bureau State & County QuickFacts .
MSA_NECH,MSA_NECH,BMF-2014-04-501CX-NONPROFIT-PX,2014-04,Basic Info,Character,4,Metropolitan Statistical Area,Metropolitan Statistical Area (NCCS file) ( list )
PMSA,PMSA,BMF-2014-04-501CX-NONPROFIT-PX,2014-04,Basic Info,Character,4,Primary MSA,Primary Metropolitan Statistical Area
TAXPER,TAXPER,BMF-2014-04-501CX-NONPROFIT-PX,2014-04,Basic Info,Character,20,Ending date for tax period,"Ending date for tax period of financial data. Core files for 1997 on are in ""yyyymm"" format (199412=Dec. 1994). Earlier years use 2-digit year (""9412"")."
outnccs,OUTNCCS,BMF-2014-04-501CX-NONPROFIT-PX,2014-04,Basic Info,Character,20,Out of Scope flag,Out-of-scope (IN/OUT) (see OUTREAS doc. for details)
OUTREAS,OUTREAS,BMF-2014-04-501CX-NONPROFIT-PX,2014-04,Basic Info,Character,20,Reason why out of scope,Reason why out of scope
Filer,FILER,BMF-2014-04-501CX-NONPROFIT-PX,2014-04,Basic Info,Character,20,990 filing w/n 2 years? (Y/N),"Filed 990 return (Form 990, Form 990-EZ, Form 990-PF, or Form 990-N) within 24 months of BMF file? (Y/N)"
ZFILER,ZFILER,BMF-2014-04-501CX-NONPROFIT-PX,2014-04,Basic Info,Character,20,990 filing $0 inc/assets w/n 2 years? (Y/N),"Filed 990 return with zero income and assets within 24 months of BMF file? (Y/N) - Beginning 2008, over 95% of 'zero filers' (ZFiler=Y) filed Form 990-N (e-Postcard) for tax years ending on or after December 31, 2007."
SUBSECCD,SUBSECCD,BMF-2014-04-501CX-NONPROFIT-PX,2014-04,Classification,Character,20,Subsection code,"IRS subsection code (03=501(c)(3), etc.)"
ntmaj5,NTMAJ5,BMF-2014-04-501CX-NONPROFIT-PX,2014-04,Classification,Character,20,Major subsector,Major subsector (5)
ntmaj10,NTMAJ10,BMF-2014-04-501CX-NONPROFIT-PX,2014-04,Classification,Character,20,NTEE major group (10),10 NTEE major groups
ntmaj12,NTMAJ12,BMF-2014-04-501CX-NONPROFIT-PX,2014-04,Classification,Character,20,NTEE major group (12),12 NTEE major groups: ntmaj10 plus higher education (BH) and hospitals (EH)
NTEEconf,NTEECONF,BMF-2014-04-501CX-NONPROFIT-PX,2014-04,Classification,Character,1,NTEE confidence rating,NTEE classification confidence rating (A/B/C)
MAJGRPB,MAJGRPB,BMF-2014-04-501CX-NONPROFIT-PX,2014-04,Classification,Character,1,Major NTEE group,Major NTEE group plus hospitals and higher education
INCOME,INCOME,BMF-2014-04-501CX-NONPROFIT-PX,2014-04,Financial Info,Numeric,1,Gross receipts,Gross receipts from most recently filed Form 990
ASSETS,ASSETS,BMF-2014-04-501CX-NONPROFIT-PX,2014-04,Financial Info,Numeric,1,"Total assets, end of year",Total assets (end of year) from most recent Form 990
cFiler,CFILER,BMF-2014-04-501CX-NONPROFIT-PX,2014-04,NCCS Financial Info,Character,1,990 filing w/n 2 years? (Y/N),Filed 990 return within 24 months of BMF file date? (Y/N)
czFiler,CZFILER,BMF-2014-04-501CX-NONPROFIT-PX,2014-04,NCCS Financial Info,Character,1,990 filing $0 inc/assets w/n 2 years? (Y/N),"Filed 990 return with zero income and assets within 24 months of BMF file? (Y/N) - Beginning 2008, over 95% of 'zero filers' (cZFiler=Y) filed Form 990-N (e-Postcard) for tax years ending on or after December 31, 2007."
cTaxPer,CTAXPER,BMF-2014-04-501CX-NONPROFIT-PX,2014-04,NCCS Financial Info,Character,6,Ending date for tax period,Ending date for tax period of NCCS financial data in yyyymm format.
cTotRev,CTOTREV,BMF-2014-04-501CX-NONPROFIT-PX,2014-04,NCCS Financial Info,Numeric,6,Total Revenue,"Total Revenue from most recent Form 990 (Part I, line 12 on Form 990; Part I, line 9 on Form 990-EZ; or Part I, line 12(a) on Form 990-PF)"
cAssets,CASSETS,BMF-2014-04-501CX-NONPROFIT-PX,2014-04,NCCS Financial Info,Numeric,6,"Total Assets, BV End of Year","Total Assets (Book Value at end of year) from most recent Form 990 (Part IV, line 59(B) on Form 990; Part II, line 25(B) on Form 990-EZ; or Part II, line 16(b) on Form 990-PF)"
cFinSrc,CFINSRC,BMF-2014-04-501CX-NONPROFIT-PX,2014-04,NCCS Financial Info,Character,10,Source of NCCS Financial Data,Source of financial data added by NCCS (primarily the most recent Form 990 filing as of BMF date from NCCS Core files)
RULEDATE,RULEDATE,BMF-2014-04-501CX-NONPROFIT-PX,2014-04,Other Descriptive Info,Character,6,Ruling date (YYYYMM) from IRS,Ruling date: year and month of IRS ruling or determination letter recognizing orgs exempt status (YYYYMM)
FNDNCD,FNDNCD,BMF-2014-04-501CX-NONPROFIT-PX,2014-04,Other Descriptive Info,Character,6,Reason for 501(c)(3) status,"Reason for & type of 501(c)(3) exempt status including codes for operating and grantmaking foundations, and broad type of public charity"
FRCD,FRCD,BMF-2014-04-501CX-NONPROFIT-PX,2014-04,Other Descriptive Info,Character,6,Filing Requirement Code,Filing requirements code. The 1st 2 characters indicate the requirements for 990/990-EZ forms. The 3rd character = 1 if a 990-PF is required or 0 if not.
SEC_NAME,SEC_NAME,BMF-2014-04-501CX-NONPROFIT-PX,2014-04,Other Descriptive Info,Character,35,Sort Name (Secondary name),Secondary organization name
GEN,GEN,BMF-2014-04-501CX-NONPROFIT-PX,2014-04,Other Descriptive Info,Character,4,Group Exemption Number,Group Exemption Number
LEVEL1,LEVEL1,BMF-2014-04-501CX-NONPROFIT-PX,2014-04,Other Classification,Character,4,Public charity or priv. fndn?,Public charity or private foundation?
LEVEL2,LEVEL2,BMF-2014-04-501CX-NONPROFIT-PX,2014-04,Other Classification,Character,4,Reporting public charity group,Reporting public charity groups.
level3,LEVEL3,BMF-2014-04-501CX-NONPROFIT-PX,2014-04,Other Classification,Character,4,Major NTEE category,Major NTEE category
level4,LEVEL4,BMF-2014-04-501CX-NONPROFIT-PX,2014-04,Other Classification,Character,4,NTEE-CC Major Group,NTEE-CC Major Group
NAICS,NAICS,BMF-2014-04-501CX-NONPROFIT-PX,2014-04,Other Classification,Character,6,NAICS,NAICS Code
randnum,RANDNUM,BMF-2014-04-501CX-NONPROFIT-PX,2014-04,Miscellaneous,Numeric,6,Random number between 0 and 1,Random number between 0 and 1 used for creating samples
ACCPER,ACCPER,BMF-2014-04-501CX-NONPROFIT-PX,2014-04,Miscellaneous,Character,2,Accounting period (MM),Accounting period
EIN,EIN,BMF-2014-06-501CX-NONPROFIT-PX,2014-06,Basic Info,Character,9,Employer Identification Number,Employer identification number.
NAME,NAME,BMF-2014-06-501CX-NONPROFIT-PX,2014-06,Basic Info,Character,60,Name of organization,Organization name.
STATE,STATE,BMF-2014-06-501CX-NONPROFIT-PX,2014-06,Basic Info,Character,2,State,Two-letter state abbreviation.
NTEE1,NTEE1,BMF-2014-06-501CX-NONPROFIT-PX,2014-06,Basic Info,Character,2,NTEE major group,NTEE major group (A-Z)
NTEECC,NTEECC,BMF-2014-06-501CX-NONPROFIT-PX,2014-06,Basic Info,Character,4,NTEECC primary purpose,NTEECC classification
CITY,CITY,BMF-2014-06-501CX-NONPROFIT-PX,2014-06,Basic Info,Character,22,City,City
zip5,ZIP5,BMF-2014-06-501CX-NONPROFIT-PX,2014-06,Basic Info,Character,5,"Zip code, 5 digits",First 5 digits of zip code
FIPS,FIPS,BMF-2014-06-501CX-NONPROFIT-PX,2014-06,Basic Info,Character,5,State + County FIPS code,2-digit State + 3-digit County FIPS code (Federal Information Processing Standard). See also U.S. Census Bureau State & County QuickFacts .
MSA_NECH,MSA_NECH,BMF-2014-06-501CX-NONPROFIT-PX,2014-06,Basic Info,Character,4,Metropolitan Statistical Area,Metropolitan Statistical Area (NCCS file) ( list )
PMSA,PMSA,BMF-2014-06-501CX-NONPROFIT-PX,2014-06,Basic Info,Character,4,Primary MSA,Primary Metropolitan Statistical Area
TAXPER,TAXPER,BMF-2014-06-501CX-NONPROFIT-PX,2014-06,Basic Info,Character,20,Ending date for tax period,"Ending date for tax period of financial data. Core files for 1997 on are in ""yyyymm"" format (199412=Dec. 1994). Earlier years use 2-digit year (""9412"")."
outnccs,OUTNCCS,BMF-2014-06-501CX-NONPROFIT-PX,2014-06,Basic Info,Character,20,Out of Scope flag,Out-of-scope (IN/OUT) (see OUTREAS doc. for details)
OUTREAS,OUTREAS,BMF-2014-06-501CX-NONPROFIT-PX,2014-06,Basic Info,Character,20,Reason why out of scope,Reason why out of scope
Filer,FILER,BMF-2014-06-501CX-NONPROFIT-PX,2014-06,Basic Info,Character,20,990 filing w/n 2 years? (Y/N),"Filed 990 return (Form 990, Form 990-EZ, Form 990-PF, or Form 990-N) within 24 months of BMF file? (Y/N)"
ZFILER,ZFILER,BMF-2014-06-501CX-NONPROFIT-PX,2014-06,Basic Info,Character,20,990 filing $0 inc/assets w/n 2 years? (Y/N),"Filed 990 return with zero income and assets within 24 months of BMF file? (Y/N) - Beginning 2008, over 95% of 'zero filers' (ZFiler=Y) filed Form 990-N (e-Postcard) for tax years ending on or after December 31, 2007."
SUBSECCD,SUBSECCD,BMF-2014-06-501CX-NONPROFIT-PX,2014-06,Classification,Character,20,Subsection code,"IRS subsection code (03=501(c)(3), etc.)"
ntmaj5,NTMAJ5,BMF-2014-06-501CX-NONPROFIT-PX,2014-06,Classification,Character,20,Major subsector,Major subsector (5)
ntmaj10,NTMAJ10,BMF-2014-06-501CX-NONPROFIT-PX,2014-06,Classification,Character,20,NTEE major group (10),10 NTEE major groups
ntmaj12,NTMAJ12,BMF-2014-06-501CX-NONPROFIT-PX,2014-06,Classification,Character,20,NTEE major group (12),12 NTEE major groups: ntmaj10 plus higher education (BH) and hospitals (EH)
NTEEconf,NTEECONF,BMF-2014-06-501CX-NONPROFIT-PX,2014-06,Classification,Character,1,NTEE confidence rating,NTEE classification confidence rating (A/B/C)
MAJGRPB,MAJGRPB,BMF-2014-06-501CX-NONPROFIT-PX,2014-06,Classification,Character,1,Major NTEE group,Major NTEE group plus hospitals and higher education
INCOME,INCOME,BMF-2014-06-501CX-NONPROFIT-PX,2014-06,Financial Info,Numeric,1,Gross receipts,Gross receipts from most recently filed Form 990
ASSETS,ASSETS,BMF-2014-06-501CX-NONPROFIT-PX,2014-06,Financial Info,Numeric,1,"Total assets, end of year",Total assets (end of year) from most recent Form 990
cFiler,CFILER,BMF-2014-06-501CX-NONPROFIT-PX,2014-06,NCCS Financial Info,Character,1,990 filing w/n 2 years? (Y/N),Filed 990 return within 24 months of BMF file date? (Y/N)
czFiler,CZFILER,BMF-2014-06-501CX-NONPROFIT-PX,2014-06,NCCS Financial Info,Character,1,990 filing $0 inc/assets w/n 2 years? (Y/N),"Filed 990 return with zero income and assets within 24 months of BMF file? (Y/N) - Beginning 2008, over 95% of 'zero filers' (cZFiler=Y) filed Form 990-N (e-Postcard) for tax years ending on or after December 31, 2007."
cTaxPer,CTAXPER,BMF-2014-06-501CX-NONPROFIT-PX,2014-06,NCCS Financial Info,Character,6,Ending date for tax period,Ending date for tax period of NCCS financial data in yyyymm format.
cTotRev,CTOTREV,BMF-2014-06-501CX-NONPROFIT-PX,2014-06,NCCS Financial Info,Numeric,6,Total Revenue,"Total Revenue from most recent Form 990 (Part I, line 12 on Form 990; Part I, line 9 on Form 990-EZ; or Part I, line 12(a) on Form 990-PF)"
cAssets,CASSETS,BMF-2014-06-501CX-NONPROFIT-PX,2014-06,NCCS Financial Info,Numeric,6,"Total Assets, BV End of Year","Total Assets (Book Value at end of year) from most recent Form 990 (Part IV, line 59(B) on Form 990; Part II, line 25(B) on Form 990-EZ; or Part II, line 16(b) on Form 990-PF)"
cFinSrc,CFINSRC,BMF-2014-06-501CX-NONPROFIT-PX,2014-06,NCCS Financial Info,Character,10,Source of NCCS Financial Data,Source of financial data added by NCCS (primarily the most recent Form 990 filing as of BMF date from NCCS Core files)
RULEDATE,RULEDATE,BMF-2014-06-501CX-NONPROFIT-PX,2014-06,Other Descriptive Info,Character,6,Ruling date (YYYYMM) from IRS,Ruling date: year and month of IRS ruling or determination letter recognizing orgs exempt status (YYYYMM)
FNDNCD,FNDNCD,BMF-2014-06-501CX-NONPROFIT-PX,2014-06,Other Descriptive Info,Character,6,Reason for 501(c)(3) status,"Reason for & type of 501(c)(3) exempt status including codes for operating and grantmaking foundations, and broad type of public charity"
FRCD,FRCD,BMF-2014-06-501CX-NONPROFIT-PX,2014-06,Other Descriptive Info,Character,6,Filing Requirement Code,Filing requirements code. The 1st 2 characters indicate the requirements for 990/990-EZ forms. The 3rd character = 1 if a 990-PF is required or 0 if not.
SEC_NAME,SEC_NAME,BMF-2014-06-501CX-NONPROFIT-PX,2014-06,Other Descriptive Info,Character,35,Sort Name (Secondary name),Secondary organization name
GEN,GEN,BMF-2014-06-501CX-NONPROFIT-PX,2014-06,Other Descriptive Info,Character,4,Group Exemption Number,Group Exemption Number
LEVEL1,LEVEL1,BMF-2014-06-501CX-NONPROFIT-PX,2014-06,Other Classification,Character,4,Public charity or priv. fndn?,Public charity or private foundation?
LEVEL2,LEVEL2,BMF-2014-06-501CX-NONPROFIT-PX,2014-06,Other Classification,Character,4,Reporting public charity group,Reporting public charity groups.
level3,LEVEL3,BMF-2014-06-501CX-NONPROFIT-PX,2014-06,Other Classification,Character,4,Major NTEE category,Major NTEE category
level4,LEVEL4,BMF-2014-06-501CX-NONPROFIT-PX,2014-06,Other Classification,Character,4,NTEE-CC Major Group,NTEE-CC Major Group
NAICS,NAICS,BMF-2014-06-501CX-NONPROFIT-PX,2014-06,Other Classification,Character,6,NAICS,NAICS Code
ACCPER,ACCPER,BMF-2014-06-501CX-NONPROFIT-PX,2014-06,Miscellaneous,Character,2,Accounting period (MM),Accounting period
randnum,RANDNUM,BMF-2014-06-501CX-NONPROFIT-PX,2014-06,Miscellaneous,Numeric,2,Random number between 0 and 1,Random number between 0 and 1 used for creating samples
EIN,EIN,BMF-2014-09-501CX-NONPROFIT-PX,2014-09,Basic Info,Character,9,Employer Identification Number,Employer identification number.
NAME,NAME,BMF-2014-09-501CX-NONPROFIT-PX,2014-09,Basic Info,Character,60,Name of organization,Organization name.
STATE,STATE,BMF-2014-09-501CX-NONPROFIT-PX,2014-09,Basic Info,Character,2,State,Two-letter state abbreviation.
NTEE1,NTEE1,BMF-2014-09-501CX-NONPROFIT-PX,2014-09,Basic Info,Character,2,NTEE major group,NTEE major group (A-Z)
NTEECC,NTEECC,BMF-2014-09-501CX-NONPROFIT-PX,2014-09,Basic Info,Character,4,NTEECC primary purpose,NTEECC classification
CITY,CITY,BMF-2014-09-501CX-NONPROFIT-PX,2014-09,Basic Info,Character,22,City,City
zip5,ZIP5,BMF-2014-09-501CX-NONPROFIT-PX,2014-09,Basic Info,Character,5,"Zip code, 5 digits",First 5 digits of zip code
FIPS,FIPS,BMF-2014-09-501CX-NONPROFIT-PX,2014-09,Basic Info,Character,5,State + County FIPS code,2-digit State + 3-digit County FIPS code (Federal Information Processing Standard). See also U.S. Census Bureau State & County QuickFacts .
MSA_NECH,MSA_NECH,BMF-2014-09-501CX-NONPROFIT-PX,2014-09,Basic Info,Character,4,Metropolitan Statistical Area,Metropolitan Statistical Area (NCCS file) ( list )
PMSA,PMSA,BMF-2014-09-501CX-NONPROFIT-PX,2014-09,Basic Info,Character,4,Primary MSA,Primary Metropolitan Statistical Area
TAXPER,TAXPER,BMF-2014-09-501CX-NONPROFIT-PX,2014-09,Basic Info,Character,20,Ending date for tax period,"Ending date for tax period of financial data. Core files for 1997 on are in ""yyyymm"" format (199412=Dec. 1994). Earlier years use 2-digit year (""9412"")."
outnccs,OUTNCCS,BMF-2014-09-501CX-NONPROFIT-PX,2014-09,Basic Info,Character,20,Out of Scope flag,Out-of-scope (IN/OUT) (see OUTREAS doc. for details)
OUTREAS,OUTREAS,BMF-2014-09-501CX-NONPROFIT-PX,2014-09,Basic Info,Character,20,Reason why out of scope,Reason why out of scope
Filer,FILER,BMF-2014-09-501CX-NONPROFIT-PX,2014-09,Basic Info,Character,20,990 filing w/n 2 years? (Y/N),"Filed 990 return (Form 990, Form 990-EZ, Form 990-PF, or Form 990-N) within 24 months of BMF file? (Y/N)"
ZFILER,ZFILER,BMF-2014-09-501CX-NONPROFIT-PX,2014-09,Basic Info,Character,20,990 filing $0 inc/assets w/n 2 years? (Y/N),"Filed 990 return with zero income and assets within 24 months of BMF file? (Y/N) - Beginning 2008, over 95% of 'zero filers' (ZFiler=Y) filed Form 990-N (e-Postcard) for tax years ending on or after December 31, 2007."
SUBSECCD,SUBSECCD,BMF-2014-09-501CX-NONPROFIT-PX,2014-09,Classification,Character,20,Subsection code,"IRS subsection code (03=501(c)(3), etc.)"
ntmaj5,NTMAJ5,BMF-2014-09-501CX-NONPROFIT-PX,2014-09,Classification,Character,20,Major subsector,Major subsector (5)
ntmaj10,NTMAJ10,BMF-2014-09-501CX-NONPROFIT-PX,2014-09,Classification,Character,20,NTEE major group (10),10 NTEE major groups
ntmaj12,NTMAJ12,BMF-2014-09-501CX-NONPROFIT-PX,2014-09,Classification,Character,20,NTEE major group (12),12 NTEE major groups: ntmaj10 plus higher education (BH) and hospitals (EH)
NTEEconf,NTEECONF,BMF-2014-09-501CX-NONPROFIT-PX,2014-09,Classification,Character,1,NTEE confidence rating,NTEE classification confidence rating (A/B/C)
MAJGRPB,MAJGRPB,BMF-2014-09-501CX-NONPROFIT-PX,2014-09,Classification,Character,1,Major NTEE group,Major NTEE group plus hospitals and higher education
INCOME,INCOME,BMF-2014-09-501CX-NONPROFIT-PX,2014-09,Financial Info,Numeric,1,Gross receipts,Gross receipts from most recently filed Form 990
ASSETS,ASSETS,BMF-2014-09-501CX-NONPROFIT-PX,2014-09,Financial Info,Numeric,1,"Total assets, end of year",Total assets (end of year) from most recent Form 990
cFiler,CFILER,BMF-2014-09-501CX-NONPROFIT-PX,2014-09,NCCS Financial Info,Character,1,990 filing w/n 2 years? (Y/N),Filed 990 return within 24 months of BMF file date? (Y/N)
czFiler,CZFILER,BMF-2014-09-501CX-NONPROFIT-PX,2014-09,NCCS Financial Info,Character,1,990 filing $0 inc/assets w/n 2 years? (Y/N),"Filed 990 return with zero income and assets within 24 months of BMF file? (Y/N) - Beginning 2008, over 95% of 'zero filers' (cZFiler=Y) filed Form 990-N (e-Postcard) for tax years ending on or after December 31, 2007."
cTaxPer,CTAXPER,BMF-2014-09-501CX-NONPROFIT-PX,2014-09,NCCS Financial Info,Character,6,Ending date for tax period,Ending date for tax period of NCCS financial data in yyyymm format.
cTotRev,CTOTREV,BMF-2014-09-501CX-NONPROFIT-PX,2014-09,NCCS Financial Info,Numeric,6,Total Revenue,"Total Revenue from most recent Form 990 (Part I, line 12 on Form 990; Part I, line 9 on Form 990-EZ; or Part I, line 12(a) on Form 990-PF)"
cAssets,CASSETS,BMF-2014-09-501CX-NONPROFIT-PX,2014-09,NCCS Financial Info,Numeric,6,"Total Assets, BV End of Year","Total Assets (Book Value at end of year) from most recent Form 990 (Part IV, line 59(B) on Form 990; Part II, line 25(B) on Form 990-EZ; or Part II, line 16(b) on Form 990-PF)"
cFinSrc,CFINSRC,BMF-2014-09-501CX-NONPROFIT-PX,2014-09,NCCS Financial Info,Character,10,Source of NCCS Financial Data,Source of financial data added by NCCS (primarily the most recent Form 990 filing as of BMF date from NCCS Core files)
RULEDATE,RULEDATE,BMF-2014-09-501CX-NONPROFIT-PX,2014-09,Other Descriptive Info,Character,6,Ruling date (YYYYMM) from IRS,Ruling date: year and month of IRS ruling or determination letter recognizing orgs exempt status (YYYYMM)
FNDNCD,FNDNCD,BMF-2014-09-501CX-NONPROFIT-PX,2014-09,Other Descriptive Info,Character,6,Reason for 501(c)(3) status,"Reason for & type of 501(c)(3) exempt status including codes for operating and grantmaking foundations, and broad type of public charity"
FRCD,FRCD,BMF-2014-09-501CX-NONPROFIT-PX,2014-09,Other Descriptive Info,Character,6,Filing Requirement Code,Filing requirements code. The 1st 2 characters indicate the requirements for 990/990-EZ forms. The 3rd character = 1 if a 990-PF is required or 0 if not.
SEC_NAME,SEC_NAME,BMF-2014-09-501CX-NONPROFIT-PX,2014-09,Other Descriptive Info,Character,35,Sort Name (Secondary name),Secondary organization name
GEN,GEN,BMF-2014-09-501CX-NONPROFIT-PX,2014-09,Other Descriptive Info,Character,4,Group Exemption Number,Group Exemption Number
LEVEL1,LEVEL1,BMF-2014-09-501CX-NONPROFIT-PX,2014-09,Other Classification,Character,4,Public charity or priv. fndn?,Public charity or private foundation?
LEVEL2,LEVEL2,BMF-2014-09-501CX-NONPROFIT-PX,2014-09,Other Classification,Character,4,Reporting public charity group,Reporting public charity groups.
level3,LEVEL3,BMF-2014-09-501CX-NONPROFIT-PX,2014-09,Other Classification,Character,4,Major NTEE category,Major NTEE category
level4,LEVEL4,BMF-2014-09-501CX-NONPROFIT-PX,2014-09,Other Classification,Character,4,NTEE-CC Major Group,NTEE-CC Major Group
NAICS,NAICS,BMF-2014-09-501CX-NONPROFIT-PX,2014-09,Other Classification,Character,6,NAICS,NAICS Code
randnum,RANDNUM,BMF-2014-09-501CX-NONPROFIT-PX,2014-09,Miscellaneous,Numeric,6,Random number between 0 and 1,Random number between 0 and 1 used for creating samples
ACCPER,ACCPER,BMF-2014-09-501CX-NONPROFIT-PX,2014-09,Miscellaneous,Character,2,Accounting period (MM),Accounting period
EIN,EIN,BMF-2014-11-501CX-NONPROFIT-PX,2014-11,Basic Info,Character,9,Employer Identification Number,Employer identification number.
NAME,NAME,BMF-2014-11-501CX-NONPROFIT-PX,2014-11,Basic Info,Character,60,Name of organization,Organization name.
STATE,STATE,BMF-2014-11-501CX-NONPROFIT-PX,2014-11,Basic Info,Character,2,State,Two-letter state abbreviation.
NTEE1,NTEE1,BMF-2014-11-501CX-NONPROFIT-PX,2014-11,Basic Info,Character,2,NTEE major group,NTEE major group (A-Z)
NTEECC,NTEECC,BMF-2014-11-501CX-NONPROFIT-PX,2014-11,Basic Info,Character,4,NTEECC primary purpose,NTEECC classification
CITY,CITY,BMF-2014-11-501CX-NONPROFIT-PX,2014-11,Basic Info,Character,22,City,City
zip5,ZIP5,BMF-2014-11-501CX-NONPROFIT-PX,2014-11,Basic Info,Character,5,"Zip code, 5 digits",First 5 digits of zip code
FIPS,FIPS,BMF-2014-11-501CX-NONPROFIT-PX,2014-11,Basic Info,Character,5,State + County FIPS code,2-digit State + 3-digit County FIPS code (Federal Information Processing Standard). See also U.S. Census Bureau State & County QuickFacts .
MSA_NECH,MSA_NECH,BMF-2014-11-501CX-NONPROFIT-PX,2014-11,Basic Info,Character,4,Metropolitan Statistical Area,Metropolitan Statistical Area (NCCS file) ( list )
PMSA,PMSA,BMF-2014-11-501CX-NONPROFIT-PX,2014-11,Basic Info,Character,4,Primary MSA,Primary Metropolitan Statistical Area
TAXPER,TAXPER,BMF-2014-11-501CX-NONPROFIT-PX,2014-11,Basic Info,Character,20,Ending date for tax period,"Ending date for tax period of financial data. Core files for 1997 on are in ""yyyymm"" format (199412=Dec. 1994). Earlier years use 2-digit year (""9412"")."
outnccs,OUTNCCS,BMF-2014-11-501CX-NONPROFIT-PX,2014-11,Basic Info,Character,20,Out of Scope flag,Out-of-scope (IN/OUT) (see OUTREAS doc. for details)
OUTREAS,OUTREAS,BMF-2014-11-501CX-NONPROFIT-PX,2014-11,Basic Info,Character,20,Reason why out of scope,Reason why out of scope
Filer,FILER,BMF-2014-11-501CX-NONPROFIT-PX,2014-11,Basic Info,Character,20,990 filing w/n 2 years? (Y/N),"Filed 990 return (Form 990, Form 990-EZ, Form 990-PF, or Form 990-N) within 24 months of BMF file? (Y/N)"
ZFILER,ZFILER,BMF-2014-11-501CX-NONPROFIT-PX,2014-11,Basic Info,Character,20,990 filing $0 inc/assets w/n 2 years? (Y/N),"Filed 990 return with zero income and assets within 24 months of BMF file? (Y/N) - Beginning 2008, over 95% of 'zero filers' (ZFiler=Y) filed Form 990-N (e-Postcard) for tax years ending on or after December 31, 2007."
SUBSECCD,SUBSECCD,BMF-2014-11-501CX-NONPROFIT-PX,2014-11,Classification,Character,20,Subsection code,"IRS subsection code (03=501(c)(3), etc.)"
ntmaj5,NTMAJ5,BMF-2014-11-501CX-NONPROFIT-PX,2014-11,Classification,Character,20,Major subsector,Major subsector (5)
ntmaj10,NTMAJ10,BMF-2014-11-501CX-NONPROFIT-PX,2014-11,Classification,Character,20,NTEE major group (10),10 NTEE major groups
ntmaj12,NTMAJ12,BMF-2014-11-501CX-NONPROFIT-PX,2014-11,Classification,Character,20,NTEE major group (12),12 NTEE major groups: ntmaj10 plus higher education (BH) and hospitals (EH)
NTEEconf,NTEECONF,BMF-2014-11-501CX-NONPROFIT-PX,2014-11,Classification,Character,1,NTEE confidence rating,NTEE classification confidence rating (A/B/C)
MAJGRPB,MAJGRPB,BMF-2014-11-501CX-NONPROFIT-PX,2014-11,Classification,Character,1,Major NTEE group,Major NTEE group plus hospitals and higher education
INCOME,INCOME,BMF-2014-11-501CX-NONPROFIT-PX,2014-11,Financial Info,Numeric,1,Gross receipts,Gross receipts from most recently filed Form 990
ASSETS,ASSETS,BMF-2014-11-501CX-NONPROFIT-PX,2014-11,Financial Info,Numeric,1,"Total assets, end of year",Total assets (end of year) from most recent Form 990
cFiler,CFILER,BMF-2014-11-501CX-NONPROFIT-PX,2014-11,NCCS Financial Info,Character,1,990 filing w/n 2 years? (Y/N),Filed 990 return within 24 months of BMF file date? (Y/N)
czFiler,CZFILER,BMF-2014-11-501CX-NONPROFIT-PX,2014-11,NCCS Financial Info,Character,1,990 filing $0 inc/assets w/n 2 years? (Y/N),"Filed 990 return with zero income and assets within 24 months of BMF file? (Y/N) - Beginning 2008, over 95% of 'zero filers' (cZFiler=Y) filed Form 990-N (e-Postcard) for tax years ending on or after December 31, 2007."
cTaxPer,CTAXPER,BMF-2014-11-501CX-NONPROFIT-PX,2014-11,NCCS Financial Info,Character,6,Ending date for tax period,Ending date for tax period of NCCS financial data in yyyymm format.
cTotRev,CTOTREV,BMF-2014-11-501CX-NONPROFIT-PX,2014-11,NCCS Financial Info,Numeric,6,Total Revenue,"Total Revenue from most recent Form 990 (Part I, line 12 on Form 990; Part I, line 9 on Form 990-EZ; or Part I, line 12(a) on Form 990-PF)"
cAssets,CASSETS,BMF-2014-11-501CX-NONPROFIT-PX,2014-11,NCCS Financial Info,Numeric,6,"Total Assets, BV End of Year","Total Assets (Book Value at end of year) from most recent Form 990 (Part IV, line 59(B) on Form 990; Part II, line 25(B) on Form 990-EZ; or Part II, line 16(b) on Form 990-PF)"
cFinSrc,CFINSRC,BMF-2014-11-501CX-NONPROFIT-PX,2014-11,NCCS Financial Info,Character,10,Source of NCCS Financial Data,Source of financial data added by NCCS (primarily the most recent Form 990 filing as of BMF date from NCCS Core files)
RULEDATE,RULEDATE,BMF-2014-11-501CX-NONPROFIT-PX,2014-11,Other Descriptive Info,Character,6,Ruling date (YYYYMM) from IRS,Ruling date: year and month of IRS ruling or determination letter recognizing orgs exempt status (YYYYMM)
FNDNCD,FNDNCD,BMF-2014-11-501CX-NONPROFIT-PX,2014-11,Other Descriptive Info,Character,6,Reason for 501(c)(3) status,"Reason for & type of 501(c)(3) exempt status including codes for operating and grantmaking foundations, and broad type of public charity"
FRCD,FRCD,BMF-2014-11-501CX-NONPROFIT-PX,2014-11,Other Descriptive Info,Character,6,Filing Requirement Code,Filing requirements code. The 1st 2 characters indicate the requirements for 990/990-EZ forms. The 3rd character = 1 if a 990-PF is required or 0 if not.
SEC_NAME,SEC_NAME,BMF-2014-11-501CX-NONPROFIT-PX,2014-11,Other Descriptive Info,Character,35,Sort Name (Secondary name),Secondary organization name
GEN,GEN,BMF-2014-11-501CX-NONPROFIT-PX,2014-11,Other Descriptive Info,Character,4,Group Exemption Number,Group Exemption Number
LEVEL1,LEVEL1,BMF-2014-11-501CX-NONPROFIT-PX,2014-11,Other Classification,Character,4,Public charity or priv. fndn?,Public charity or private foundation?
LEVEL2,LEVEL2,BMF-2014-11-501CX-NONPROFIT-PX,2014-11,Other Classification,Character,4,Reporting public charity group,Reporting public charity groups.
level3,LEVEL3,BMF-2014-11-501CX-NONPROFIT-PX,2014-11,Other Classification,Character,4,Major NTEE category,Major NTEE category
level4,LEVEL4,BMF-2014-11-501CX-NONPROFIT-PX,2014-11,Other Classification,Character,4,NTEE-CC Major Group,NTEE-CC Major Group
NAICS,NAICS,BMF-2014-11-501CX-NONPROFIT-PX,2014-11,Other Classification,Character,6,NAICS,NAICS Code
ACCPER,ACCPER,BMF-2014-11-501CX-NONPROFIT-PX,2014-11,Miscellaneous,Character,2,Accounting period (MM),Accounting period
randnum,RANDNUM,BMF-2014-11-501CX-NONPROFIT-PX,2014-11,Miscellaneous,Numeric,2,Random number between 0 and 1,Random number between 0 and 1 used for creating samples
EIN,EIN,BMF-2014-12-501CX-NONPROFIT-PX,2014-12,Basic Info,Character,9,Employer Identification Number,Employer identification number.
NAME,NAME,BMF-2014-12-501CX-NONPROFIT-PX,2014-12,Basic Info,Character,60,Name of organization,Organization name.
STATE,STATE,BMF-2014-12-501CX-NONPROFIT-PX,2014-12,Basic Info,Character,2,State,Two-letter state abbreviation.
NTEE1,NTEE1,BMF-2014-12-501CX-NONPROFIT-PX,2014-12,Basic Info,Character,2,NTEE major group,NTEE major group (A-Z)
NTEECC,NTEECC,BMF-2014-12-501CX-NONPROFIT-PX,2014-12,Basic Info,Character,4,NTEECC primary purpose,NTEECC classification
CITY,CITY,BMF-2014-12-501CX-NONPROFIT-PX,2014-12,Basic Info,Character,22,City,City
zip5,ZIP5,BMF-2014-12-501CX-NONPROFIT-PX,2014-12,Basic Info,Character,5,"Zip code, 5 digits",First 5 digits of zip code
FIPS,FIPS,BMF-2014-12-501CX-NONPROFIT-PX,2014-12,Basic Info,Character,5,State + County FIPS code,2-digit State + 3-digit County FIPS code (Federal Information Processing Standard). See also U.S. Census Bureau State & County QuickFacts .
MSA_NECH,MSA_NECH,BMF-2014-12-501CX-NONPROFIT-PX,2014-12,Basic Info,Character,4,Metropolitan Statistical Area,Metropolitan Statistical Area (NCCS file) ( list )
PMSA,PMSA,BMF-2014-12-501CX-NONPROFIT-PX,2014-12,Basic Info,Character,4,Primary MSA,Primary Metropolitan Statistical Area
TAXPER,TAXPER,BMF-2014-12-501CX-NONPROFIT-PX,2014-12,Basic Info,Character,20,Ending date for tax period,"Ending date for tax period of financial data. Core files for 1997 on are in ""yyyymm"" format (199412=Dec. 1994). Earlier years use 2-digit year (""9412"")."
outnccs,OUTNCCS,BMF-2014-12-501CX-NONPROFIT-PX,2014-12,Basic Info,Character,20,Out of Scope flag,Out-of-scope (IN/OUT) (see OUTREAS doc. for details)
OUTREAS,OUTREAS,BMF-2014-12-501CX-NONPROFIT-PX,2014-12,Basic Info,Character,20,Reason why out of scope,Reason why out of scope
Filer,FILER,BMF-2014-12-501CX-NONPROFIT-PX,2014-12,Basic Info,Character,20,990 filing w/n 2 years? (Y/N),"Filed 990 return (Form 990, Form 990-EZ, Form 990-PF, or Form 990-N) within 24 months of BMF file? (Y/N)"
ZFILER,ZFILER,BMF-2014-12-501CX-NONPROFIT-PX,2014-12,Basic Info,Character,20,990 filing $0 inc/assets w/n 2 years? (Y/N),"Filed 990 return with zero income and assets within 24 months of BMF file? (Y/N) - Beginning 2008, over 95% of 'zero filers' (ZFiler=Y) filed Form 990-N (e-Postcard) for tax years ending on or after December 31, 2007."
SUBSECCD,SUBSECCD,BMF-2014-12-501CX-NONPROFIT-PX,2014-12,Classification,Character,20,Subsection code,"IRS subsection code (03=501(c)(3), etc.)"
ntmaj5,NTMAJ5,BMF-2014-12-501CX-NONPROFIT-PX,2014-12,Classification,Character,20,Major subsector,Major subsector (5)
ntmaj10,NTMAJ10,BMF-2014-12-501CX-NONPROFIT-PX,2014-12,Classification,Character,20,NTEE major group (10),10 NTEE major groups
ntmaj12,NTMAJ12,BMF-2014-12-501CX-NONPROFIT-PX,2014-12,Classification,Character,20,NTEE major group (12),12 NTEE major groups: ntmaj10 plus higher education (BH) and hospitals (EH)
NTEEconf,NTEECONF,BMF-2014-12-501CX-NONPROFIT-PX,2014-12,Classification,Character,1,NTEE confidence rating,NTEE classification confidence rating (A/B/C)
MAJGRPB,MAJGRPB,BMF-2014-12-501CX-NONPROFIT-PX,2014-12,Classification,Character,1,Major NTEE group,Major NTEE group plus hospitals and higher education
INCOME,INCOME,BMF-2014-12-501CX-NONPROFIT-PX,2014-12,Financial Info,Numeric,1,Gross receipts,Gross receipts from most recently filed Form 990
ASSETS,ASSETS,BMF-2014-12-501CX-NONPROFIT-PX,2014-12,Financial Info,Numeric,1,"Total assets, end of year",Total assets (end of year) from most recent Form 990
cFiler,CFILER,BMF-2014-12-501CX-NONPROFIT-PX,2014-12,NCCS Financial Info,Character,1,990 filing w/n 2 years? (Y/N),Filed 990 return within 24 months of BMF file date? (Y/N)
czFiler,CZFILER,BMF-2014-12-501CX-NONPROFIT-PX,2014-12,NCCS Financial Info,Character,1,990 filing $0 inc/assets w/n 2 years? (Y/N),"Filed 990 return with zero income and assets within 24 months of BMF file? (Y/N) - Beginning 2008, over 95% of 'zero filers' (cZFiler=Y) filed Form 990-N (e-Postcard) for tax years ending on or after December 31, 2007."
cTaxPer,CTAXPER,BMF-2014-12-501CX-NONPROFIT-PX,2014-12,NCCS Financial Info,Character,6,Ending date for tax period,Ending date for tax period of NCCS financial data in yyyymm format.
cTotRev,CTOTREV,BMF-2014-12-501CX-NONPROFIT-PX,2014-12,NCCS Financial Info,Numeric,6,Total Revenue,"Total Revenue from most recent Form 990 (Part I, line 12 on Form 990; Part I, line 9 on Form 990-EZ; or Part I, line 12(a) on Form 990-PF)"
cAssets,CASSETS,BMF-2014-12-501CX-NONPROFIT-PX,2014-12,NCCS Financial Info,Numeric,6,"Total Assets, BV End of Year","Total Assets (Book Value at end of year) from most recent Form 990 (Part IV, line 59(B) on Form 990; Part II, line 25(B) on Form 990-EZ; or Part II, line 16(b) on Form 990-PF)"
cFinSrc,CFINSRC,BMF-2014-12-501CX-NONPROFIT-PX,2014-12,NCCS Financial Info,Character,10,Source of NCCS Financial Data,Source of financial data added by NCCS (primarily the most recent Form 990 filing as of BMF date from NCCS Core files)
RULEDATE,RULEDATE,BMF-2014-12-501CX-NONPROFIT-PX,2014-12,Other Descriptive Info,Character,6,Ruling date (YYYYMM) from IRS,Ruling date: year and month of IRS ruling or determination letter recognizing orgs exempt status (YYYYMM)
FNDNCD,FNDNCD,BMF-2014-12-501CX-NONPROFIT-PX,2014-12,Other Descriptive Info,Character,6,Reason for 501(c)(3) status,"Reason for & type of 501(c)(3) exempt status including codes for operating and grantmaking foundations, and broad type of public charity"
FRCD,FRCD,BMF-2014-12-501CX-NONPROFIT-PX,2014-12,Other Descriptive Info,Character,6,Filing Requirement Code,Filing requirements code. The 1st 2 characters indicate the requirements for 990/990-EZ forms. The 3rd character = 1 if a 990-PF is required or 0 if not.
SEC_NAME,SEC_NAME,BMF-2014-12-501CX-NONPROFIT-PX,2014-12,Other Descriptive Info,Character,35,Sort Name (Secondary name),Secondary organization name
GEN,GEN,BMF-2014-12-501CX-NONPROFIT-PX,2014-12,Other Descriptive Info,Character,4,Group Exemption Number,Group Exemption Number
LEVEL1,LEVEL1,BMF-2014-12-501CX-NONPROFIT-PX,2014-12,Other Classification,Character,4,Public charity or priv. fndn?,Public charity or private foundation?
LEVEL2,LEVEL2,BMF-2014-12-501CX-NONPROFIT-PX,2014-12,Other Classification,Character,4,Reporting public charity group,Reporting public charity groups.
level3,LEVEL3,BMF-2014-12-501CX-NONPROFIT-PX,2014-12,Other Classification,Character,4,Major NTEE category,Major NTEE category
level4,LEVEL4,BMF-2014-12-501CX-NONPROFIT-PX,2014-12,Other Classification,Character,4,NTEE-CC Major Group,NTEE-CC Major Group
NAICS,NAICS,BMF-2014-12-501CX-NONPROFIT-PX,2014-12,Other Classification,Character,6,NAICS,NAICS Code
ACCPER,ACCPER,BMF-2014-12-501CX-NONPROFIT-PX,2014-12,Miscellaneous,Character,2,Accounting period (MM),Accounting period
randnum,RANDNUM,BMF-2014-12-501CX-NONPROFIT-PX,2014-12,Miscellaneous,Numeric,2,Random number between 0 and 1,Random number between 0 and 1 used for creating samples
EIN,EIN,BMF-2015-02-501CX-NONPROFIT-PX,2015-02,Basic Info,Character,9,Employer Identification Number,Employer identification number.
NAME,NAME,BMF-2015-02-501CX-NONPROFIT-PX,2015-02,Basic Info,Character,60,Name of organization,Organization name.
STATE,STATE,BMF-2015-02-501CX-NONPROFIT-PX,2015-02,Basic Info,Character,2,State,Two-letter state abbreviation.
NTEE1,NTEE1,BMF-2015-02-501CX-NONPROFIT-PX,2015-02,Basic Info,Character,2,NTEE major group,NTEE major group (A-Z)
NTEECC,NTEECC,BMF-2015-02-501CX-NONPROFIT-PX,2015-02,Basic Info,Character,4,NTEECC primary purpose,NTEECC classification
CITY,CITY,BMF-2015-02-501CX-NONPROFIT-PX,2015-02,Basic Info,Character,22,City,City
zip5,ZIP5,BMF-2015-02-501CX-NONPROFIT-PX,2015-02,Basic Info,Character,5,"Zip code, 5 digits",First 5 digits of zip code
FIPS,FIPS,BMF-2015-02-501CX-NONPROFIT-PX,2015-02,Basic Info,Character,5,State + County FIPS code,2-digit State + 3-digit County FIPS code (Federal Information Processing Standard). See also U.S. Census Bureau State & County QuickFacts .
MSA_NECH,MSA_NECH,BMF-2015-02-501CX-NONPROFIT-PX,2015-02,Basic Info,Character,4,Metropolitan Statistical Area,Metropolitan Statistical Area (NCCS file) ( list )
PMSA,PMSA,BMF-2015-02-501CX-NONPROFIT-PX,2015-02,Basic Info,Character,4,Primary MSA,Primary Metropolitan Statistical Area
TAXPER,TAXPER,BMF-2015-02-501CX-NONPROFIT-PX,2015-02,Basic Info,Character,20,Ending date for tax period,"Ending date for tax period of financial data. Core files for 1997 on are in ""yyyymm"" format (199412=Dec. 1994). Earlier years use 2-digit year (""9412"")."
outnccs,OUTNCCS,BMF-2015-02-501CX-NONPROFIT-PX,2015-02,Basic Info,Character,20,Out of Scope flag,Out-of-scope (IN/OUT) (see OUTREAS doc. for details)
OUTREAS,OUTREAS,BMF-2015-02-501CX-NONPROFIT-PX,2015-02,Basic Info,Character,20,Reason why out of scope,Reason why out of scope
Filer,FILER,BMF-2015-02-501CX-NONPROFIT-PX,2015-02,Basic Info,Character,20,990 filing w/n 2 years? (Y/N),"Filed 990 return (Form 990, Form 990-EZ, Form 990-PF, or Form 990-N) within 24 months of BMF file? (Y/N)"
ZFILER,ZFILER,BMF-2015-02-501CX-NONPROFIT-PX,2015-02,Basic Info,Character,20,990 filing $0 inc/assets w/n 2 years? (Y/N),"Filed 990 return with zero income and assets within 24 months of BMF file? (Y/N) - Beginning 2008, over 95% of 'zero filers' (ZFiler=Y) filed Form 990-N (e-Postcard) for tax years ending on or after December 31, 2007."
SUBSECCD,SUBSECCD,BMF-2015-02-501CX-NONPROFIT-PX,2015-02,Classification,Character,20,Subsection code,"IRS subsection code (03=501(c)(3), etc.)"
ntmaj5,NTMAJ5,BMF-2015-02-501CX-NONPROFIT-PX,2015-02,Classification,Character,20,Major subsector,Major subsector (5)
ntmaj10,NTMAJ10,BMF-2015-02-501CX-NONPROFIT-PX,2015-02,Classification,Character,20,NTEE major group (10),10 NTEE major groups
ntmaj12,NTMAJ12,BMF-2015-02-501CX-NONPROFIT-PX,2015-02,Classification,Character,20,NTEE major group (12),12 NTEE major groups: ntmaj10 plus higher education (BH) and hospitals (EH)
NTEEconf,NTEECONF,BMF-2015-02-501CX-NONPROFIT-PX,2015-02,Classification,Character,1,NTEE confidence rating,NTEE classification confidence rating (A/B/C)
MAJGRPB,MAJGRPB,BMF-2015-02-501CX-NONPROFIT-PX,2015-02,Classification,Character,1,Major NTEE group,Major NTEE group plus hospitals and higher education
INCOME,INCOME,BMF-2015-02-501CX-NONPROFIT-PX,2015-02,Financial Info,Numeric,1,Gross receipts,Gross receipts from most recently filed Form 990
ASSETS,ASSETS,BMF-2015-02-501CX-NONPROFIT-PX,2015-02,Financial Info,Numeric,1,"Total assets, end of year",Total assets (end of year) from most recent Form 990
cFiler,CFILER,BMF-2015-02-501CX-NONPROFIT-PX,2015-02,NCCS Financial Info,Character,1,990 filing w/n 2 years? (Y/N),Filed 990 return within 24 months of BMF file date? (Y/N)
czFiler,CZFILER,BMF-2015-02-501CX-NONPROFIT-PX,2015-02,NCCS Financial Info,Character,1,990 filing $0 inc/assets w/n 2 years? (Y/N),"Filed 990 return with zero income and assets within 24 months of BMF file? (Y/N) - Beginning 2008, over 95% of 'zero filers' (cZFiler=Y) filed Form 990-N (e-Postcard) for tax years ending on or after December 31, 2007."
cTaxPer,CTAXPER,BMF-2015-02-501CX-NONPROFIT-PX,2015-02,NCCS Financial Info,Character,6,Ending date for tax period,Ending date for tax period of NCCS financial data in yyyymm format.
cTotRev,CTOTREV,BMF-2015-02-501CX-NONPROFIT-PX,2015-02,NCCS Financial Info,Numeric,6,Total Revenue,"Total Revenue from most recent Form 990 (Part I, line 12 on Form 990; Part I, line 9 on Form 990-EZ; or Part I, line 12(a) on Form 990-PF)"
cAssets,CASSETS,BMF-2015-02-501CX-NONPROFIT-PX,2015-02,NCCS Financial Info,Numeric,6,"Total Assets, BV End of Year","Total Assets (Book Value at end of year) from most recent Form 990 (Part IV, line 59(B) on Form 990; Part II, line 25(B) on Form 990-EZ; or Part II, line 16(b) on Form 990-PF)"
cFinSrc,CFINSRC,BMF-2015-02-501CX-NONPROFIT-PX,2015-02,NCCS Financial Info,Character,10,Source of NCCS Financial Data,Source of financial data added by NCCS (primarily the most recent Form 990 filing as of BMF date from NCCS Core files)
RULEDATE,RULEDATE,BMF-2015-02-501CX-NONPROFIT-PX,2015-02,Other Descriptive Info,Character,6,Ruling date (YYYYMM) from IRS,Ruling date: year and month of IRS ruling or determination letter recognizing orgs exempt status (YYYYMM)
FNDNCD,FNDNCD,BMF-2015-02-501CX-NONPROFIT-PX,2015-02,Other Descriptive Info,Character,6,Reason for 501(c)(3) status,"Reason for & type of 501(c)(3) exempt status including codes for operating and grantmaking foundations, and broad type of public charity"
FRCD,FRCD,BMF-2015-02-501CX-NONPROFIT-PX,2015-02,Other Descriptive Info,Character,6,Filing Requirement Code,Filing requirements code. The 1st 2 characters indicate the requirements for 990/990-EZ forms. The 3rd character = 1 if a 990-PF is required or 0 if not.
SEC_NAME,SEC_NAME,BMF-2015-02-501CX-NONPROFIT-PX,2015-02,Other Descriptive Info,Character,35,Sort Name (Secondary name),Secondary organization name
GEN,GEN,BMF-2015-02-501CX-NONPROFIT-PX,2015-02,Other Descriptive Info,Character,4,Group Exemption Number,Group Exemption Number
LEVEL1,LEVEL1,BMF-2015-02-501CX-NONPROFIT-PX,2015-02,Other Classification,Character,4,Public charity or priv. fndn?,Public charity or private foundation?
LEVEL2,LEVEL2,BMF-2015-02-501CX-NONPROFIT-PX,2015-02,Other Classification,Character,4,Reporting public charity group,Reporting public charity groups.
level3,LEVEL3,BMF-2015-02-501CX-NONPROFIT-PX,2015-02,Other Classification,Character,4,Major NTEE category,Major NTEE category
level4,LEVEL4,BMF-2015-02-501CX-NONPROFIT-PX,2015-02,Other Classification,Character,4,NTEE-CC Major Group,NTEE-CC Major Group
NAICS,NAICS,BMF-2015-02-501CX-NONPROFIT-PX,2015-02,Other Classification,Character,6,NAICS,NAICS Code
ACCPER,ACCPER,BMF-2015-02-501CX-NONPROFIT-PX,2015-02,Miscellaneous,Character,2,Accounting period (MM),Accounting period
randnum,RANDNUM,BMF-2015-02-501CX-NONPROFIT-PX,2015-02,Miscellaneous,Numeric,2,Random number between 0 and 1,Random number between 0 and 1 used for creating samples
EIN,EIN,BMF-2015-04-501CX-NONPROFIT-PX,2015-04,Basic Info,Character,9,Employer Identification Number,Employer identification number.
NAME,NAME,BMF-2015-04-501CX-NONPROFIT-PX,2015-04,Basic Info,Character,60,Name of organization,Organization name.
STATE,STATE,BMF-2015-04-501CX-NONPROFIT-PX,2015-04,Basic Info,Character,2,State,Two-letter state abbreviation.
NTEE1,NTEE1,BMF-2015-04-501CX-NONPROFIT-PX,2015-04,Basic Info,Character,2,NTEE major group,NTEE major group (A-Z)
NTEECC,NTEECC,BMF-2015-04-501CX-NONPROFIT-PX,2015-04,Basic Info,Character,4,NTEECC primary purpose,NTEECC classification
CITY,CITY,BMF-2015-04-501CX-NONPROFIT-PX,2015-04,Basic Info,Character,22,City,City
zip5,ZIP5,BMF-2015-04-501CX-NONPROFIT-PX,2015-04,Basic Info,Character,5,"Zip code, 5 digits",First 5 digits of zip code
FIPS,FIPS,BMF-2015-04-501CX-NONPROFIT-PX,2015-04,Basic Info,Character,5,State + County FIPS code,2-digit State + 3-digit County FIPS code (Federal Information Processing Standard). See also U.S. Census Bureau State & County QuickFacts .
MSA_NECH,MSA_NECH,BMF-2015-04-501CX-NONPROFIT-PX,2015-04,Basic Info,Character,4,Metropolitan Statistical Area,Metropolitan Statistical Area (NCCS file) ( list )
PMSA,PMSA,BMF-2015-04-501CX-NONPROFIT-PX,2015-04,Basic Info,Character,4,Primary MSA,Primary Metropolitan Statistical Area
TAXPER,TAXPER,BMF-2015-04-501CX-NONPROFIT-PX,2015-04,Basic Info,Character,20,Ending date for tax period,"Ending date for tax period of financial data. Core files for 1997 on are in ""yyyymm"" format (199412=Dec. 1994). Earlier years use 2-digit year (""9412"")."
outnccs,OUTNCCS,BMF-2015-04-501CX-NONPROFIT-PX,2015-04,Basic Info,Character,20,Out of Scope flag,Out-of-scope (IN/OUT) (see OUTREAS doc. for details)
OUTREAS,OUTREAS,BMF-2015-04-501CX-NONPROFIT-PX,2015-04,Basic Info,Character,20,Reason why out of scope,Reason why out of scope
Filer,FILER,BMF-2015-04-501CX-NONPROFIT-PX,2015-04,Basic Info,Character,20,990 filing w/n 2 years? (Y/N),"Filed 990 return (Form 990, Form 990-EZ, Form 990-PF, or Form 990-N) within 24 months of BMF file? (Y/N)"
ZFILER,ZFILER,BMF-2015-04-501CX-NONPROFIT-PX,2015-04,Basic Info,Character,20,990 filing $0 inc/assets w/n 2 years? (Y/N),"Filed 990 return with zero income and assets within 24 months of BMF file? (Y/N) - Beginning 2008, over 95% of 'zero filers' (ZFiler=Y) filed Form 990-N (e-Postcard) for tax years ending on or after December 31, 2007."
SUBSECCD,SUBSECCD,BMF-2015-04-501CX-NONPROFIT-PX,2015-04,Classification,Character,20,Subsection code,"IRS subsection code (03=501(c)(3), etc.)"
ntmaj5,NTMAJ5,BMF-2015-04-501CX-NONPROFIT-PX,2015-04,Classification,Character,20,Major subsector,Major subsector (5)
ntmaj10,NTMAJ10,BMF-2015-04-501CX-NONPROFIT-PX,2015-04,Classification,Character,20,NTEE major group (10),10 NTEE major groups
ntmaj12,NTMAJ12,BMF-2015-04-501CX-NONPROFIT-PX,2015-04,Classification,Character,20,NTEE major group (12),12 NTEE major groups: ntmaj10 plus higher education (BH) and hospitals (EH)
NTEEconf,NTEECONF,BMF-2015-04-501CX-NONPROFIT-PX,2015-04,Classification,Character,1,NTEE confidence rating,NTEE classification confidence rating (A/B/C)
MAJGRPB,MAJGRPB,BMF-2015-04-501CX-NONPROFIT-PX,2015-04,Classification,Character,1,Major NTEE group,Major NTEE group plus hospitals and higher education
INCOME,INCOME,BMF-2015-04-501CX-NONPROFIT-PX,2015-04,Financial Info,Numeric,1,Gross receipts,Gross receipts from most recently filed Form 990
ASSETS,ASSETS,BMF-2015-04-501CX-NONPROFIT-PX,2015-04,Financial Info,Numeric,1,"Total assets, end of year",Total assets (end of year) from most recent Form 990
cFiler,CFILER,BMF-2015-04-501CX-NONPROFIT-PX,2015-04,NCCS Financial Info,Character,1,990 filing w/n 2 years? (Y/N),Filed 990 return within 24 months of BMF file date? (Y/N)
czFiler,CZFILER,BMF-2015-04-501CX-NONPROFIT-PX,2015-04,NCCS Financial Info,Character,1,990 filing $0 inc/assets w/n 2 years? (Y/N),"Filed 990 return with zero income and assets within 24 months of BMF file? (Y/N) - Beginning 2008, over 95% of 'zero filers' (cZFiler=Y) filed Form 990-N (e-Postcard) for tax years ending on or after December 31, 2007."
cTaxPer,CTAXPER,BMF-2015-04-501CX-NONPROFIT-PX,2015-04,NCCS Financial Info,Character,6,Ending date for tax period,Ending date for tax period of NCCS financial data in yyyymm format.
cTotRev,CTOTREV,BMF-2015-04-501CX-NONPROFIT-PX,2015-04,NCCS Financial Info,Numeric,6,Total Revenue,"Total Revenue from most recent Form 990 (Part I, line 12 on Form 990; Part I, line 9 on Form 990-EZ; or Part I, line 12(a) on Form 990-PF)"
cAssets,CASSETS,BMF-2015-04-501CX-NONPROFIT-PX,2015-04,NCCS Financial Info,Numeric,6,"Total Assets, BV End of Year","Total Assets (Book Value at end of year) from most recent Form 990 (Part IV, line 59(B) on Form 990; Part II, line 25(B) on Form 990-EZ; or Part II, line 16(b) on Form 990-PF)"
cFinSrc,CFINSRC,BMF-2015-04-501CX-NONPROFIT-PX,2015-04,NCCS Financial Info,Character,10,Source of NCCS Financial Data,Source of financial data added by NCCS (primarily the most recent Form 990 filing as of BMF date from NCCS Core files)
RULEDATE,RULEDATE,BMF-2015-04-501CX-NONPROFIT-PX,2015-04,Other Descriptive Info,Character,6,Ruling date (YYYYMM) from IRS,Ruling date: year and month of IRS ruling or determination letter recognizing orgs exempt status (YYYYMM)
FNDNCD,FNDNCD,BMF-2015-04-501CX-NONPROFIT-PX,2015-04,Other Descriptive Info,Character,6,Reason for 501(c)(3) status,"Reason for & type of 501(c)(3) exempt status including codes for operating and grantmaking foundations, and broad type of public charity"
FRCD,FRCD,BMF-2015-04-501CX-NONPROFIT-PX,2015-04,Other Descriptive Info,Character,6,Filing Requirement Code,Filing requirements code. The 1st 2 characters indicate the requirements for 990/990-EZ forms. The 3rd character = 1 if a 990-PF is required or 0 if not.
SEC_NAME,SEC_NAME,BMF-2015-04-501CX-NONPROFIT-PX,2015-04,Other Descriptive Info,Character,35,Sort Name (Secondary name),Secondary organization name
GEN,GEN,BMF-2015-04-501CX-NONPROFIT-PX,2015-04,Other Descriptive Info,Character,4,Group Exemption Number,Group Exemption Number
LEVEL1,LEVEL1,BMF-2015-04-501CX-NONPROFIT-PX,2015-04,Other Classification,Character,4,Public charity or priv. fndn?,Public charity or private foundation?
LEVEL2,LEVEL2,BMF-2015-04-501CX-NONPROFIT-PX,2015-04,Other Classification,Character,4,Reporting public charity group,Reporting public charity groups.
level3,LEVEL3,BMF-2015-04-501CX-NONPROFIT-PX,2015-04,Other Classification,Character,4,Major NTEE category,Major NTEE category
level4,LEVEL4,BMF-2015-04-501CX-NONPROFIT-PX,2015-04,Other Classification,Character,4,NTEE-CC Major Group,NTEE-CC Major Group
NAICS,NAICS,BMF-2015-04-501CX-NONPROFIT-PX,2015-04,Other Classification,Character,6,NAICS,NAICS Code
ACCPER,ACCPER,BMF-2015-04-501CX-NONPROFIT-PX,2015-04,Miscellaneous,Character,2,Accounting period (MM),Accounting period
randnum,RANDNUM,BMF-2015-04-501CX-NONPROFIT-PX,2015-04,Miscellaneous,Numeric,2,Random number between 0 and 1,Random number between 0 and 1 used for creating samples
EIN,EIN,BMF-2015-05-501CX-NONPROFIT-PX,2015-05,Basic Info,Character,9,Employer Identification Number,Employer identification number.
NAME,NAME,BMF-2015-05-501CX-NONPROFIT-PX,2015-05,Basic Info,Character,60,Name of organization,Organization name.
STATE,STATE,BMF-2015-05-501CX-NONPROFIT-PX,2015-05,Basic Info,Character,2,State,Two-letter state abbreviation.
NTEE1,NTEE1,BMF-2015-05-501CX-NONPROFIT-PX,2015-05,Basic Info,Character,2,NTEE major group,NTEE major group (A-Z)
NTEECC,NTEECC,BMF-2015-05-501CX-NONPROFIT-PX,2015-05,Basic Info,Character,4,NTEECC primary purpose,NTEECC classification
CITY,CITY,BMF-2015-05-501CX-NONPROFIT-PX,2015-05,Basic Info,Character,22,City,City
zip5,ZIP5,BMF-2015-05-501CX-NONPROFIT-PX,2015-05,Basic Info,Character,5,"Zip code, 5 digits",First 5 digits of zip code
FIPS,FIPS,BMF-2015-05-501CX-NONPROFIT-PX,2015-05,Basic Info,Character,5,State + County FIPS code,2-digit State + 3-digit County FIPS code (Federal Information Processing Standard). See also U.S. Census Bureau State & County QuickFacts .
MSA_NECH,MSA_NECH,BMF-2015-05-501CX-NONPROFIT-PX,2015-05,Basic Info,Character,4,Metropolitan Statistical Area,Metropolitan Statistical Area (NCCS file) ( list )
PMSA,PMSA,BMF-2015-05-501CX-NONPROFIT-PX,2015-05,Basic Info,Character,4,Primary MSA,Primary Metropolitan Statistical Area
TAXPER,TAXPER,BMF-2015-05-501CX-NONPROFIT-PX,2015-05,Basic Info,Character,20,Ending date for tax period,"Ending date for tax period of financial data. Core files for 1997 on are in ""yyyymm"" format (199412=Dec. 1994). Earlier years use 2-digit year (""9412"")."
outnccs,OUTNCCS,BMF-2015-05-501CX-NONPROFIT-PX,2015-05,Basic Info,Character,20,Out of Scope flag,Out-of-scope (IN/OUT) (see OUTREAS doc. for details)
OUTREAS,OUTREAS,BMF-2015-05-501CX-NONPROFIT-PX,2015-05,Basic Info,Character,20,Reason why out of scope,Reason why out of scope
Filer,FILER,BMF-2015-05-501CX-NONPROFIT-PX,2015-05,Basic Info,Character,20,990 filing w/n 2 years? (Y/N),"Filed 990 return (Form 990, Form 990-EZ, Form 990-PF, or Form 990-N) within 24 months of BMF file? (Y/N)"
ZFILER,ZFILER,BMF-2015-05-501CX-NONPROFIT-PX,2015-05,Basic Info,Character,20,990 filing $0 inc/assets w/n 2 years? (Y/N),"Filed 990 return with zero income and assets within 24 months of BMF file? (Y/N) - Beginning 2008, over 95% of 'zero filers' (ZFiler=Y) filed Form 990-N (e-Postcard) for tax years ending on or after December 31, 2007."
SUBSECCD,SUBSECCD,BMF-2015-05-501CX-NONPROFIT-PX,2015-05,Classification,Character,20,Subsection code,"IRS subsection code (03=501(c)(3), etc.)"
ntmaj5,NTMAJ5,BMF-2015-05-501CX-NONPROFIT-PX,2015-05,Classification,Character,20,Major subsector,Major subsector (5)
ntmaj10,NTMAJ10,BMF-2015-05-501CX-NONPROFIT-PX,2015-05,Classification,Character,20,NTEE major group (10),10 NTEE major groups
ntmaj12,NTMAJ12,BMF-2015-05-501CX-NONPROFIT-PX,2015-05,Classification,Character,20,NTEE major group (12),12 NTEE major groups: ntmaj10 plus higher education (BH) and hospitals (EH)
NTEEconf,NTEECONF,BMF-2015-05-501CX-NONPROFIT-PX,2015-05,Classification,Character,1,NTEE confidence rating,NTEE classification confidence rating (A/B/C)
MAJGRPB,MAJGRPB,BMF-2015-05-501CX-NONPROFIT-PX,2015-05,Classification,Character,1,Major NTEE group,Major NTEE group plus hospitals and higher education
INCOME,INCOME,BMF-2015-05-501CX-NONPROFIT-PX,2015-05,Financial Info,Numeric,1,Gross receipts,Gross receipts from most recently filed Form 990
ASSETS,ASSETS,BMF-2015-05-501CX-NONPROFIT-PX,2015-05,Financial Info,Numeric,1,"Total assets, end of year",Total assets (end of year) from most recent Form 990
cFiler,CFILER,BMF-2015-05-501CX-NONPROFIT-PX,2015-05,NCCS Financial Info,Character,1,990 filing w/n 2 years? (Y/N),Filed 990 return within 24 months of BMF file date? (Y/N)
czFiler,CZFILER,BMF-2015-05-501CX-NONPROFIT-PX,2015-05,NCCS Financial Info,Character,1,990 filing $0 inc/assets w/n 2 years? (Y/N),"Filed 990 return with zero income and assets within 24 months of BMF file? (Y/N) - Beginning 2008, over 95% of 'zero filers' (cZFiler=Y) filed Form 990-N (e-Postcard) for tax years ending on or after December 31, 2007."
cTaxPer,CTAXPER,BMF-2015-05-501CX-NONPROFIT-PX,2015-05,NCCS Financial Info,Character,6,Ending date for tax period,Ending date for tax period of NCCS financial data in yyyymm format.
cTotRev,CTOTREV,BMF-2015-05-501CX-NONPROFIT-PX,2015-05,NCCS Financial Info,Numeric,6,Total Revenue,"Total Revenue from most recent Form 990 (Part I, line 12 on Form 990; Part I, line 9 on Form 990-EZ; or Part I, line 12(a) on Form 990-PF)"
cAssets,CASSETS,BMF-2015-05-501CX-NONPROFIT-PX,2015-05,NCCS Financial Info,Numeric,6,"Total Assets, BV End of Year","Total Assets (Book Value at end of year) from most recent Form 990 (Part IV, line 59(B) on Form 990; Part II, line 25(B) on Form 990-EZ; or Part II, line 16(b) on Form 990-PF)"
cFinSrc,CFINSRC,BMF-2015-05-501CX-NONPROFIT-PX,2015-05,NCCS Financial Info,Character,10,Source of NCCS Financial Data,Source of financial data added by NCCS (primarily the most recent Form 990 filing as of BMF date from NCCS Core files)
RULEDATE,RULEDATE,BMF-2015-05-501CX-NONPROFIT-PX,2015-05,Other Descriptive Info,Character,6,Ruling date (YYYYMM) from IRS,Ruling date: year and month of IRS ruling or determination letter recognizing orgs exempt status (YYYYMM)
FNDNCD,FNDNCD,BMF-2015-05-501CX-NONPROFIT-PX,2015-05,Other Descriptive Info,Character,6,Reason for 501(c)(3) status,"Reason for & type of 501(c)(3) exempt status including codes for operating and grantmaking foundations, and broad type of public charity"
FRCD,FRCD,BMF-2015-05-501CX-NONPROFIT-PX,2015-05,Other Descriptive Info,Character,6,Filing Requirement Code,Filing requirements code. The 1st 2 characters indicate the requirements for 990/990-EZ forms. The 3rd character = 1 if a 990-PF is required or 0 if not.
SEC_NAME,SEC_NAME,BMF-2015-05-501CX-NONPROFIT-PX,2015-05,Other Descriptive Info,Character,35,Sort Name (Secondary name),Secondary organization name
GEN,GEN,BMF-2015-05-501CX-NONPROFIT-PX,2015-05,Other Descriptive Info,Character,4,Group Exemption Number,Group Exemption Number
LEVEL1,LEVEL1,BMF-2015-05-501CX-NONPROFIT-PX,2015-05,Other Classification,Character,4,Public charity or priv. fndn?,Public charity or private foundation?
LEVEL2,LEVEL2,BMF-2015-05-501CX-NONPROFIT-PX,2015-05,Other Classification,Character,4,Reporting public charity group,Reporting public charity groups.
level3,LEVEL3,BMF-2015-05-501CX-NONPROFIT-PX,2015-05,Other Classification,Character,4,Major NTEE category,Major NTEE category
level4,LEVEL4,BMF-2015-05-501CX-NONPROFIT-PX,2015-05,Other Classification,Character,4,NTEE-CC Major Group,NTEE-CC Major Group
NAICS,NAICS,BMF-2015-05-501CX-NONPROFIT-PX,2015-05,Other Classification,Character,6,NAICS,NAICS Code
ACCPER,ACCPER,BMF-2015-05-501CX-NONPROFIT-PX,2015-05,Miscellaneous,Character,2,Accounting period (MM),Accounting period
randnum,RANDNUM,BMF-2015-05-501CX-NONPROFIT-PX,2015-05,Miscellaneous,Numeric,2,Random number between 0 and 1,Random number between 0 and 1 used for creating samples
EIN,EIN,BMF-2015-07-501CX-NONPROFIT-PX,2015-07,Basic Info,Character,9,Employer Identification Number,Employer identification number.
NAME,NAME,BMF-2015-07-501CX-NONPROFIT-PX,2015-07,Basic Info,Character,60,Name of organization,Organization name.
STATE,STATE,BMF-2015-07-501CX-NONPROFIT-PX,2015-07,Basic Info,Character,2,State,Two-letter state abbreviation.
NTEE1,NTEE1,BMF-2015-07-501CX-NONPROFIT-PX,2015-07,Basic Info,Character,2,NTEE major group,NTEE major group (A-Z)
NTEECC,NTEECC,BMF-2015-07-501CX-NONPROFIT-PX,2015-07,Basic Info,Character,4,NTEECC primary purpose,NTEECC classification
CITY,CITY,BMF-2015-07-501CX-NONPROFIT-PX,2015-07,Basic Info,Character,22,City,City
zip5,ZIP5,BMF-2015-07-501CX-NONPROFIT-PX,2015-07,Basic Info,Character,5,"Zip code, 5 digits",First 5 digits of zip code
FIPS,FIPS,BMF-2015-07-501CX-NONPROFIT-PX,2015-07,Basic Info,Character,5,State + County FIPS code,2-digit State + 3-digit County FIPS code (Federal Information Processing Standard). See also U.S. Census Bureau State & County QuickFacts .
MSA_NECH,MSA_NECH,BMF-2015-07-501CX-NONPROFIT-PX,2015-07,Basic Info,Character,4,Metropolitan Statistical Area,Metropolitan Statistical Area (NCCS file) ( list )
PMSA,PMSA,BMF-2015-07-501CX-NONPROFIT-PX,2015-07,Basic Info,Character,4,Primary MSA,Primary Metropolitan Statistical Area
TAXPER,TAXPER,BMF-2015-07-501CX-NONPROFIT-PX,2015-07,Basic Info,Character,20,Ending date for tax period,"Ending date for tax period of financial data. Core files for 1997 on are in ""yyyymm"" format (199412=Dec. 1994). Earlier years use 2-digit year (""9412"")."
outnccs,OUTNCCS,BMF-2015-07-501CX-NONPROFIT-PX,2015-07,Basic Info,Character,20,Out of Scope flag,Out-of-scope (IN/OUT) (see OUTREAS doc. for details)
OUTREAS,OUTREAS,BMF-2015-07-501CX-NONPROFIT-PX,2015-07,Basic Info,Character,20,Reason why out of scope,Reason why out of scope
Filer,FILER,BMF-2015-07-501CX-NONPROFIT-PX,2015-07,Basic Info,Character,20,990 filing w/n 2 years? (Y/N),"Filed 990 return (Form 990, Form 990-EZ, Form 990-PF, or Form 990-N) within 24 months of BMF file? (Y/N)"
ZFILER,ZFILER,BMF-2015-07-501CX-NONPROFIT-PX,2015-07,Basic Info,Character,20,990 filing $0 inc/assets w/n 2 years? (Y/N),"Filed 990 return with zero income and assets within 24 months of BMF file? (Y/N) - Beginning 2008, over 95% of 'zero filers' (ZFiler=Y) filed Form 990-N (e-Postcard) for tax years ending on or after December 31, 2007."
SUBSECCD,SUBSECCD,BMF-2015-07-501CX-NONPROFIT-PX,2015-07,Classification,Character,20,Subsection code,"IRS subsection code (03=501(c)(3), etc.)"
ntmaj5,NTMAJ5,BMF-2015-07-501CX-NONPROFIT-PX,2015-07,Classification,Character,20,Major subsector,Major subsector (5)
ntmaj10,NTMAJ10,BMF-2015-07-501CX-NONPROFIT-PX,2015-07,Classification,Character,20,NTEE major group (10),10 NTEE major groups
ntmaj12,NTMAJ12,BMF-2015-07-501CX-NONPROFIT-PX,2015-07,Classification,Character,20,NTEE major group (12),12 NTEE major groups: ntmaj10 plus higher education (BH) and hospitals (EH)
NTEEconf,NTEECONF,BMF-2015-07-501CX-NONPROFIT-PX,2015-07,Classification,Character,1,NTEE confidence rating,NTEE classification confidence rating (A/B/C)
MAJGRPB,MAJGRPB,BMF-2015-07-501CX-NONPROFIT-PX,2015-07,Classification,Character,1,Major NTEE group,Major NTEE group plus hospitals and higher education
INCOME,INCOME,BMF-2015-07-501CX-NONPROFIT-PX,2015-07,Financial Info,Numeric,1,Gross receipts,Gross receipts from most recently filed Form 990
ASSETS,ASSETS,BMF-2015-07-501CX-NONPROFIT-PX,2015-07,Financial Info,Numeric,1,"Total assets, end of year",Total assets (end of year) from most recent Form 990
cFiler,CFILER,BMF-2015-07-501CX-NONPROFIT-PX,2015-07,NCCS Financial Info,Character,1,990 filing w/n 2 years? (Y/N),Filed 990 return within 24 months of BMF file date? (Y/N)
czFiler,CZFILER,BMF-2015-07-501CX-NONPROFIT-PX,2015-07,NCCS Financial Info,Character,1,990 filing $0 inc/assets w/n 2 years? (Y/N),"Filed 990 return with zero income and assets within 24 months of BMF file? (Y/N) - Beginning 2008, over 95% of 'zero filers' (cZFiler=Y) filed Form 990-N (e-Postcard) for tax years ending on or after December 31, 2007."
cTaxPer,CTAXPER,BMF-2015-07-501CX-NONPROFIT-PX,2015-07,NCCS Financial Info,Character,6,Ending date for tax period,Ending date for tax period of NCCS financial data in yyyymm format.
cTotRev,CTOTREV,BMF-2015-07-501CX-NONPROFIT-PX,2015-07,NCCS Financial Info,Numeric,6,Total Revenue,"Total Revenue from most recent Form 990 (Part I, line 12 on Form 990; Part I, line 9 on Form 990-EZ; or Part I, line 12(a) on Form 990-PF)"
cAssets,CASSETS,BMF-2015-07-501CX-NONPROFIT-PX,2015-07,NCCS Financial Info,Numeric,6,"Total Assets, BV End of Year","Total Assets (Book Value at end of year) from most recent Form 990 (Part IV, line 59(B) on Form 990; Part II, line 25(B) on Form 990-EZ; or Part II, line 16(b) on Form 990-PF)"
cFinSrc,CFINSRC,BMF-2015-07-501CX-NONPROFIT-PX,2015-07,NCCS Financial Info,Character,10,Source of NCCS Financial Data,Source of financial data added by NCCS (primarily the most recent Form 990 filing as of BMF date from NCCS Core files)
RULEDATE,RULEDATE,BMF-2015-07-501CX-NONPROFIT-PX,2015-07,Other Descriptive Info,Character,6,Ruling date (YYYYMM) from IRS,Ruling date: year and month of IRS ruling or determination letter recognizing orgs exempt status (YYYYMM)
FNDNCD,FNDNCD,BMF-2015-07-501CX-NONPROFIT-PX,2015-07,Other Descriptive Info,Character,6,Reason for 501(c)(3) status,"Reason for & type of 501(c)(3) exempt status including codes for operating and grantmaking foundations, and broad type of public charity"
FRCD,FRCD,BMF-2015-07-501CX-NONPROFIT-PX,2015-07,Other Descriptive Info,Character,6,Filing Requirement Code,Filing requirements code. The 1st 2 characters indicate the requirements for 990/990-EZ forms. The 3rd character = 1 if a 990-PF is required or 0 if not.
SEC_NAME,SEC_NAME,BMF-2015-07-501CX-NONPROFIT-PX,2015-07,Other Descriptive Info,Character,35,Sort Name (Secondary name),Secondary organization name
GEN,GEN,BMF-2015-07-501CX-NONPROFIT-PX,2015-07,Other Descriptive Info,Character,4,Group Exemption Number,Group Exemption Number
LEVEL1,LEVEL1,BMF-2015-07-501CX-NONPROFIT-PX,2015-07,Other Classification,Character,4,Public charity or priv. fndn?,Public charity or private foundation?
LEVEL2,LEVEL2,BMF-2015-07-501CX-NONPROFIT-PX,2015-07,Other Classification,Character,4,Reporting public charity group,Reporting public charity groups.
level3,LEVEL3,BMF-2015-07-501CX-NONPROFIT-PX,2015-07,Other Classification,Character,4,Major NTEE category,Major NTEE category
level4,LEVEL4,BMF-2015-07-501CX-NONPROFIT-PX,2015-07,Other Classification,Character,4,NTEE-CC Major Group,NTEE-CC Major Group
NAICS,NAICS,BMF-2015-07-501CX-NONPROFIT-PX,2015-07,Other Classification,Character,6,NAICS,NAICS Code
randnum,RANDNUM,BMF-2015-07-501CX-NONPROFIT-PX,2015-07,Miscellaneous,Numeric,6,Random number between 0 and 1,Random number between 0 and 1 used for creating samples
ACCPER,ACCPER,BMF-2015-07-501CX-NONPROFIT-PX,2015-07,Miscellaneous,Character,2,Accounting period (MM),Accounting period
EIN,EIN,BMF-2015-09-501CX-NONPROFIT-PX,2015-09,Basic Info,Character,9,Employer Identification Number,Employer identification number.
NAME,NAME,BMF-2015-09-501CX-NONPROFIT-PX,2015-09,Basic Info,Character,60,Name of organization,Organization name.
STATE,STATE,BMF-2015-09-501CX-NONPROFIT-PX,2015-09,Basic Info,Character,2,State,Two-letter state abbreviation.
NTEE1,NTEE1,BMF-2015-09-501CX-NONPROFIT-PX,2015-09,Basic Info,Character,2,NTEE major group,NTEE major group (A-Z)
NTEECC,NTEECC,BMF-2015-09-501CX-NONPROFIT-PX,2015-09,Basic Info,Character,4,NTEECC primary purpose,NTEECC classification
CITY,CITY,BMF-2015-09-501CX-NONPROFIT-PX,2015-09,Basic Info,Character,22,City,City
zip5,ZIP5,BMF-2015-09-501CX-NONPROFIT-PX,2015-09,Basic Info,Character,5,"Zip code, 5 digits",First 5 digits of zip code
FIPS,FIPS,BMF-2015-09-501CX-NONPROFIT-PX,2015-09,Basic Info,Character,5,State + County FIPS code,2-digit State + 3-digit County FIPS code (Federal Information Processing Standard). See also U.S. Census Bureau State & County QuickFacts .
MSA_NECH,MSA_NECH,BMF-2015-09-501CX-NONPROFIT-PX,2015-09,Basic Info,Character,4,Metropolitan Statistical Area,Metropolitan Statistical Area (NCCS file) ( list )
PMSA,PMSA,BMF-2015-09-501CX-NONPROFIT-PX,2015-09,Basic Info,Character,4,Primary MSA,Primary Metropolitan Statistical Area
TAXPER,TAXPER,BMF-2015-09-501CX-NONPROFIT-PX,2015-09,Basic Info,Character,20,Ending date for tax period,"Ending date for tax period of financial data. Core files for 1997 on are in ""yyyymm"" format (199412=Dec. 1994). Earlier years use 2-digit year (""9412"")."
outnccs,OUTNCCS,BMF-2015-09-501CX-NONPROFIT-PX,2015-09,Basic Info,Character,20,Out of Scope flag,Out-of-scope (IN/OUT) (see OUTREAS doc. for details)
OUTREAS,OUTREAS,BMF-2015-09-501CX-NONPROFIT-PX,2015-09,Basic Info,Character,20,Reason why out of scope,Reason why out of scope
Filer,FILER,BMF-2015-09-501CX-NONPROFIT-PX,2015-09,Basic Info,Character,20,990 filing w/n 2 years? (Y/N),"Filed 990 return (Form 990, Form 990-EZ, Form 990-PF, or Form 990-N) within 24 months of BMF file? (Y/N)"
ZFILER,ZFILER,BMF-2015-09-501CX-NONPROFIT-PX,2015-09,Basic Info,Character,20,990 filing $0 inc/assets w/n 2 years? (Y/N),"Filed 990 return with zero income and assets within 24 months of BMF file? (Y/N) - Beginning 2008, over 95% of 'zero filers' (ZFiler=Y) filed Form 990-N (e-Postcard) for tax years ending on or after December 31, 2007."
SUBSECCD,SUBSECCD,BMF-2015-09-501CX-NONPROFIT-PX,2015-09,Classification,Character,20,Subsection code,"IRS subsection code (03=501(c)(3), etc.)"
ntmaj5,NTMAJ5,BMF-2015-09-501CX-NONPROFIT-PX,2015-09,Classification,Character,20,Major subsector,Major subsector (5)
ntmaj10,NTMAJ10,BMF-2015-09-501CX-NONPROFIT-PX,2015-09,Classification,Character,20,NTEE major group (10),10 NTEE major groups
ntmaj12,NTMAJ12,BMF-2015-09-501CX-NONPROFIT-PX,2015-09,Classification,Character,20,NTEE major group (12),12 NTEE major groups: ntmaj10 plus higher education (BH) and hospitals (EH)
NTEEconf,NTEECONF,BMF-2015-09-501CX-NONPROFIT-PX,2015-09,Classification,Character,1,NTEE confidence rating,NTEE classification confidence rating (A/B/C)
MAJGRPB,MAJGRPB,BMF-2015-09-501CX-NONPROFIT-PX,2015-09,Classification,Character,1,Major NTEE group,Major NTEE group plus hospitals and higher education
INCOME,INCOME,BMF-2015-09-501CX-NONPROFIT-PX,2015-09,Financial Info,Numeric,1,Gross receipts,Gross receipts from most recently filed Form 990
ASSETS,ASSETS,BMF-2015-09-501CX-NONPROFIT-PX,2015-09,Financial Info,Numeric,1,"Total assets, end of year",Total assets (end of year) from most recent Form 990
cFiler,CFILER,BMF-2015-09-501CX-NONPROFIT-PX,2015-09,NCCS Financial Info,Character,1,990 filing w/n 2 years? (Y/N),Filed 990 return within 24 months of BMF file date? (Y/N)
czFiler,CZFILER,BMF-2015-09-501CX-NONPROFIT-PX,2015-09,NCCS Financial Info,Character,1,990 filing $0 inc/assets w/n 2 years? (Y/N),"Filed 990 return with zero income and assets within 24 months of BMF file? (Y/N) - Beginning 2008, over 95% of 'zero filers' (cZFiler=Y) filed Form 990-N (e-Postcard) for tax years ending on or after December 31, 2007."
cTaxPer,CTAXPER,BMF-2015-09-501CX-NONPROFIT-PX,2015-09,NCCS Financial Info,Character,6,Ending date for tax period,Ending date for tax period of NCCS financial data in yyyymm format.
cTotRev,CTOTREV,BMF-2015-09-501CX-NONPROFIT-PX,2015-09,NCCS Financial Info,Numeric,6,Total Revenue,"Total Revenue from most recent Form 990 (Part I, line 12 on Form 990; Part I, line 9 on Form 990-EZ; or Part I, line 12(a) on Form 990-PF)"
cAssets,CASSETS,BMF-2015-09-501CX-NONPROFIT-PX,2015-09,NCCS Financial Info,Numeric,6,"Total Assets, BV End of Year","Total Assets (Book Value at end of year) from most recent Form 990 (Part IV, line 59(B) on Form 990; Part II, line 25(B) on Form 990-EZ; or Part II, line 16(b) on Form 990-PF)"
cFinSrc,CFINSRC,BMF-2015-09-501CX-NONPROFIT-PX,2015-09,NCCS Financial Info,Character,10,Source of NCCS Financial Data,Source of financial data added by NCCS (primarily the most recent Form 990 filing as of BMF date from NCCS Core files)
RULEDATE,RULEDATE,BMF-2015-09-501CX-NONPROFIT-PX,2015-09,Other Descriptive Info,Character,6,Ruling date (YYYYMM) from IRS,Ruling date: year and month of IRS ruling or determination letter recognizing orgs exempt status (YYYYMM)
FNDNCD,FNDNCD,BMF-2015-09-501CX-NONPROFIT-PX,2015-09,Other Descriptive Info,Character,6,Reason for 501(c)(3) status,"Reason for & type of 501(c)(3) exempt status including codes for operating and grantmaking foundations, and broad type of public charity"
FRCD,FRCD,BMF-2015-09-501CX-NONPROFIT-PX,2015-09,Other Descriptive Info,Character,6,Filing Requirement Code,Filing requirements code. The 1st 2 characters indicate the requirements for 990/990-EZ forms. The 3rd character = 1 if a 990-PF is required or 0 if not.
SEC_NAME,SEC_NAME,BMF-2015-09-501CX-NONPROFIT-PX,2015-09,Other Descriptive Info,Character,35,Sort Name (Secondary name),Secondary organization name
GEN,GEN,BMF-2015-09-501CX-NONPROFIT-PX,2015-09,Other Descriptive Info,Character,4,Group Exemption Number,Group Exemption Number
LEVEL1,LEVEL1,BMF-2015-09-501CX-NONPROFIT-PX,2015-09,Other Classification,Character,4,Public charity or priv. fndn?,Public charity or private foundation?
LEVEL2,LEVEL2,BMF-2015-09-501CX-NONPROFIT-PX,2015-09,Other Classification,Character,4,Reporting public charity group,Reporting public charity groups.
level3,LEVEL3,BMF-2015-09-501CX-NONPROFIT-PX,2015-09,Other Classification,Character,4,Major NTEE category,Major NTEE category
level4,LEVEL4,BMF-2015-09-501CX-NONPROFIT-PX,2015-09,Other Classification,Character,4,NTEE-CC Major Group,NTEE-CC Major Group
NAICS,NAICS,BMF-2015-09-501CX-NONPROFIT-PX,2015-09,Other Classification,Character,6,NAICS,NAICS Code
ACCPER,ACCPER,BMF-2015-09-501CX-NONPROFIT-PX,2015-09,Miscellaneous,Character,2,Accounting period (MM),Accounting period
randnum,RANDNUM,BMF-2015-09-501CX-NONPROFIT-PX,2015-09,Miscellaneous,Numeric,2,Random number between 0 and 1,Random number between 0 and 1 used for creating samples
EIN,EIN,BMF-2015-11-501CX-NONPROFIT-PX,2015-11,Basic Info,Character,9,Employer Identification Number,Employer identification number.
NAME,NAME,BMF-2015-11-501CX-NONPROFIT-PX,2015-11,Basic Info,Character,60,Name of organization,Organization name.
STATE,STATE,BMF-2015-11-501CX-NONPROFIT-PX,2015-11,Basic Info,Character,2,State,Two-letter state abbreviation.
NTEE1,NTEE1,BMF-2015-11-501CX-NONPROFIT-PX,2015-11,Basic Info,Character,2,NTEE major group,NTEE major group (A-Z)
NTEECC,NTEECC,BMF-2015-11-501CX-NONPROFIT-PX,2015-11,Basic Info,Character,4,NTEECC primary purpose,NTEECC classification
CITY,CITY,BMF-2015-11-501CX-NONPROFIT-PX,2015-11,Basic Info,Character,22,City,City
zip5,ZIP5,BMF-2015-11-501CX-NONPROFIT-PX,2015-11,Basic Info,Character,5,"Zip code, 5 digits",First 5 digits of zip code
FIPS,FIPS,BMF-2015-11-501CX-NONPROFIT-PX,2015-11,Basic Info,Character,5,State + County FIPS code,2-digit State + 3-digit County FIPS code (Federal Information Processing Standard). See also U.S. Census Bureau State & County QuickFacts .
MSA_NECH,MSA_NECH,BMF-2015-11-501CX-NONPROFIT-PX,2015-11,Basic Info,Character,4,Metropolitan Statistical Area,Metropolitan Statistical Area (NCCS file) ( list )
PMSA,PMSA,BMF-2015-11-501CX-NONPROFIT-PX,2015-11,Basic Info,Character,4,Primary MSA,Primary Metropolitan Statistical Area
TAXPER,TAXPER,BMF-2015-11-501CX-NONPROFIT-PX,2015-11,Basic Info,Character,20,Ending date for tax period,"Ending date for tax period of financial data. Core files for 1997 on are in ""yyyymm"" format (199412=Dec. 1994). Earlier years use 2-digit year (""9412"")."
outnccs,OUTNCCS,BMF-2015-11-501CX-NONPROFIT-PX,2015-11,Basic Info,Character,20,Out of Scope flag,Out-of-scope (IN/OUT) (see OUTREAS doc. for details)
OUTREAS,OUTREAS,BMF-2015-11-501CX-NONPROFIT-PX,2015-11,Basic Info,Character,20,Reason why out of scope,Reason why out of scope
Filer,FILER,BMF-2015-11-501CX-NONPROFIT-PX,2015-11,Basic Info,Character,20,990 filing w/n 2 years? (Y/N),"Filed 990 return (Form 990, Form 990-EZ, Form 990-PF, or Form 990-N) within 24 months of BMF file? (Y/N)"
ZFILER,ZFILER,BMF-2015-11-501CX-NONPROFIT-PX,2015-11,Basic Info,Character,20,990 filing $0 inc/assets w/n 2 years? (Y/N),"Filed 990 return with zero income and assets within 24 months of BMF file? (Y/N) - Beginning 2008, over 95% of 'zero filers' (ZFiler=Y) filed Form 990-N (e-Postcard) for tax years ending on or after December 31, 2007."
SUBSECCD,SUBSECCD,BMF-2015-11-501CX-NONPROFIT-PX,2015-11,Classification,Character,20,Subsection code,"IRS subsection code (03=501(c)(3), etc.)"
ntmaj5,NTMAJ5,BMF-2015-11-501CX-NONPROFIT-PX,2015-11,Classification,Character,20,Major subsector,Major subsector (5)
ntmaj10,NTMAJ10,BMF-2015-11-501CX-NONPROFIT-PX,2015-11,Classification,Character,20,NTEE major group (10),10 NTEE major groups
ntmaj12,NTMAJ12,BMF-2015-11-501CX-NONPROFIT-PX,2015-11,Classification,Character,20,NTEE major group (12),12 NTEE major groups: ntmaj10 plus higher education (BH) and hospitals (EH)
NTEEconf,NTEECONF,BMF-2015-11-501CX-NONPROFIT-PX,2015-11,Classification,Character,1,NTEE confidence rating,NTEE classification confidence rating (A/B/C)
MAJGRPB,MAJGRPB,BMF-2015-11-501CX-NONPROFIT-PX,2015-11,Classification,Character,1,Major NTEE group,Major NTEE group plus hospitals and higher education
INCOME,INCOME,BMF-2015-11-501CX-NONPROFIT-PX,2015-11,Financial Info,Numeric,1,Gross receipts,Gross receipts from most recently filed Form 990
ASSETS,ASSETS,BMF-2015-11-501CX-NONPROFIT-PX,2015-11,Financial Info,Numeric,1,"Total assets, end of year",Total assets (end of year) from most recent Form 990
cFiler,CFILER,BMF-2015-11-501CX-NONPROFIT-PX,2015-11,NCCS Financial Info,Character,1,990 filing w/n 2 years? (Y/N),Filed 990 return within 24 months of BMF file date? (Y/N)
czFiler,CZFILER,BMF-2015-11-501CX-NONPROFIT-PX,2015-11,NCCS Financial Info,Character,1,990 filing $0 inc/assets w/n 2 years? (Y/N),"Filed 990 return with zero income and assets within 24 months of BMF file? (Y/N) - Beginning 2008, over 95% of 'zero filers' (cZFiler=Y) filed Form 990-N (e-Postcard) for tax years ending on or after December 31, 2007."
cTaxPer,CTAXPER,BMF-2015-11-501CX-NONPROFIT-PX,2015-11,NCCS Financial Info,Character,6,Ending date for tax period,Ending date for tax period of NCCS financial data in yyyymm format.
cTotRev,CTOTREV,BMF-2015-11-501CX-NONPROFIT-PX,2015-11,NCCS Financial Info,Numeric,6,Total Revenue,"Total Revenue from most recent Form 990 (Part I, line 12 on Form 990; Part I, line 9 on Form 990-EZ; or Part I, line 12(a) on Form 990-PF)"
cAssets,CASSETS,BMF-2015-11-501CX-NONPROFIT-PX,2015-11,NCCS Financial Info,Numeric,6,"Total Assets, BV End of Year","Total Assets (Book Value at end of year) from most recent Form 990 (Part IV, line 59(B) on Form 990; Part II, line 25(B) on Form 990-EZ; or Part II, line 16(b) on Form 990-PF)"
cFinSrc,CFINSRC,BMF-2015-11-501CX-NONPROFIT-PX,2015-11,NCCS Financial Info,Character,10,Source of NCCS Financial Data,Source of financial data added by NCCS (primarily the most recent Form 990 filing as of BMF date from NCCS Core files)
RULEDATE,RULEDATE,BMF-2015-11-501CX-NONPROFIT-PX,2015-11,Other Descriptive Info,Character,6,Ruling date (YYYYMM) from IRS,Ruling date: year and month of IRS ruling or determination letter recognizing orgs exempt status (YYYYMM)
FNDNCD,FNDNCD,BMF-2015-11-501CX-NONPROFIT-PX,2015-11,Other Descriptive Info,Character,6,Reason for 501(c)(3) status,"Reason for & type of 501(c)(3) exempt status including codes for operating and grantmaking foundations, and broad type of public charity"
FRCD,FRCD,BMF-2015-11-501CX-NONPROFIT-PX,2015-11,Other Descriptive Info,Character,6,Filing Requirement Code,Filing requirements code. The 1st 2 characters indicate the requirements for 990/990-EZ forms. The 3rd character = 1 if a 990-PF is required or 0 if not.
SEC_NAME,SEC_NAME,BMF-2015-11-501CX-NONPROFIT-PX,2015-11,Other Descriptive Info,Character,35,Sort Name (Secondary name),Secondary organization name
GEN,GEN,BMF-2015-11-501CX-NONPROFIT-PX,2015-11,Other Descriptive Info,Character,4,Group Exemption Number,Group Exemption Number
LEVEL1,LEVEL1,BMF-2015-11-501CX-NONPROFIT-PX,2015-11,Other Classification,Character,4,Public charity or priv. fndn?,Public charity or private foundation?
LEVEL2,LEVEL2,BMF-2015-11-501CX-NONPROFIT-PX,2015-11,Other Classification,Character,4,Reporting public charity group,Reporting public charity groups.
level3,LEVEL3,BMF-2015-11-501CX-NONPROFIT-PX,2015-11,Other Classification,Character,4,Major NTEE category,Major NTEE category
level4,LEVEL4,BMF-2015-11-501CX-NONPROFIT-PX,2015-11,Other Classification,Character,4,NTEE-CC Major Group,NTEE-CC Major Group
NAICS,NAICS,BMF-2015-11-501CX-NONPROFIT-PX,2015-11,Other Classification,Character,6,NAICS,NAICS Code
ACCPER,ACCPER,BMF-2015-11-501CX-NONPROFIT-PX,2015-11,Miscellaneous,Character,2,Accounting period (MM),Accounting period
randnum,RANDNUM,BMF-2015-11-501CX-NONPROFIT-PX,2015-11,Miscellaneous,Numeric,2,Random number between 0 and 1,Random number between 0 and 1 used for creating samples
EIN,EIN,BMF-2015-12-501CX-NONPROFIT-PX,2015-12,Basic Info,Character,9,Employer Identification Number,Employer identification number.
NAME,NAME,BMF-2015-12-501CX-NONPROFIT-PX,2015-12,Basic Info,Character,60,Name of organization,Organization name.
STATE,STATE,BMF-2015-12-501CX-NONPROFIT-PX,2015-12,Basic Info,Character,2,State,Two-letter state abbreviation.
NTEE1,NTEE1,BMF-2015-12-501CX-NONPROFIT-PX,2015-12,Basic Info,Character,2,NTEE major group,NTEE major group (A-Z)
NTEECC,NTEECC,BMF-2015-12-501CX-NONPROFIT-PX,2015-12,Basic Info,Character,4,NTEECC primary purpose,NTEECC classification
CITY,CITY,BMF-2015-12-501CX-NONPROFIT-PX,2015-12,Basic Info,Character,22,City,City
zip5,ZIP5,BMF-2015-12-501CX-NONPROFIT-PX,2015-12,Basic Info,Character,5,"Zip code, 5 digits",First 5 digits of zip code
FIPS,FIPS,BMF-2015-12-501CX-NONPROFIT-PX,2015-12,Basic Info,Character,5,State + County FIPS code,2-digit State + 3-digit County FIPS code (Federal Information Processing Standard). See also U.S. Census Bureau State & County QuickFacts .
MSA_NECH,MSA_NECH,BMF-2015-12-501CX-NONPROFIT-PX,2015-12,Basic Info,Character,4,Metropolitan Statistical Area,Metropolitan Statistical Area (NCCS file) ( list )
PMSA,PMSA,BMF-2015-12-501CX-NONPROFIT-PX,2015-12,Basic Info,Character,4,Primary MSA,Primary Metropolitan Statistical Area
TAXPER,TAXPER,BMF-2015-12-501CX-NONPROFIT-PX,2015-12,Basic Info,Character,20,Ending date for tax period,"Ending date for tax period of financial data. Core files for 1997 on are in ""yyyymm"" format (199412=Dec. 1994). Earlier years use 2-digit year (""9412"")."
outnccs,OUTNCCS,BMF-2015-12-501CX-NONPROFIT-PX,2015-12,Basic Info,Character,20,Out of Scope flag,Out-of-scope (IN/OUT) (see OUTREAS doc. for details)
OUTREAS,OUTREAS,BMF-2015-12-501CX-NONPROFIT-PX,2015-12,Basic Info,Character,20,Reason why out of scope,Reason why out of scope
Filer,FILER,BMF-2015-12-501CX-NONPROFIT-PX,2015-12,Basic Info,Character,20,990 filing w/n 2 years? (Y/N),"Filed 990 return (Form 990, Form 990-EZ, Form 990-PF, or Form 990-N) within 24 months of BMF file? (Y/N)"
ZFILER,ZFILER,BMF-2015-12-501CX-NONPROFIT-PX,2015-12,Basic Info,Character,20,990 filing $0 inc/assets w/n 2 years? (Y/N),"Filed 990 return with zero income and assets within 24 months of BMF file? (Y/N) - Beginning 2008, over 95% of 'zero filers' (ZFiler=Y) filed Form 990-N (e-Postcard) for tax years ending on or after December 31, 2007."
SUBSECCD,SUBSECCD,BMF-2015-12-501CX-NONPROFIT-PX,2015-12,Classification,Character,20,Subsection code,"IRS subsection code (03=501(c)(3), etc.)"
ntmaj5,NTMAJ5,BMF-2015-12-501CX-NONPROFIT-PX,2015-12,Classification,Character,20,Major subsector,Major subsector (5)
ntmaj10,NTMAJ10,BMF-2015-12-501CX-NONPROFIT-PX,2015-12,Classification,Character,20,NTEE major group (10),10 NTEE major groups
ntmaj12,NTMAJ12,BMF-2015-12-501CX-NONPROFIT-PX,2015-12,Classification,Character,20,NTEE major group (12),12 NTEE major groups: ntmaj10 plus higher education (BH) and hospitals (EH)
NTEEconf,NTEECONF,BMF-2015-12-501CX-NONPROFIT-PX,2015-12,Classification,Character,1,NTEE confidence rating,NTEE classification confidence rating (A/B/C)
MAJGRPB,MAJGRPB,BMF-2015-12-501CX-NONPROFIT-PX,2015-12,Classification,Character,1,Major NTEE group,Major NTEE group plus hospitals and higher education
INCOME,INCOME,BMF-2015-12-501CX-NONPROFIT-PX,2015-12,Financial Info,Numeric,1,Gross receipts,Gross receipts from most recently filed Form 990
ASSETS,ASSETS,BMF-2015-12-501CX-NONPROFIT-PX,2015-12,Financial Info,Numeric,1,"Total assets, end of year",Total assets (end of year) from most recent Form 990
cFiler,CFILER,BMF-2015-12-501CX-NONPROFIT-PX,2015-12,NCCS Financial Info,Character,1,990 filing w/n 2 years? (Y/N),Filed 990 return within 24 months of BMF file date? (Y/N)
czFiler,CZFILER,BMF-2015-12-501CX-NONPROFIT-PX,2015-12,NCCS Financial Info,Character,1,990 filing $0 inc/assets w/n 2 years? (Y/N),"Filed 990 return with zero income and assets within 24 months of BMF file? (Y/N) - Beginning 2008, over 95% of 'zero filers' (cZFiler=Y) filed Form 990-N (e-Postcard) for tax years ending on or after December 31, 2007."
cTaxPer,CTAXPER,BMF-2015-12-501CX-NONPROFIT-PX,2015-12,NCCS Financial Info,Character,6,Ending date for tax period,Ending date for tax period of NCCS financial data in yyyymm format.
cTotRev,CTOTREV,BMF-2015-12-501CX-NONPROFIT-PX,2015-12,NCCS Financial Info,Numeric,6,Total Revenue,"Total Revenue from most recent Form 990 (Part I, line 12 on Form 990; Part I, line 9 on Form 990-EZ; or Part I, line 12(a) on Form 990-PF)"
cAssets,CASSETS,BMF-2015-12-501CX-NONPROFIT-PX,2015-12,NCCS Financial Info,Numeric,6,"Total Assets, BV End of Year","Total Assets (Book Value at end of year) from most recent Form 990 (Part IV, line 59(B) on Form 990; Part II, line 25(B) on Form 990-EZ; or Part II, line 16(b) on Form 990-PF)"
cFinSrc,CFINSRC,BMF-2015-12-501CX-NONPROFIT-PX,2015-12,NCCS Financial Info,Character,10,Source of NCCS Financial Data,Source of financial data added by NCCS (primarily the most recent Form 990 filing as of BMF date from NCCS Core files)
RULEDATE,RULEDATE,BMF-2015-12-501CX-NONPROFIT-PX,2015-12,Other Descriptive Info,Character,6,Ruling date (YYYYMM) from IRS,Ruling date: year and month of IRS ruling or determination letter recognizing orgs exempt status (YYYYMM)
FNDNCD,FNDNCD,BMF-2015-12-501CX-NONPROFIT-PX,2015-12,Other Descriptive Info,Character,6,Reason for 501(c)(3) status,"Reason for & type of 501(c)(3) exempt status including codes for operating and grantmaking foundations, and broad type of public charity"
FRCD,FRCD,BMF-2015-12-501CX-NONPROFIT-PX,2015-12,Other Descriptive Info,Character,6,Filing Requirement Code,Filing requirements code. The 1st 2 characters indicate the requirements for 990/990-EZ forms. The 3rd character = 1 if a 990-PF is required or 0 if not.
SEC_NAME,SEC_NAME,BMF-2015-12-501CX-NONPROFIT-PX,2015-12,Other Descriptive Info,Character,35,Sort Name (Secondary name),Secondary organization name
GEN,GEN,BMF-2015-12-501CX-NONPROFIT-PX,2015-12,Other Descriptive Info,Character,4,Group Exemption Number,Group Exemption Number
LEVEL1,LEVEL1,BMF-2015-12-501CX-NONPROFIT-PX,2015-12,Other Classification,Character,4,Public charity or priv. fndn?,Public charity or private foundation?
LEVEL2,LEVEL2,BMF-2015-12-501CX-NONPROFIT-PX,2015-12,Other Classification,Character,4,Reporting public charity group,Reporting public charity groups.
level3,LEVEL3,BMF-2015-12-501CX-NONPROFIT-PX,2015-12,Other Classification,Character,4,Major NTEE category,Major NTEE category
level4,LEVEL4,BMF-2015-12-501CX-NONPROFIT-PX,2015-12,Other Classification,Character,4,NTEE-CC Major Group,NTEE-CC Major Group
NAICS,NAICS,BMF-2015-12-501CX-NONPROFIT-PX,2015-12,Other Classification,Character,6,NAICS,NAICS Code
ACCPER,ACCPER,BMF-2015-12-501CX-NONPROFIT-PX,2015-12,Miscellaneous,Character,2,Accounting period (MM),Accounting period
randnum,RANDNUM,BMF-2015-12-501CX-NONPROFIT-PX,2015-12,Miscellaneous,Numeric,2,Random number between 0 and 1,Random number between 0 and 1 used for creating samples
EIN,EIN,BMF-2016-02-501CX-NONPROFIT-PX,2016-02,Basic Info,Character,9,Employer Identification Number,Employer identification number.
NAME,NAME,BMF-2016-02-501CX-NONPROFIT-PX,2016-02,Basic Info,Character,60,Name of organization,Organization name.
STATE,STATE,BMF-2016-02-501CX-NONPROFIT-PX,2016-02,Basic Info,Character,2,State,Two-letter state abbreviation.
NTEE1,NTEE1,BMF-2016-02-501CX-NONPROFIT-PX,2016-02,Basic Info,Character,2,NTEE major group,NTEE major group (A-Z)
NTEECC,NTEECC,BMF-2016-02-501CX-NONPROFIT-PX,2016-02,Basic Info,Character,4,NTEECC primary purpose,NTEECC classification
CITY,CITY,BMF-2016-02-501CX-NONPROFIT-PX,2016-02,Basic Info,Character,22,City,City
zip5,ZIP5,BMF-2016-02-501CX-NONPROFIT-PX,2016-02,Basic Info,Character,5,"Zip code, 5 digits",First 5 digits of zip code
FIPS,FIPS,BMF-2016-02-501CX-NONPROFIT-PX,2016-02,Basic Info,Character,5,State + County FIPS code,2-digit State + 3-digit County FIPS code (Federal Information Processing Standard). See also U.S. Census Bureau State & County QuickFacts .
MSA_NECH,MSA_NECH,BMF-2016-02-501CX-NONPROFIT-PX,2016-02,Basic Info,Character,4,Metropolitan Statistical Area,Metropolitan Statistical Area (NCCS file) ( list )
PMSA,PMSA,BMF-2016-02-501CX-NONPROFIT-PX,2016-02,Basic Info,Character,4,Primary MSA,Primary Metropolitan Statistical Area
TAXPER,TAXPER,BMF-2016-02-501CX-NONPROFIT-PX,2016-02,Basic Info,Character,20,Ending date for tax period,"Ending date for tax period of financial data. Core files for 1997 on are in ""yyyymm"" format (199412=Dec. 1994). Earlier years use 2-digit year (""9412"")."
outnccs,OUTNCCS,BMF-2016-02-501CX-NONPROFIT-PX,2016-02,Basic Info,Character,20,Out of Scope flag,Out-of-scope (IN/OUT) (see OUTREAS doc. for details)
OUTREAS,OUTREAS,BMF-2016-02-501CX-NONPROFIT-PX,2016-02,Basic Info,Character,20,Reason why out of scope,Reason why out of scope
Filer,FILER,BMF-2016-02-501CX-NONPROFIT-PX,2016-02,Basic Info,Character,20,990 filing w/n 2 years? (Y/N),"Filed 990 return (Form 990, Form 990-EZ, Form 990-PF, or Form 990-N) within 24 months of BMF file? (Y/N)"
ZFILER,ZFILER,BMF-2016-02-501CX-NONPROFIT-PX,2016-02,Basic Info,Character,20,990 filing $0 inc/assets w/n 2 years? (Y/N),"Filed 990 return with zero income and assets within 24 months of BMF file? (Y/N) - Beginning 2008, over 95% of 'zero filers' (ZFiler=Y) filed Form 990-N (e-Postcard) for tax years ending on or after December 31, 2007."
SUBSECCD,SUBSECCD,BMF-2016-02-501CX-NONPROFIT-PX,2016-02,Classification,Character,20,Subsection code,"IRS subsection code (03=501(c)(3), etc.)"
ntmaj5,NTMAJ5,BMF-2016-02-501CX-NONPROFIT-PX,2016-02,Classification,Character,20,Major subsector,Major subsector (5)
ntmaj10,NTMAJ10,BMF-2016-02-501CX-NONPROFIT-PX,2016-02,Classification,Character,20,NTEE major group (10),10 NTEE major groups
ntmaj12,NTMAJ12,BMF-2016-02-501CX-NONPROFIT-PX,2016-02,Classification,Character,20,NTEE major group (12),12 NTEE major groups: ntmaj10 plus higher education (BH) and hospitals (EH)
NTEEconf,NTEECONF,BMF-2016-02-501CX-NONPROFIT-PX,2016-02,Classification,Character,1,NTEE confidence rating,NTEE classification confidence rating (A/B/C)
MAJGRPB,MAJGRPB,BMF-2016-02-501CX-NONPROFIT-PX,2016-02,Classification,Character,1,Major NTEE group,Major NTEE group plus hospitals and higher education
INCOME,INCOME,BMF-2016-02-501CX-NONPROFIT-PX,2016-02,Financial Info,Numeric,1,Gross receipts,Gross receipts from most recently filed Form 990
ASSETS,ASSETS,BMF-2016-02-501CX-NONPROFIT-PX,2016-02,Financial Info,Numeric,1,"Total assets, end of year",Total assets (end of year) from most recent Form 990
cFiler,CFILER,BMF-2016-02-501CX-NONPROFIT-PX,2016-02,NCCS Financial Info,Character,1,990 filing w/n 2 years? (Y/N),Filed 990 return within 24 months of BMF file date? (Y/N)
czFiler,CZFILER,BMF-2016-02-501CX-NONPROFIT-PX,2016-02,NCCS Financial Info,Character,1,990 filing $0 inc/assets w/n 2 years? (Y/N),"Filed 990 return with zero income and assets within 24 months of BMF file? (Y/N) - Beginning 2008, over 95% of 'zero filers' (cZFiler=Y) filed Form 990-N (e-Postcard) for tax years ending on or after December 31, 2007."
cTaxPer,CTAXPER,BMF-2016-02-501CX-NONPROFIT-PX,2016-02,NCCS Financial Info,Character,6,Ending date for tax period,Ending date for tax period of NCCS financial data in yyyymm format.
cTotRev,CTOTREV,BMF-2016-02-501CX-NONPROFIT-PX,2016-02,NCCS Financial Info,Numeric,6,Total Revenue,"Total Revenue from most recent Form 990 (Part I, line 12 on Form 990; Part I, line 9 on Form 990-EZ; or Part I, line 12(a) on Form 990-PF)"
cAssets,CASSETS,BMF-2016-02-501CX-NONPROFIT-PX,2016-02,NCCS Financial Info,Numeric,6,"Total Assets, BV End of Year","Total Assets (Book Value at end of year) from most recent Form 990 (Part IV, line 59(B) on Form 990; Part II, line 25(B) on Form 990-EZ; or Part II, line 16(b) on Form 990-PF)"
cFinSrc,CFINSRC,BMF-2016-02-501CX-NONPROFIT-PX,2016-02,NCCS Financial Info,Character,10,Source of NCCS Financial Data,Source of financial data added by NCCS (primarily the most recent Form 990 filing as of BMF date from NCCS Core files)
RULEDATE,RULEDATE,BMF-2016-02-501CX-NONPROFIT-PX,2016-02,Other Descriptive Info,Character,6,Ruling date (YYYYMM) from IRS,Ruling date: year and month of IRS ruling or determination letter recognizing orgs exempt status (YYYYMM)
FNDNCD,FNDNCD,BMF-2016-02-501CX-NONPROFIT-PX,2016-02,Other Descriptive Info,Character,6,Reason for 501(c)(3) status,"Reason for & type of 501(c)(3) exempt status including codes for operating and grantmaking foundations, and broad type of public charity"
FRCD,FRCD,BMF-2016-02-501CX-NONPROFIT-PX,2016-02,Other Descriptive Info,Character,6,Filing Requirement Code,Filing requirements code. The 1st 2 characters indicate the requirements for 990/990-EZ forms. The 3rd character = 1 if a 990-PF is required or 0 if not.
SEC_NAME,SEC_NAME,BMF-2016-02-501CX-NONPROFIT-PX,2016-02,Other Descriptive Info,Character,35,Sort Name (Secondary name),Secondary organization name
GEN,GEN,BMF-2016-02-501CX-NONPROFIT-PX,2016-02,Other Descriptive Info,Character,4,Group Exemption Number,Group Exemption Number
LEVEL1,LEVEL1,BMF-2016-02-501CX-NONPROFIT-PX,2016-02,Other Classification,Character,4,Public charity or priv. fndn?,Public charity or private foundation?
LEVEL2,LEVEL2,BMF-2016-02-501CX-NONPROFIT-PX,2016-02,Other Classification,Character,4,Reporting public charity group,Reporting public charity groups.
level3,LEVEL3,BMF-2016-02-501CX-NONPROFIT-PX,2016-02,Other Classification,Character,4,Major NTEE category,Major NTEE category
level4,LEVEL4,BMF-2016-02-501CX-NONPROFIT-PX,2016-02,Other Classification,Character,4,NTEE-CC Major Group,NTEE-CC Major Group
NAICS,NAICS,BMF-2016-02-501CX-NONPROFIT-PX,2016-02,Other Classification,Character,6,NAICS,NAICS Code
ACCPER,ACCPER,BMF-2016-02-501CX-NONPROFIT-PX,2016-02,Miscellaneous,Character,2,Accounting period (MM),Accounting period
randnum,RANDNUM,BMF-2016-02-501CX-NONPROFIT-PX,2016-02,Miscellaneous,Numeric,2,Random number between 0 and 1,Random number between 0 and 1 used for creating samples
EIN,EIN,BMF-2016-03-501CX-NONPROFIT-PX,2016-03,Basic Info,Character,9,Employer Identification Number,Employer identification number.
NAME,NAME,BMF-2016-03-501CX-NONPROFIT-PX,2016-03,Basic Info,Character,60,Name of organization,Organization name.
STATE,STATE,BMF-2016-03-501CX-NONPROFIT-PX,2016-03,Basic Info,Character,2,State,Two-letter state abbreviation.
NTEE1,NTEE1,BMF-2016-03-501CX-NONPROFIT-PX,2016-03,Basic Info,Character,2,NTEE major group,NTEE major group (A-Z)
NTEECC,NTEECC,BMF-2016-03-501CX-NONPROFIT-PX,2016-03,Basic Info,Character,4,NTEECC primary purpose,NTEECC classification
CITY,CITY,BMF-2016-03-501CX-NONPROFIT-PX,2016-03,Basic Info,Character,22,City,City
zip5,ZIP5,BMF-2016-03-501CX-NONPROFIT-PX,2016-03,Basic Info,Character,5,"Zip code, 5 digits",First 5 digits of zip code
FIPS,FIPS,BMF-2016-03-501CX-NONPROFIT-PX,2016-03,Basic Info,Character,5,State + County FIPS code,2-digit State + 3-digit County FIPS code (Federal Information Processing Standard). See also U.S. Census Bureau State & County QuickFacts .
MSA_NECH,MSA_NECH,BMF-2016-03-501CX-NONPROFIT-PX,2016-03,Basic Info,Character,4,Metropolitan Statistical Area,Metropolitan Statistical Area (NCCS file) ( list )
PMSA,PMSA,BMF-2016-03-501CX-NONPROFIT-PX,2016-03,Basic Info,Character,4,Primary MSA,Primary Metropolitan Statistical Area
TAXPER,TAXPER,BMF-2016-03-501CX-NONPROFIT-PX,2016-03,Basic Info,Character,20,Ending date for tax period,"Ending date for tax period of financial data. Core files for 1997 on are in ""yyyymm"" format (199412=Dec. 1994). Earlier years use 2-digit year (""9412"")."
outnccs,OUTNCCS,BMF-2016-03-501CX-NONPROFIT-PX,2016-03,Basic Info,Character,20,Out of Scope flag,Out-of-scope (IN/OUT) (see OUTREAS doc. for details)
OUTREAS,OUTREAS,BMF-2016-03-501CX-NONPROFIT-PX,2016-03,Basic Info,Character,20,Reason why out of scope,Reason why out of scope
Filer,FILER,BMF-2016-03-501CX-NONPROFIT-PX,2016-03,Basic Info,Character,20,990 filing w/n 2 years? (Y/N),"Filed 990 return (Form 990, Form 990-EZ, Form 990-PF, or Form 990-N) within 24 months of BMF file? (Y/N)"
ZFILER,ZFILER,BMF-2016-03-501CX-NONPROFIT-PX,2016-03,Basic Info,Character,20,990 filing $0 inc/assets w/n 2 years? (Y/N),"Filed 990 return with zero income and assets within 24 months of BMF file? (Y/N) - Beginning 2008, over 95% of 'zero filers' (ZFiler=Y) filed Form 990-N (e-Postcard) for tax years ending on or after December 31, 2007."
SUBSECCD,SUBSECCD,BMF-2016-03-501CX-NONPROFIT-PX,2016-03,Classification,Character,20,Subsection code,"IRS subsection code (03=501(c)(3), etc.)"
ntmaj5,NTMAJ5,BMF-2016-03-501CX-NONPROFIT-PX,2016-03,Classification,Character,20,Major subsector,Major subsector (5)
ntmaj10,NTMAJ10,BMF-2016-03-501CX-NONPROFIT-PX,2016-03,Classification,Character,20,NTEE major group (10),10 NTEE major groups
ntmaj12,NTMAJ12,BMF-2016-03-501CX-NONPROFIT-PX,2016-03,Classification,Character,20,NTEE major group (12),12 NTEE major groups: ntmaj10 plus higher education (BH) and hospitals (EH)
NTEEconf,NTEECONF,BMF-2016-03-501CX-NONPROFIT-PX,2016-03,Classification,Character,1,NTEE confidence rating,NTEE classification confidence rating (A/B/C)
MAJGRPB,MAJGRPB,BMF-2016-03-501CX-NONPROFIT-PX,2016-03,Classification,Character,1,Major NTEE group,Major NTEE group plus hospitals and higher education
INCOME,INCOME,BMF-2016-03-501CX-NONPROFIT-PX,2016-03,Financial Info,Numeric,1,Gross receipts,Gross receipts from most recently filed Form 990
ASSETS,ASSETS,BMF-2016-03-501CX-NONPROFIT-PX,2016-03,Financial Info,Numeric,1,"Total assets, end of year",Total assets (end of year) from most recent Form 990
cFiler,CFILER,BMF-2016-03-501CX-NONPROFIT-PX,2016-03,NCCS Financial Info,Character,1,990 filing w/n 2 years? (Y/N),Filed 990 return within 24 months of BMF file date? (Y/N)
czFiler,CZFILER,BMF-2016-03-501CX-NONPROFIT-PX,2016-03,NCCS Financial Info,Character,1,990 filing $0 inc/assets w/n 2 years? (Y/N),"Filed 990 return with zero income and assets within 24 months of BMF file? (Y/N) - Beginning 2008, over 95% of 'zero filers' (cZFiler=Y) filed Form 990-N (e-Postcard) for tax years ending on or after December 31, 2007."
cTaxPer,CTAXPER,BMF-2016-03-501CX-NONPROFIT-PX,2016-03,NCCS Financial Info,Character,6,Ending date for tax period,Ending date for tax period of NCCS financial data in yyyymm format.
cTotRev,CTOTREV,BMF-2016-03-501CX-NONPROFIT-PX,2016-03,NCCS Financial Info,Numeric,6,Total Revenue,"Total Revenue from most recent Form 990 (Part I, line 12 on Form 990; Part I, line 9 on Form 990-EZ; or Part I, line 12(a) on Form 990-PF)"
cAssets,CASSETS,BMF-2016-03-501CX-NONPROFIT-PX,2016-03,NCCS Financial Info,Numeric,6,"Total Assets, BV End of Year","Total Assets (Book Value at end of year) from most recent Form 990 (Part IV, line 59(B) on Form 990; Part II, line 25(B) on Form 990-EZ; or Part II, line 16(b) on Form 990-PF)"
cFinSrc,CFINSRC,BMF-2016-03-501CX-NONPROFIT-PX,2016-03,NCCS Financial Info,Character,10,Source of NCCS Financial Data,Source of financial data added by NCCS (primarily the most recent Form 990 filing as of BMF date from NCCS Core files)
RULEDATE,RULEDATE,BMF-2016-03-501CX-NONPROFIT-PX,2016-03,Other Descriptive Info,Character,6,Ruling date (YYYYMM) from IRS,Ruling date: year and month of IRS ruling or determination letter recognizing orgs exempt status (YYYYMM)
FNDNCD,FNDNCD,BMF-2016-03-501CX-NONPROFIT-PX,2016-03,Other Descriptive Info,Character,6,Reason for 501(c)(3) status,"Reason for & type of 501(c)(3) exempt status including codes for operating and grantmaking foundations, and broad type of public charity"
FRCD,FRCD,BMF-2016-03-501CX-NONPROFIT-PX,2016-03,Other Descriptive Info,Character,6,Filing Requirement Code,Filing requirements code. The 1st 2 characters indicate the requirements for 990/990-EZ forms. The 3rd character = 1 if a 990-PF is required or 0 if not.
SEC_NAME,SEC_NAME,BMF-2016-03-501CX-NONPROFIT-PX,2016-03,Other Descriptive Info,Character,35,Sort Name (Secondary name),Secondary organization name
GEN,GEN,BMF-2016-03-501CX-NONPROFIT-PX,2016-03,Other Descriptive Info,Character,4,Group Exemption Number,Group Exemption Number
LEVEL1,LEVEL1,BMF-2016-03-501CX-NONPROFIT-PX,2016-03,Other Classification,Character,4,Public charity or priv. fndn?,Public charity or private foundation?
LEVEL2,LEVEL2,BMF-2016-03-501CX-NONPROFIT-PX,2016-03,Other Classification,Character,4,Reporting public charity group,Reporting public charity groups.
level3,LEVEL3,BMF-2016-03-501CX-NONPROFIT-PX,2016-03,Other Classification,Character,4,Major NTEE category,Major NTEE category
level4,LEVEL4,BMF-2016-03-501CX-NONPROFIT-PX,2016-03,Other Classification,Character,4,NTEE-CC Major Group,NTEE-CC Major Group
NAICS,NAICS,BMF-2016-03-501CX-NONPROFIT-PX,2016-03,Other Classification,Character,6,NAICS,NAICS Code
ACCPER,ACCPER,BMF-2016-03-501CX-NONPROFIT-PX,2016-03,Miscellaneous,Character,2,Accounting period (MM),Accounting period
randnum,RANDNUM,BMF-2016-03-501CX-NONPROFIT-PX,2016-03,Miscellaneous,Numeric,2,Random number between 0 and 1,Random number between 0 and 1 used for creating samples
EIN,EIN,BMF-2016-04-501CX-NONPROFIT-PX,2016-04,Basic Info,Character,9,Employer Identification Number,Employer identification number.
NAME,NAME,BMF-2016-04-501CX-NONPROFIT-PX,2016-04,Basic Info,Character,60,Name of organization,Organization name.
STATE,STATE,BMF-2016-04-501CX-NONPROFIT-PX,2016-04,Basic Info,Character,2,State,Two-letter state abbreviation.
NTEE1,NTEE1,BMF-2016-04-501CX-NONPROFIT-PX,2016-04,Basic Info,Character,2,NTEE major group,NTEE major group (A-Z)
NTEECC,NTEECC,BMF-2016-04-501CX-NONPROFIT-PX,2016-04,Basic Info,Character,4,NTEECC primary purpose,NTEECC classification
CITY,CITY,BMF-2016-04-501CX-NONPROFIT-PX,2016-04,Basic Info,Character,22,City,City
zip5,ZIP5,BMF-2016-04-501CX-NONPROFIT-PX,2016-04,Basic Info,Character,5,"Zip code, 5 digits",First 5 digits of zip code
FIPS,FIPS,BMF-2016-04-501CX-NONPROFIT-PX,2016-04,Basic Info,Character,5,State + County FIPS code,2-digit State + 3-digit County FIPS code (Federal Information Processing Standard). See also U.S. Census Bureau State & County QuickFacts .
MSA_NECH,MSA_NECH,BMF-2016-04-501CX-NONPROFIT-PX,2016-04,Basic Info,Character,4,Metropolitan Statistical Area,Metropolitan Statistical Area (NCCS file) ( list )
PMSA,PMSA,BMF-2016-04-501CX-NONPROFIT-PX,2016-04,Basic Info,Character,4,Primary MSA,Primary Metropolitan Statistical Area
TAXPER,TAXPER,BMF-2016-04-501CX-NONPROFIT-PX,2016-04,Basic Info,Character,20,Ending date for tax period,"Ending date for tax period of financial data. Core files for 1997 on are in ""yyyymm"" format (199412=Dec. 1994). Earlier years use 2-digit year (""9412"")."
outnccs,OUTNCCS,BMF-2016-04-501CX-NONPROFIT-PX,2016-04,Basic Info,Character,20,Out of Scope flag,Out-of-scope (IN/OUT) (see OUTREAS doc. for details)
OUTREAS,OUTREAS,BMF-2016-04-501CX-NONPROFIT-PX,2016-04,Basic Info,Character,20,Reason why out of scope,Reason why out of scope
Filer,FILER,BMF-2016-04-501CX-NONPROFIT-PX,2016-04,Basic Info,Character,20,990 filing w/n 2 years? (Y/N),"Filed 990 return (Form 990, Form 990-EZ, Form 990-PF, or Form 990-N) within 24 months of BMF file? (Y/N)"
ZFILER,ZFILER,BMF-2016-04-501CX-NONPROFIT-PX,2016-04,Basic Info,Character,20,990 filing $0 inc/assets w/n 2 years? (Y/N),"Filed 990 return with zero income and assets within 24 months of BMF file? (Y/N) - Beginning 2008, over 95% of 'zero filers' (ZFiler=Y) filed Form 990-N (e-Postcard) for tax years ending on or after December 31, 2007."
SUBSECCD,SUBSECCD,BMF-2016-04-501CX-NONPROFIT-PX,2016-04,Classification,Character,20,Subsection code,"IRS subsection code (03=501(c)(3), etc.)"
ntmaj5,NTMAJ5,BMF-2016-04-501CX-NONPROFIT-PX,2016-04,Classification,Character,20,Major subsector,Major subsector (5)
ntmaj10,NTMAJ10,BMF-2016-04-501CX-NONPROFIT-PX,2016-04,Classification,Character,20,NTEE major group (10),10 NTEE major groups
ntmaj12,NTMAJ12,BMF-2016-04-501CX-NONPROFIT-PX,2016-04,Classification,Character,20,NTEE major group (12),12 NTEE major groups: ntmaj10 plus higher education (BH) and hospitals (EH)
NTEEconf,NTEECONF,BMF-2016-04-501CX-NONPROFIT-PX,2016-04,Classification,Character,1,NTEE confidence rating,NTEE classification confidence rating (A/B/C)
MAJGRPB,MAJGRPB,BMF-2016-04-501CX-NONPROFIT-PX,2016-04,Classification,Character,1,Major NTEE group,Major NTEE group plus hospitals and higher education
INCOME,INCOME,BMF-2016-04-501CX-NONPROFIT-PX,2016-04,Financial Info,Numeric,1,Gross receipts,Gross receipts from most recently filed Form 990
ASSETS,ASSETS,BMF-2016-04-501CX-NONPROFIT-PX,2016-04,Financial Info,Numeric,1,"Total assets, end of year",Total assets (end of year) from most recent Form 990
cFiler,CFILER,BMF-2016-04-501CX-NONPROFIT-PX,2016-04,NCCS Financial Info,Character,1,990 filing w/n 2 years? (Y/N),Filed 990 return within 24 months of BMF file date? (Y/N)
czFiler,CZFILER,BMF-2016-04-501CX-NONPROFIT-PX,2016-04,NCCS Financial Info,Character,1,990 filing $0 inc/assets w/n 2 years? (Y/N),"Filed 990 return with zero income and assets within 24 months of BMF file? (Y/N) - Beginning 2008, over 95% of 'zero filers' (cZFiler=Y) filed Form 990-N (e-Postcard) for tax years ending on or after December 31, 2007."
cTaxPer,CTAXPER,BMF-2016-04-501CX-NONPROFIT-PX,2016-04,NCCS Financial Info,Character,6,Ending date for tax period,Ending date for tax period of NCCS financial data in yyyymm format.
cTotRev,CTOTREV,BMF-2016-04-501CX-NONPROFIT-PX,2016-04,NCCS Financial Info,Numeric,6,Total Revenue,"Total Revenue from most recent Form 990 (Part I, line 12 on Form 990; Part I, line 9 on Form 990-EZ; or Part I, line 12(a) on Form 990-PF)"
cAssets,CASSETS,BMF-2016-04-501CX-NONPROFIT-PX,2016-04,NCCS Financial Info,Numeric,6,"Total Assets, BV End of Year","Total Assets (Book Value at end of year) from most recent Form 990 (Part IV, line 59(B) on Form 990; Part II, line 25(B) on Form 990-EZ; or Part II, line 16(b) on Form 990-PF)"
cFinSrc,CFINSRC,BMF-2016-04-501CX-NONPROFIT-PX,2016-04,NCCS Financial Info,Character,10,Source of NCCS Financial Data,Source of financial data added by NCCS (primarily the most recent Form 990 filing as of BMF date from NCCS Core files)
RULEDATE,RULEDATE,BMF-2016-04-501CX-NONPROFIT-PX,2016-04,Other Descriptive Info,Character,6,Ruling date (YYYYMM) from IRS,Ruling date: year and month of IRS ruling or determination letter recognizing orgs exempt status (YYYYMM)
FNDNCD,FNDNCD,BMF-2016-04-501CX-NONPROFIT-PX,2016-04,Other Descriptive Info,Character,6,Reason for 501(c)(3) status,"Reason for & type of 501(c)(3) exempt status including codes for operating and grantmaking foundations, and broad type of public charity"
FRCD,FRCD,BMF-2016-04-501CX-NONPROFIT-PX,2016-04,Other Descriptive Info,Character,6,Filing Requirement Code,Filing requirements code. The 1st 2 characters indicate the requirements for 990/990-EZ forms. The 3rd character = 1 if a 990-PF is required or 0 if not.
SEC_NAME,SEC_NAME,BMF-2016-04-501CX-NONPROFIT-PX,2016-04,Other Descriptive Info,Character,35,Sort Name (Secondary name),Secondary organization name
GEN,GEN,BMF-2016-04-501CX-NONPROFIT-PX,2016-04,Other Descriptive Info,Character,4,Group Exemption Number,Group Exemption Number
LEVEL1,LEVEL1,BMF-2016-04-501CX-NONPROFIT-PX,2016-04,Other Classification,Character,4,Public charity or priv. fndn?,Public charity or private foundation?
LEVEL2,LEVEL2,BMF-2016-04-501CX-NONPROFIT-PX,2016-04,Other Classification,Character,4,Reporting public charity group,Reporting public charity groups.
level3,LEVEL3,BMF-2016-04-501CX-NONPROFIT-PX,2016-04,Other Classification,Character,4,Major NTEE category,Major NTEE category
level4,LEVEL4,BMF-2016-04-501CX-NONPROFIT-PX,2016-04,Other Classification,Character,4,NTEE-CC Major Group,NTEE-CC Major Group
NAICS,NAICS,BMF-2016-04-501CX-NONPROFIT-PX,2016-04,Other Classification,Character,6,NAICS,NAICS Code
ACCPER,ACCPER,BMF-2016-04-501CX-NONPROFIT-PX,2016-04,Miscellaneous,Character,2,Accounting period (MM),Accounting period
randnum,RANDNUM,BMF-2016-04-501CX-NONPROFIT-PX,2016-04,Miscellaneous,Numeric,2,Random number between 0 and 1,Random number between 0 and 1 used for creating samples
EIN,EIN,BMF-2016-08-501CX-NONPROFIT-PX,2016-08,Basic Info,Character,9,Employer Identification Number,Employer identification number.
NAME,NAME,BMF-2016-08-501CX-NONPROFIT-PX,2016-08,Basic Info,Character,60,Name of organization,Organization name.
STATE,STATE,BMF-2016-08-501CX-NONPROFIT-PX,2016-08,Basic Info,Character,2,State,Two-letter state abbreviation.
NTEE1,NTEE1,BMF-2016-08-501CX-NONPROFIT-PX,2016-08,Basic Info,Character,2,NTEE major group,NTEE major group (A-Z)
NTEECC,NTEECC,BMF-2016-08-501CX-NONPROFIT-PX,2016-08,Basic Info,Character,4,NTEECC primary purpose,NTEECC classification
CITY,CITY,BMF-2016-08-501CX-NONPROFIT-PX,2016-08,Basic Info,Character,22,City,City
zip5,ZIP5,BMF-2016-08-501CX-NONPROFIT-PX,2016-08,Basic Info,Character,5,"Zip code, 5 digits",First 5 digits of zip code
FIPS,FIPS,BMF-2016-08-501CX-NONPROFIT-PX,2016-08,Basic Info,Character,5,State + County FIPS code,2-digit State + 3-digit County FIPS code (Federal Information Processing Standard). See also U.S. Census Bureau State & County QuickFacts .
MSA_NECH,MSA_NECH,BMF-2016-08-501CX-NONPROFIT-PX,2016-08,Basic Info,Character,4,Metropolitan Statistical Area,Metropolitan Statistical Area (NCCS file) ( list )
PMSA,PMSA,BMF-2016-08-501CX-NONPROFIT-PX,2016-08,Basic Info,Character,4,Primary MSA,Primary Metropolitan Statistical Area
TAXPER,TAXPER,BMF-2016-08-501CX-NONPROFIT-PX,2016-08,Basic Info,Character,20,Ending date for tax period,"Ending date for tax period of financial data. Core files for 1997 on are in ""yyyymm"" format (199412=Dec. 1994). Earlier years use 2-digit year (""9412"")."
outnccs,OUTNCCS,BMF-2016-08-501CX-NONPROFIT-PX,2016-08,Basic Info,Character,20,Out of Scope flag,Out-of-scope (IN/OUT) (see OUTREAS doc. for details)
OUTREAS,OUTREAS,BMF-2016-08-501CX-NONPROFIT-PX,2016-08,Basic Info,Character,20,Reason why out of scope,Reason why out of scope
Filer,FILER,BMF-2016-08-501CX-NONPROFIT-PX,2016-08,Basic Info,Character,20,990 filing w/n 2 years? (Y/N),"Filed 990 return (Form 990, Form 990-EZ, Form 990-PF, or Form 990-N) within 24 months of BMF file? (Y/N)"
ZFILER,ZFILER,BMF-2016-08-501CX-NONPROFIT-PX,2016-08,Basic Info,Character,20,990 filing $0 inc/assets w/n 2 years? (Y/N),"Filed 990 return with zero income and assets within 24 months of BMF file? (Y/N) - Beginning 2008, over 95% of 'zero filers' (ZFiler=Y) filed Form 990-N (e-Postcard) for tax years ending on or after December 31, 2007."
SUBSECCD,SUBSECCD,BMF-2016-08-501CX-NONPROFIT-PX,2016-08,Classification,Character,20,Subsection code,"IRS subsection code (03=501(c)(3), etc.)"
ntmaj5,NTMAJ5,BMF-2016-08-501CX-NONPROFIT-PX,2016-08,Classification,Character,20,Major subsector,Major subsector (5)
ntmaj10,NTMAJ10,BMF-2016-08-501CX-NONPROFIT-PX,2016-08,Classification,Character,20,NTEE major group (10),10 NTEE major groups
ntmaj12,NTMAJ12,BMF-2016-08-501CX-NONPROFIT-PX,2016-08,Classification,Character,20,NTEE major group (12),12 NTEE major groups: ntmaj10 plus higher education (BH) and hospitals (EH)
NTEEconf,NTEECONF,BMF-2016-08-501CX-NONPROFIT-PX,2016-08,Classification,Character,1,NTEE confidence rating,NTEE classification confidence rating (A/B/C)
MAJGRPB,MAJGRPB,BMF-2016-08-501CX-NONPROFIT-PX,2016-08,Classification,Character,1,Major NTEE group,Major NTEE group plus hospitals and higher education
INCOME,INCOME,BMF-2016-08-501CX-NONPROFIT-PX,2016-08,Financial Info,Numeric,1,Gross receipts,Gross receipts from most recently filed Form 990
ASSETS,ASSETS,BMF-2016-08-501CX-NONPROFIT-PX,2016-08,Financial Info,Numeric,1,"Total assets, end of year",Total assets (end of year) from most recent Form 990
cFiler,CFILER,BMF-2016-08-501CX-NONPROFIT-PX,2016-08,NCCS Financial Info,Character,1,990 filing w/n 2 years? (Y/N),Filed 990 return within 24 months of BMF file date? (Y/N)
czFiler,CZFILER,BMF-2016-08-501CX-NONPROFIT-PX,2016-08,NCCS Financial Info,Character,1,990 filing $0 inc/assets w/n 2 years? (Y/N),"Filed 990 return with zero income and assets within 24 months of BMF file? (Y/N) - Beginning 2008, over 95% of 'zero filers' (cZFiler=Y) filed Form 990-N (e-Postcard) for tax years ending on or after December 31, 2007."
cTaxPer,CTAXPER,BMF-2016-08-501CX-NONPROFIT-PX,2016-08,NCCS Financial Info,Character,6,Ending date for tax period,Ending date for tax period of NCCS financial data in yyyymm format.
cTotRev,CTOTREV,BMF-2016-08-501CX-NONPROFIT-PX,2016-08,NCCS Financial Info,Numeric,6,Total Revenue,"Total Revenue from most recent Form 990 (Part I, line 12 on Form 990; Part I, line 9 on Form 990-EZ; or Part I, line 12(a) on Form 990-PF)"
cAssets,CASSETS,BMF-2016-08-501CX-NONPROFIT-PX,2016-08,NCCS Financial Info,Numeric,6,"Total Assets, BV End of Year","Total Assets (Book Value at end of year) from most recent Form 990 (Part IV, line 59(B) on Form 990; Part II, line 25(B) on Form 990-EZ; or Part II, line 16(b) on Form 990-PF)"
cFinSrc,CFINSRC,BMF-2016-08-501CX-NONPROFIT-PX,2016-08,NCCS Financial Info,Character,10,Source of NCCS Financial Data,Source of financial data added by NCCS (primarily the most recent Form 990 filing as of BMF date from NCCS Core files)
RULEDATE,RULEDATE,BMF-2016-08-501CX-NONPROFIT-PX,2016-08,Other Descriptive Info,Character,6,Ruling date (YYYYMM) from IRS,Ruling date: year and month of IRS ruling or determination letter recognizing orgs exempt status (YYYYMM)
FNDNCD,FNDNCD,BMF-2016-08-501CX-NONPROFIT-PX,2016-08,Other Descriptive Info,Character,6,Reason for 501(c)(3) status,"Reason for & type of 501(c)(3) exempt status including codes for operating and grantmaking foundations, and broad type of public charity"
FRCD,FRCD,BMF-2016-08-501CX-NONPROFIT-PX,2016-08,Other Descriptive Info,Character,6,Filing Requirement Code,Filing requirements code. The 1st 2 characters indicate the requirements for 990/990-EZ forms. The 3rd character = 1 if a 990-PF is required or 0 if not.
SEC_NAME,SEC_NAME,BMF-2016-08-501CX-NONPROFIT-PX,2016-08,Other Descriptive Info,Character,35,Sort Name (Secondary name),Secondary organization name
GEN,GEN,BMF-2016-08-501CX-NONPROFIT-PX,2016-08,Other Descriptive Info,Character,4,Group Exemption Number,Group Exemption Number
LEVEL1,LEVEL1,BMF-2016-08-501CX-NONPROFIT-PX,2016-08,Other Classification,Character,4,Public charity or priv. fndn?,Public charity or private foundation?
LEVEL2,LEVEL2,BMF-2016-08-501CX-NONPROFIT-PX,2016-08,Other Classification,Character,4,Reporting public charity group,Reporting public charity groups.
level3,LEVEL3,BMF-2016-08-501CX-NONPROFIT-PX,2016-08,Other Classification,Character,4,Major NTEE category,Major NTEE category
level4,LEVEL4,BMF-2016-08-501CX-NONPROFIT-PX,2016-08,Other Classification,Character,4,NTEE-CC Major Group,NTEE-CC Major Group
NAICS,NAICS,BMF-2016-08-501CX-NONPROFIT-PX,2016-08,Other Classification,Character,6,NAICS,NAICS Code
ACCPER,ACCPER,BMF-2016-08-501CX-NONPROFIT-PX,2016-08,Miscellaneous,Character,2,Accounting period (MM),Accounting period
randnum,RANDNUM,BMF-2016-08-501CX-NONPROFIT-PX,2016-08,Miscellaneous,Numeric,2,Random number between 0 and 1,Random number between 0 and 1 used for creating samples
